3372.658936 2615.847656 3244.893799 3344.450195
3231.866699 354.050507 3107.197754 1346.898682
3040.151367 1530.377808 2901.292969 2465.455811
3156.067871 530.589539 3027.458252 1524.920410
3040.151367 1530.377808 2901.292969 2465.455811
2954.112793 1622.913086 2813.679443 2558.090820
2387.344238 784.044678 2294.377197 1499.087280
3231.796143 840.604248 3097.844482 1832.865234
4204.708984 1620.425293 4050.449707 2656.283447
3231.758789 671.484741 3101.261963 1663.836426
3231.758789 671.484741 3101.261963 1663.836426
2387.344238 784.044678 2294.377197 1499.087280
2387.399902 2789.036377 2256.164307 3504.679688
926.364624 2842.423340 790.070923 3579.679443
4355.786133 941.702881 4217.807617 1980.789673
3853.584473 1246.525391 3711.549561 2253.875244
3971.095459 755.428406 3839.697266 1763.983398
3854.124756 1530.093506 3705.660889 2539.836182
2954.046631 556.617554 2866.003662 1282.745972
3156.399902 847.525391 3021.819092 1840.431396
2752.989014 1374.222900 2649.858398 2096.383545
3156.412109 1120.932373 3017.284424 2111.871582
3156.412109 1120.932373 3017.284424 2111.871582
3560.065674 834.803650 3427.708984 1828.149170
2927.016357 2921.997314 2793.914062 3637.808838
2927.016357 2921.997314 2793.914062 3637.808838
3559.965088 2822.331055 3427.976074 3552.801025
3371.522217 1282.774902 3229.869873 2273.832275
1588.478271 1211.974976 1479.132446 1972.915161
2927.031006 2836.290039 2795.804688 3553.273193
2927.031006 2836.290039 2795.804688 3553.273193
2388.681152 774.825378 2295.646240 1490.114624
2388.681152 774.825378 2295.646240 1490.114624
3854.773682 621.120239 3726.903809 1622.465820
3559.635498 1665.985962 3417.110107 2611.506348
1764.085449 127.082794 1681.545776 832.090820
4200.015625 573.085999 4071.899170 1593.122314
2927.299561 1108.364136 2786.734375 2103.473389
3156.836426 862.120789 3022.076172 1855.022461
2825.364502 2696.778564 2696.780273 3412.837402
1402.837891 2811.884766 1273.573975 3503.785400
2825.364502 2696.778564 2696.780273 3412.837402
2927.361572 662.947510 2837.549072 1388.726685
1863.475098 1306.369507 1752.499146 2068.495117
2927.361572 662.947510 2837.549072 1388.726685
2927.361572 2907.336670 2794.567383 3623.719238
3039.470947 1200.180664 2897.927734 2191.786865
1586.601318 924.481262 1489.895020 1628.683838
2119.541504 1949.435303 2005.024902 2657.780029
2390.009521 860.125488 2295.852539 1574.719971
2390.009521 860.125488 2295.852539 1574.719971
4741.717285 2445.183594 4616.634766 3195.221436
4360.610352 1519.250122 4208.046875 2567.890381
2390.202881 2791.437988 2259.865479 3506.457275
2927.649414 2926.834229 2794.396240 3642.514160
2503.224609 2450.566406 2379.692627 3163.767090
4361.761719 1275.755005 4215.370605 2320.660645
3558.386963 1400.957275 3414.059570 2396.279053
2824.944092 2622.138916 2697.737793 3339.465088
2624.477051 1983.844360 2509.246094 2702.012207
2624.477051 1983.844360 2509.246094 2702.012207
2117.974121 1956.118408 2003.334351 2663.992920
2502.850830 2582.256348 2376.440430 3294.924316
2390.735596 779.601196 2297.561035 1494.824707
3003.093262 777.284790 2868.919678 1774.233643
4362.068848 1512.839355 4209.546387 2561.668945
4197.062988 1324.103516 4051.064209 2355.937012
4197.062988 1324.103516 4051.064209 2355.937012
4196.393066 1329.134399 4050.559082 2361.361084
3969.093994 612.630493 3841.480957 1618.951538
2824.595215 2891.372314 2692.449951 3605.247559
3157.649658 1761.100830 3013.768066 2700.726074
3969.093994 612.630493 3841.480957 1618.951538
4362.687500 688.133667 4231.260742 1723.087158
4362.934082 1116.284668 4219.720703 2158.818848
3003.620605 338.330322 2920.123535 1064.101074
3968.655029 591.060242 3841.438721 1597.474121
3968.655029 591.060242 3841.438721 1597.474121
3860.271973 782.212646 3728.731934 1785.536011
4363.631836 2313.581055 4239.281738 3064.671387
4363.631836 2313.581055 4239.281738 3064.671387
4363.767578 1159.945557 4220.024414 2203.187744
4195.143066 2432.909424 4066.834961 3200.270020
3228.751221 672.424683 3098.295898 1665.042358
3157.822998 839.583862 3023.374023 1832.727051
3557.197998 1825.724243 3417.535156 2732.890869
4193.675293 773.898376 4060.609131 1796.665894
3861.115479 599.789124 3733.405273 1601.677734
4193.028809 778.702820 4059.943848 1801.506836
4192.661133 517.507507 4065.419922 1536.537231
3158.009766 256.519226 3034.722168 1252.110718
2392.818115 771.911987 2300.238037 1486.114380
3228.278564 594.066772 3098.396973 1587.732910
3861.339600 1426.209595 3715.206543 2435.716553
3367.998291 2617.215576 3240.187500 3345.468750
3464.936279 880.062744 3330.968506 1872.086548
3464.936279 880.062744 3330.968506 1872.086548
2953.057861 2848.468750 2821.541260 3566.527588
3367.882812 117.038429 3248.765869 1108.989258
3367.882812 117.038429 3248.765869 1108.989258
2928.752930 680.337219 2838.510742 1405.133789
4365.423340 2368.500977 4240.867676 3116.354736
2928.752930 680.337219 2838.510742 1405.133789
3158.141602 538.729126 3029.455078 1533.280273
3367.737061 1281.938477 3226.019287 2273.065186
3861.905273 279.269653 3741.062744 1277.855713
3861.905273 279.269653 3741.062744 1277.855713
2393.888672 600.292786 2302.656738 1328.866211
2394.178955 1370.926025 2290.750488 2086.676514
3227.477295 276.892487 3104.533203 1270.860474
3158.352539 1124.086670 3018.931641 2114.990234
4190.701172 1537.812500 4038.764160 2571.664795
1670.395386 1136.952026 1570.628540 1842.929199
1313.558594 1008.525513 1207.197388 1762.215820
3037.670166 1391.098877 2892.753174 2381.211914
4188.272949 552.425659 4060.881592 1571.671265
2929.048584 694.069214 2838.782715 1418.424927
3158.974854 381.103363 3033.431885 1376.186890
3367.004395 670.611084 3237.531250 1662.175537
2929.081543 2901.405029 2796.550049 3617.265381
3159.034180 484.454773 3031.736572 1479.072388
3967.182129 767.262512 3835.735840 1775.646240
3967.182129 767.262512 3835.735840 1775.646240
2929.152344 2923.789795 2796.042725 3639.527344
4368.986328 710.511475 4236.763184 1745.966431
4368.986328 710.511475 4236.763184 1745.966431
3863.875244 1430.220947 3717.739014 2439.889893
2395.916992 771.945740 2303.164062 1486.702026
3554.865723 2846.982910 3422.130859 3577.321777
2396.015381 743.427856 2303.377197 1459.074707
2396.092773 1033.073242 2298.410400 1748.391479
3554.865723 2846.982910 3422.130859 3577.321777
2396.124268 626.404846 2304.235352 1355.806885
3966.698486 725.429260 3835.795654 1733.446655
2822.474365 2653.316650 2694.878662 3370.230469
3864.470703 1033.026367 3727.042969 2038.756348
3966.357666 886.630432 3832.141602 1895.730469
3366.258301 2638.775879 3237.690918 3366.972900
2757.268066 1314.538208 2654.553467 2036.473511
2822.312744 2924.610596 2689.409912 3637.931885
4371.309570 1128.263184 4227.809570 2172.319092
2757.410645 2513.036133 2632.585449 3228.343506
3366.143311 2009.176636 3221.289062 2918.747559
1671.714600 55.550758 1591.305786 758.098999
4371.309570 1128.263184 4227.809570 2172.319092
4371.388184 2140.007324 4251.572266 2891.739746
3037.295410 471.369720 2920.045166 1414.412720
3159.533936 1276.431519 3016.989014 2266.542480
3159.557373 526.799622 3031.230713 1521.120850
4184.023926 812.429871 4050.649170 1835.409668
3004.357666 788.050903 2870.231934 1784.376099
4183.867676 1536.378662 4032.337402 2569.512207
3965.817383 610.212585 3838.136475 1616.660156
4183.125977 819.954041 4049.441650 1842.966187
4183.125977 819.954041 4049.441650 1842.966187
3159.584229 829.938416 3025.183838 1823.336304
3865.226318 1423.769287 3719.170898 2433.483643
3865.226318 1423.769287 3719.170898 2433.483643
3865.301270 507.531799 3740.171631 1508.387329
3965.817383 610.212585 3838.136475 1616.660156
3865.301270 507.531799 3740.171631 1508.387329
3865.301270 507.531799 3740.171631 1508.387329
3554.083252 1441.683105 3408.885010 2436.839111
4372.181152 1080.627319 4230.110840 2123.443115
3159.823486 1119.019287 3020.465332 2109.733887
1873.669922 982.866699 1776.124146 1693.140625
3365.489014 1470.122437 3219.576660 2461.268066
2629.223145 1521.029663 2522.677979 2239.970947
3365.406494 1374.087280 3221.733398 2364.542480
1577.411011 2849.586426 1447.163208 3542.756592
2757.997803 2609.562012 2631.030273 3325.376221
1577.411011 2849.586426 1447.163208 3542.756592
3553.609375 2825.711670 3421.367432 3556.434082
627.963562 2870.473877 497.795502 3547.189941
627.963562 2870.473877 497.795502 3547.189941
3364.927246 126.748917 3245.854980 1118.823730
3866.757080 588.201599 3739.272949 1590.057129
2398.199463 793.945496 2305.209229 1509.059082
3866.757080 588.201599 3739.272949 1590.057129
3553.315430 1354.953979 3410.195068 2349.830078
4180.486328 816.516174 4047.209473 1838.805176
3160.089355 401.172974 3034.482910 1396.194946
2398.281250 734.022461 2306.208984 1449.031250
4180.486328 816.516174 4047.209473 1838.805176
3553.228516 1494.590820 3407.166504 2489.894043
4374.528320 2305.297119 4251.623047 3052.833008
4179.396973 821.471741 4045.808105 1844.071655
4179.022949 1314.414185 4033.256104 2345.030518
3553.056641 245.158478 3432.989746 1236.691528
3965.112305 778.497742 3833.269531 1787.121460
4179.022949 1314.414185 4033.256104 2345.030518
3867.623535 1428.028442 3721.572266 2437.965576
3964.993896 615.021118 3836.847656 1621.576660
4178.946289 1501.356812 4028.210938 2533.998291
4178.946289 1501.356812 4028.210938 2533.998291
3004.804199 2050.817383 2861.842529 2947.379395
3964.667236 762.346191 3833.101318 1770.680786
3160.636963 1839.822876 3015.409424 2781.690186
2821.057617 2193.428955 2702.590576 2909.999756
2821.057617 2193.428955 2702.590576 2909.999756
4375.073730 2279.748291 4252.188965 3029.460938
2930.281494 659.911560 2839.579834 1385.491211
2399.842529 789.603882 2306.680908 1504.493042
3223.858154 1972.535278 3081.434814 2880.177734
4375.250977 2262.116455 4253.195801 3012.565918
3552.064941 2817.183350 3419.957520 3547.733398
3552.064941 2817.183350 3419.957520 3547.733398
3223.706543 625.514099 3093.725830 1618.863403
3160.835938 837.341797 3026.438477 1830.071533
2630.877686 1514.134521 2524.533447 2233.126953
2630.877686 1514.134521 2524.533447 2233.126953
4177.437988 828.427490 4043.837158 1850.895996
2496.403564 326.299469 2412.006592 1042.839722
3160.899170 578.273315 3031.207275 1572.915649
1877.844604 308.458252 1792.064941 1018.200745
2820.854980 1475.243286 2680.966553 2418.372559
2496.248047 425.848358 2409.645020 1147.897583
2496.224121 407.519897 2410.110840 1128.853027
3963.979492 888.853149 3829.765625 1898.055298
2759.300049 2315.823486 2638.259521 3031.191406
1755.056641 865.368469 1659.793701 1574.074341
4376.776367 1311.438232 4229.500977 2358.562500
2759.388428 1442.359131 2654.104248 2163.589600
2400.624268 737.612244 2308.157715 1452.919189
2759.571045 2618.990967 2631.898682 3336.595947
2759.571045 2618.990967 2631.898682 3336.595947
3004.975342 1780.317871 2861.068359 2716.610107
1572.968262 2849.441650 1442.141113 3542.743896
4377.320312 2324.260498 4254.078125 3071.139160
3161.441406 387.511536 3035.765381 1382.316772
3161.441406 387.511536 3035.765381 1382.316772
3363.063965 631.599915 3234.193848 1623.294312
3222.643799 699.940247 3091.525146 1692.665771
3963.724609 621.689697 3835.809326 1628.077026
3222.643799 699.940247 3091.525146 1692.665771
4378.069824 1292.460938 4231.467285 2339.488525
3551.217773 253.538483 3430.734375 1245.480347
4378.069824 1292.460938 4231.467285 2339.488525
2820.453857 2208.738770 2701.604004 2925.774170
2820.435303 1662.063721 2678.682861 2594.358643
2495.061768 2450.724365 2371.401855 3163.531982
3362.527588 2020.168823 3218.406006 2929.547363
1571.619507 2830.338379 1440.541504 3524.037842
4378.334473 506.812531 4250.374512 1539.782593
2494.916748 319.147095 2410.782715 1035.263672
3469.485352 2772.667480 3338.255859 3501.893799
3963.404297 785.046265 3831.688477 1792.701538
3469.549072 1228.506348 3328.647705 2220.772705
4378.720703 2229.399414 4256.458008 2981.531250
4378.851562 1257.726685 4232.967285 2304.182861
3161.731445 1237.782715 3020.325928 2227.845947
3963.311279 722.011353 3832.445068 1729.805786
3871.266602 1541.415283 3722.479736 2552.457764
5216.694824 255.843246 5135.919922 1030.665771
3962.892822 757.346008 3831.695312 1766.198242
4173.481445 844.667786 4039.433838 1867.257202
1881.217651 295.884674 1795.666504 1005.344360
4379.927734 1309.079346 4232.724609 2356.545898
4379.927734 1309.079346 4232.724609 2356.545898
4172.810547 840.439636 4038.797119 1862.555664
3550.582520 1351.100220 3407.698486 2346.044922
2632.682861 2034.963989 2516.036621 2753.278320
2930.680908 2799.419678 2799.995117 3517.372314
4380.424316 1438.832275 4229.561035 2487.982178
3361.600586 1471.636963 3215.905518 2462.486572
3361.600586 1471.636963 3215.905518 2462.486572
3221.953369 738.504639 3090.042480 1730.704224
3221.953369 738.504639 3090.042480 1730.704224
3962.537109 741.972351 3831.405518 1750.143311
2819.834717 2649.286621 2692.051514 3366.290771
2819.814941 2212.681641 2700.885498 2929.227051
4381.234863 1083.570557 4239.126465 2127.133545
2930.739502 2867.462891 2798.221191 3584.987305
2930.739502 2867.462891 2798.221191 3584.987305
3872.000000 977.746277 3735.607666 1983.305908
2930.739502 2867.462891 2798.221191 3584.987305
2930.772461 671.430908 2840.450195 1397.080078
3035.460205 1200.330933 2894.028076 2192.096924
3162.765869 1134.009277 3023.116211 2124.823975
2930.860596 2746.632324 2801.128418 3464.360352
3549.714844 1523.579590 3402.891357 2519.449219
4171.095703 858.634766 4036.580322 1881.342651
2930.870361 2770.555908 2800.918213 3488.319092
2951.093750 548.665344 2862.998291 1275.147705
4382.098633 1260.045654 4235.810547 2306.759521
3873.081055 595.478882 3745.634033 1597.723877
3873.081055 595.478882 3745.634033 1597.723877
4169.979004 894.707642 4034.870605 1917.666992
3549.297363 189.732895 3430.306152 1180.696411
4382.265137 1455.073486 4231.201660 2504.546875
3549.195068 342.049957 3426.532715 1334.142212
4169.827637 1217.972168 4026.696533 2246.218506
4382.311035 2107.919678 4263.299805 2854.306641
1883.846558 440.869476 1796.159058 1151.209595
1883.846558 440.869476 1796.159058 1151.209595
3548.990234 1356.897339 3406.117676 2351.665039
4169.660156 682.123657 4038.877686 1701.795166
4382.637695 1312.384277 4235.453125 2360.010254
4382.644531 1460.066162 4231.125977 2510.868652
3873.666504 830.526428 3741.217529 1834.810913
3873.666504 830.526428 3741.217529 1834.810913
3163.309570 295.186249 3039.467285 1290.156006
2818.978516 2910.824707 2686.212158 3624.309814
4168.321777 901.065735 4032.614502 1923.980713
3163.309570 295.186249 3039.467285 1290.156006
4168.321777 901.065735 4032.614502 1923.980713
3961.552734 642.249084 3832.939209 1649.222290
2761.554199 1312.851562 2658.840820 2034.815308
2761.554199 1312.851562 2658.840820 2034.815308
3961.480957 561.905334 3835.199707 1567.523560
3961.480957 561.905334 3835.199707 1567.523560
3874.604492 1382.666382 3729.626709 2392.085938
3163.523682 484.537415 3036.138672 1478.724854
3163.523682 484.537415 3036.138672 1478.724854
4697.507812 2430.562012 4573.349609 3179.523193
4697.507812 2430.562012 4573.349609 3179.523193
2761.858154 1367.965210 2658.073486 2089.902588
3360.404785 1400.433716 3216.484375 2391.036865
1567.060425 2826.705811 1435.780640 3520.686768
3220.641113 2391.024414 3097.084229 3117.500977
3960.759521 849.584839 3827.865967 1858.474243
3164.078613 1128.089722 3024.855957 2118.685791
4384.596191 1463.949463 4232.627441 2515.179688
3359.843506 160.368546 3240.021484 1152.791016
3359.843506 160.368546 3240.021484 1152.791016
1566.796753 2846.070557 1436.280029 3539.719727
1566.796753 2846.070557 1436.280029 3539.719727
2405.146484 731.428650 2313.112793 1446.127319
2405.146484 731.428650 2313.112793 1446.127319
2818.535400 2216.876221 2699.589355 2933.177246
2931.261963 2759.794922 2801.352051 3477.380127
2405.750000 1079.436523 2307.109863 1794.560181
2818.360596 2889.665283 2685.972656 3603.174561
1677.235229 1587.072388 1566.667847 2301.148682
3359.688965 1170.024902 3220.146484 2161.160156
2762.167725 2502.218018 2637.386719 3217.760254
2762.167725 2502.218018 2637.386719 3217.760254
3220.501709 837.463928 3086.567871 1829.898682
2406.013184 789.294250 2312.973633 1504.347046
3359.389893 2624.668213 3231.053223 3352.885986
2406.365234 773.673645 2313.615479 1488.628052
3359.332764 154.699829 3239.653809 1146.601807
643.677979 2878.448975 513.241760 3555.749023
4385.383301 507.554230 4256.718262 1541.135010
2818.175049 2438.455566 2694.257568 3156.543945
4385.383301 507.554230 4256.718262 1541.135010
3359.138672 668.308594 3229.577393 1659.601318
2635.605225 1929.192017 2521.253662 2647.605225
2635.605225 1929.192017 2521.253662 2647.605225
3546.936279 2816.572754 3414.787354 3546.991211
2762.502686 2587.932129 2636.037842 3303.826172
4165.498047 977.693726 4028.068115 2001.575317
4386.249023 2199.506104 4264.797852 2951.627686
2762.502686 2587.932129 2636.037842 3303.826172
2762.502686 2587.932129 2636.037842 3303.826172
2931.676758 2817.344238 2800.537842 3535.066895
4165.474609 530.426636 4038.353760 1547.642944
3164.488525 48.943893 3045.150635 1045.866089
3220.179688 704.476318 3088.412598 1697.399414
3006.297363 981.901611 2868.259521 1976.831909
1887.796143 264.766205 1802.477661 973.794189
1393.419800 1106.976196 1288.891113 1840.479126
4164.142090 548.077026 4036.823242 1565.816895
4164.142090 548.077026 4036.823242 1565.816895
4164.142090 548.077026 4036.823242 1565.816895
2931.734375 682.221252 2841.816895 1407.004028
2762.890625 2380.733643 2638.850098 3107.103271
2408.150146 770.214966 2315.441406 1485.171753
2408.150146 770.214966 2315.441406 1485.171753
1888.543091 260.224335 1803.419434 969.669861
3219.891602 2386.806885 3096.057861 3113.195801
3545.713623 2506.177490 3419.282471 3239.782959
3164.992920 1235.073853 3023.295654 2224.995850
2817.143555 2223.386963 2697.949951 2939.794434
3358.170898 1404.046631 3214.151855 2394.650391
3472.902588 1301.676514 3330.929932 2294.502930
2408.535645 782.622620 2315.694092 1497.854004
3358.118164 1280.102173 3216.375000 2271.075684
3358.118164 1280.102173 3216.375000 2271.075684
1563.873047 195.881180 1480.472046 896.588684
4389.087891 1400.375000 4239.507324 2449.482910
4163.060059 890.954895 4027.884521 1913.479492
4389.087891 1400.375000 4239.507324 2449.482910
4163.060059 890.954895 4027.884521 1913.479492
2950.440430 2896.651123 2817.851562 3612.960205
2950.440430 2896.651123 2817.851562 3612.960205
3357.957031 870.076111 3223.653076 1861.614502
3877.371582 430.528076 3753.980469 1431.137573
4162.595215 974.046509 4024.916992 1997.858032
2636.891357 1921.027954 2522.682617 2639.256836
2636.891357 1921.027954 2522.682617 2639.256836
3877.371582 430.528076 3753.980469 1431.137573
4162.595215 974.046509 4024.916992 1997.858032
2409.284912 2840.297607 2278.846436 3549.663574
3877.819580 811.151489 3745.719971 1815.033936
2490.208008 405.946472 2403.941162 1127.181030
1326.776001 2797.809082 1198.044067 3489.365723
3958.088623 1190.708984 3816.830566 2203.870361
3165.438965 1122.776733 3026.192383 2113.710449
2103.574951 2103.798096 1986.764648 2810.437988
3165.646484 531.409729 3037.331055 1525.391846
4391.031738 1388.587891 4241.872070 2437.829102
3473.693359 272.847168 3352.840576 1263.789795
4391.192383 2283.737305 4268.368652 3030.587646
3878.471436 804.903381 3746.526855 1809.215698
2932.110596 667.093323 2841.926514 1392.499878
3958.056152 643.341980 3829.777100 1650.416992
4161.513672 873.011963 4026.619141 1895.409790
3543.220215 223.148834 3423.669189 1214.589600
3543.203125 2819.937012 3411.012207 3550.348145
3165.845703 614.929321 3035.706787 1609.118896
4160.941406 898.493347 4025.191650 1920.912109
3543.203125 2819.937012 3411.012207 3550.348145
3474.168945 2834.239258 3341.164062 3562.985596
4393.160156 2114.267578 4274.166504 2860.476562
3166.085938 370.309723 3040.854980 1365.343140
3166.097900 1276.218140 3023.613525 2266.401611
2764.068115 2601.154297 2637.204834 3317.170654
4160.624023 965.395508 4023.086426 1989.093750
4160.468262 318.326019 4038.083496 1332.136963
2815.736084 2911.101318 2683.183838 3624.695312
2815.716553 2617.285645 2688.574707 3334.484131
1328.565063 2793.487061 1199.675171 3484.330566
2102.577393 2111.818848 1985.302246 2818.609375
3166.372803 388.155914 3040.848633 1382.965210
2932.476074 2921.438965 2799.508789 3637.356445
2932.476074 2921.438965 2799.508789 3637.356445
3356.024902 1420.588623 3211.571533 2411.256836
2412.225830 736.459229 2319.851318 1451.386353
2412.225830 736.459229 2319.851318 1451.386353
4158.224609 864.131836 4023.845215 1885.573120
3879.976562 520.789246 3754.947021 1521.774048
3542.118164 2825.763428 3410.033691 3556.260254
3542.118164 2825.763428 3410.033691 3556.260254
3166.666016 1270.565308 3024.440918 2260.508789
4157.884277 912.813293 4021.770264 1935.349976
3879.976562 520.789246 3754.947021 1521.774048
1559.739868 2824.084229 1429.326172 3517.843750
1893.571777 246.737625 1809.067505 956.191589
1893.571777 246.737625 1809.067505 956.191589
2764.534668 2581.032715 2638.513916 3297.209229
3880.042480 793.703552 3748.157959 1797.255493
3218.591064 452.484863 3092.375732 1445.798096
3166.867432 775.111328 3033.519287 1768.213379
3033.548828 1196.945801 2892.125488 2188.827637
1559.239380 2856.938721 1428.145752 3550.783447
3880.160889 1355.352905 3735.692383 2365.405273
3475.463623 872.531250 3341.717041 1864.967285
2932.625244 2793.577148 2802.097656 3510.980713
2050.611816 2281.038330 1930.837158 2985.420166
4156.076172 888.300964 4020.561768 1910.146240
3007.292725 779.831482 2873.472168 1776.643677
2764.924805 1443.497314 2659.872803 2165.013672
2487.311279 2443.944336 2363.810547 3156.165039
2949.758057 1177.489136 2808.076172 2171.069336
3167.522949 1232.757446 3025.918945 2222.860107
2764.994385 1430.887207 2660.032471 2152.435791
4397.590332 1009.267151 4256.736816 2053.031738
2414.311768 1197.567749 2313.427734 1912.807861
2101.426758 686.056030 2009.555176 1401.348022
1558.125854 2829.759277 1427.507324 3523.809326
3167.561279 481.363159 3040.170654 1475.575317
1557.920410 1453.981934 1452.123291 2153.624023
2414.589844 740.436829 2322.465088 1455.376221
2414.589844 740.436829 2322.465088 1455.376221
3218.273193 960.193604 3081.938965 1951.344482
3218.126953 923.976746 3082.514404 1915.334961
3354.798584 1602.407715 3214.499023 2543.388672
3476.277832 1899.277466 3334.058594 2811.962158
3218.072998 622.676147 3088.232666 1616.323120
4399.380859 1676.112061 4241.622559 2730.112061
655.169189 1541.836182 549.407227 2221.507568
4399.595703 2114.072754 4281.027832 2860.633057
4399.595703 2114.072754 4281.027832 2860.633057
4154.415527 1347.652344 4007.804932 2376.830322
2641.197021 2175.700439 2522.671143 2890.316406
4154.291016 860.623291 4019.642578 1881.665405
3881.810303 1540.404297 3733.013916 2552.138916
2933.105957 2891.731445 2800.666016 3608.182617
3881.983643 552.556641 3755.870850 1554.445557
3168.182373 827.404968 3033.921387 1820.200195
2933.266113 2811.596924 2802.444336 3528.794678
4153.627441 914.844177 4017.869385 1936.819824
2933.266113 2811.596924 2802.444336 3528.794678
2486.103027 383.410858 2401.160156 1099.418213
3353.734863 2600.796631 3226.188965 3328.838135
3168.389893 619.425110 3038.381348 1613.556396
4400.674316 516.431091 4272.234863 1551.209839
3168.389893 619.425110 3038.381348 1613.556396
3882.293945 2252.513428 3733.931641 3163.513916
2641.843018 2401.799316 2518.865967 3115.793457
3168.520996 860.212524 3033.655762 1853.178833
3168.520996 860.212524 3033.655762 1853.178833
2416.084717 734.175049 2323.889160 1449.098389
3883.000732 633.434265 3754.804443 1636.923584
4152.042480 851.804932 4018.356934 1872.871948
2416.308838 2452.284668 2292.288818 3163.838135
3538.720459 1207.479858 3398.498535 2201.384521
2416.637207 1040.148926 2319.072266 1756.201782
4151.646484 1209.278198 4008.762695 2235.491211
4151.557617 872.911987 4016.976562 1894.271240
4151.557617 872.911987 4016.976562 1894.271240
3008.275879 1709.406372 2865.158691 2647.799316
3538.408691 230.960358 3418.632812 1222.009644
4402.944336 2160.764160 4283.350098 2911.229248
2766.265625 2598.489990 2639.800537 3314.346680
3216.899902 711.347046 3085.422852 1703.906250
3883.490479 514.315857 3758.597656 1515.710693
3008.275879 1709.406372 2865.158691 2647.799316
2933.593262 660.415955 2843.450439 1386.114990
3168.967285 1215.760498 3027.974365 2206.010742
3168.967285 1215.760498 3027.974365 2206.010742
2417.396729 727.888489 2325.449463 1442.768311
3216.771240 2099.614258 3072.822510 3000.202881
2643.076660 2459.947266 2517.530029 3183.804932
2766.397705 1436.055664 2661.374756 2157.150635
2766.397705 1436.055664 2661.374756 2157.150635
3352.193115 2581.001465 3224.570801 3309.063232
2099.656982 2037.595459 1983.444458 2744.985107
3537.282471 727.462952 3407.466064 1719.986206
1388.930054 2798.246826 1260.205444 3490.113525
3351.890869 1759.481445 3213.130371 2670.087646
3351.890869 1759.481445 3213.130371 2670.087646
3169.307861 1274.114868 3026.947266 2264.291260
2484.974121 2416.020020 2362.122803 3128.227783
3952.946045 528.691589 3827.722656 1532.875610
3351.888184 1044.202271 3214.913086 2035.206421
1553.794312 1453.219116 1448.284912 2155.065918
3884.178955 1028.502319 3746.634033 2034.918945
1741.455444 183.004074 1657.947388 887.758972
2053.496826 2274.912598 1933.707397 2979.045654
2484.335938 2450.083252 2360.400879 3162.782227
2484.335938 2450.083252 2360.400879 3162.782227
3169.517578 1267.956909 3027.328613 2257.922119
2418.685791 736.952820 2326.659912 1452.028442
2418.685791 736.952820 2326.659912 1452.028442
3536.605225 2804.149414 3404.700928 3534.351074
3536.598877 339.529694 3413.998535 1331.491943
2948.948242 2757.393799 2819.191406 3475.741943
3215.953125 588.947693 3086.640381 1582.610840
3536.181885 2808.972168 3404.091064 3539.383545
2767.416504 2594.123779 2640.939941 3310.008789
3536.083740 328.010986 3413.851562 1320.036133
4147.423340 858.735474 4013.237793 1879.513428
3215.892822 934.507446 3079.893555 1926.313354
2644.368164 1594.592773 2535.596436 2318.954590
3215.880127 462.963226 3089.369873 1456.689331
3215.779785 620.033691 3085.857178 1613.912354
1901.990723 2788.276367 1772.602905 3490.128174
1552.238647 493.630096 1463.514160 1194.419067
3351.150391 1425.018555 3206.663330 2415.599609
2054.163086 2234.073730 1934.639893 2939.514893
3351.044189 2611.133789 3223.316650 3339.677734
4146.644531 1023.960876 4008.152832 2046.496094
3351.000488 2585.346680 3223.737793 3313.362061
3351.000488 2585.346680 3223.737793 3313.362061
4407.435059 714.625183 4274.360840 1753.616577
2419.632080 718.823914 2327.637695 1434.308228
3350.923828 2575.638916 3223.732178 3303.813721
4146.014648 877.515747 4010.477295 1898.408691
3885.373535 2519.540771 3755.383301 3270.203613
1387.255371 2809.352539 1258.039673 3501.046387
4643.521484 394.571899 4516.290527 1447.441040
3479.111328 544.775452 3354.167725 1525.607666
3170.077881 533.147705 3042.261475 1527.030762
3170.106201 468.317871 3043.202881 1462.761719
3170.106201 468.317871 3043.202881 1462.761719
3170.289795 533.025391 3042.261475 1527.030762
4145.241699 1033.737549 4006.933838 2056.855469
3885.557373 777.814453 3754.095947 1782.418457
4409.330078 2168.950439 4288.295898 2919.155762
4409.375000 511.536469 4280.607910 1546.772217
3479.586182 1337.290283 3336.388916 2329.848877
2811.158447 2643.159668 2683.749756 3359.810791
2811.158447 2643.159668 2683.749756 3359.810791
4144.563477 1213.685425 4001.121338 2239.629639
4144.563477 1213.685425 4001.121338 2239.629639
3885.705811 1118.841553 3746.151611 2126.351318
3886.049561 1997.598022 3738.771240 2934.237793
140.629456 800.455872 47.342136 1470.156982
140.629456 800.455872 47.342136 1470.156982
844.165833 1983.679443 729.950684 2666.431885
3479.684326 1312.630493 3337.537598 2305.608643
844.165833 1983.679443 729.950684 2666.431885
843.966919 1965.555420 730.793945 2648.339600
2768.206055 2588.768555 2641.689453 3305.018311
4410.838379 2141.843750 4291.276855 2889.103516
4638.412598 389.699646 4511.541016 1441.945435
1904.386841 217.613541 1819.879639 929.674255
3170.760010 273.576843 3047.484863 1268.480469
3170.837891 759.481262 3037.967773 1752.311890
2810.561768 2896.610107 2678.241943 3611.427490
3171.120850 426.054077 3045.185303 1420.686646
841.620667 1980.344238 727.503113 2662.870361
4637.607910 395.823975 4510.135254 1447.941040
4142.932129 912.414795 4006.686768 1933.573486
4142.932129 912.414795 4006.686768 1933.573486
1336.638306 2814.063965 1207.440430 3505.139893
1549.948608 1446.009766 1444.395142 2148.593262
3886.863281 518.481506 3761.771484 1519.576782
3214.437988 754.326477 3082.126465 1746.697876
3171.409424 328.210907 3047.311035 1322.696777
4142.180664 297.559845 4020.484619 1309.704346
4142.180664 297.559845 4020.484619 1309.704346
2096.846680 2136.231201 1979.259033 2842.712891
4141.851074 998.791870 4004.061768 2021.064575
4412.620117 714.868408 4279.511719 1754.447632
3171.530029 1631.955444 3029.928467 2573.753418
4413.286621 2166.478516 4292.993652 2916.018311
2934.357178 1049.866333 2794.914307 2046.079468
3171.620850 370.501343 3046.505127 1365.025146
2810.051514 2438.327637 2686.040527 3156.569580
2096.361572 2748.030762 1967.828491 3451.626465
4634.329590 644.317810 4500.159668 1702.949097
147.454147 2727.429688 19.934435 3395.066406
2056.085449 2243.228516 1936.423096 2948.526611
2056.085449 2243.228516 1936.423096 2948.526611
3533.704834 224.671417 3413.850830 1215.910278
3533.704834 224.671417 3413.850830 1215.910278
670.688721 1092.417847 572.279114 1773.176147
2481.097412 376.466888 2396.043457 1093.060059
3481.360352 1339.698120 3338.564453 2332.337402
3171.886719 539.747131 3043.454590 1533.969727
2056.507324 2118.584229 1938.739258 2827.056152
3213.946777 350.182709 3089.437012 1343.981689
3213.946777 350.182709 3089.437012 1343.981689
3533.288330 340.284698 3410.749512 1332.037842
671.272705 1098.776978 571.026062 1779.520264
3172.331055 251.427261 3049.355469 1246.886475
4139.196777 1141.430176 3997.959229 2165.756104
3010.070557 765.819946 2876.300537 1762.384399
2647.550781 2171.158447 2528.647217 2886.993164
2647.550781 2171.158447 2528.647217 2886.993164
3532.570557 1430.808228 3388.025391 2425.714355
2647.667725 2081.085693 2530.338379 2799.623535
2647.667725 2081.085693 2530.338379 2799.623535
2480.713623 811.196228 2387.792969 1528.137817
2480.713623 811.196228 2387.792969 1528.137817
3481.551758 2870.262695 3348.057129 3598.100342
3481.551758 2870.262695 3348.057129 3598.100342
4138.574219 313.637756 4016.187744 1326.131714
3172.795166 751.295959 3039.907471 1744.557617
4138.133301 895.447998 4002.785400 1916.197388
4138.130859 300.201630 4016.367188 1312.146362
3888.986572 1036.344971 3751.530518 2043.553345
3172.929199 851.260071 3038.047119 1844.168579
672.780212 1101.991943 573.334961 1782.726196
1338.614990 2797.016113 1209.840698 3488.629883
152.483566 833.559570 58.606354 1503.124756
3347.400391 209.190857 3226.739990 1201.210815
673.485718 1096.436157 574.494995 1776.452759
2648.050781 2398.714355 2525.459717 3112.666016
2648.118652 1874.484619 2534.770508 2593.570312
3889.220703 529.834351 3764.243652 1531.671997
3531.942139 190.546219 3412.716797 1182.060303
3010.240967 1536.935547 2870.900146 2471.868164
3531.844971 2801.916748 3399.566895 3532.550537
3531.844971 2801.916748 3399.566895 3532.550537
2770.533203 2521.179688 2645.333496 3236.843994
3212.877197 431.628143 3086.733643 1425.186768
2934.901367 656.440308 2845.115234 1381.582275
674.425964 1090.555420 575.584961 1771.221558
674.425964 1090.555420 575.584961 1771.221558
3482.292969 2745.490723 3351.049805 3475.004150
3889.322021 2634.329590 3757.306641 3390.212158
4136.791992 1195.225098 3994.260742 2220.069092
3212.543213 401.060913 3087.155762 1394.547363
3889.829346 526.521423 3764.701904 1527.555176
3482.325928 265.026367 3361.438232 1256.177002
3482.344971 1277.902588 3340.738037 2271.297119
2807.924316 1618.269043 2667.151611 2550.427490
156.340256 804.361328 62.740974 1474.156494
2771.043213 2595.610352 2644.372314 3311.576660
2771.043213 2595.610352 2644.372314 3311.576660
4624.166992 2352.556641 4501.336426 3101.059326
2807.777100 2640.426758 2680.131104 3357.226807
3173.890625 1192.772705 3033.523438 2182.912354
3173.890625 1192.772705 3033.523438 2182.912354
4623.367676 345.248932 4497.589844 1394.270874
4623.367676 345.248932 4497.589844 1394.270874
3212.152100 360.908203 3087.541748 1354.890137
2807.219482 2636.439209 2679.721924 3353.087646
3212.152100 360.908203 3087.541748 1354.890137
4424.955566 869.380859 4287.087891 1912.914795
2807.187744 2332.401855 2684.061279 3060.203125
4425.408691 512.620117 4296.530762 1549.203735
3345.945312 214.875046 3225.557129 1205.851562
2935.262695 2895.276855 2802.545166 3611.525146
2425.499268 2761.086426 2296.304932 3471.441650
3947.611572 1070.154053 3809.138428 2080.844238
1909.639526 967.672913 1812.359497 1678.675293
4134.025879 2316.139404 3984.174072 3234.447754
3174.429199 1563.205200 3034.373291 2502.316650
4133.937500 319.627197 4011.674805 1332.270752
3174.563965 1237.617432 3033.197510 2227.718262
3029.299316 780.079041 2895.845215 1776.452026
3174.604004 453.341217 3047.914795 1447.809937
2935.396484 2846.322021 2803.599609 3564.658936
4427.878906 879.413574 4289.812500 1923.691040
3529.531250 967.078125 3394.207764 1960.416260
2478.609863 805.752258 2385.696777 1522.503174
2478.609863 805.752258 2385.696777 1522.503174
3483.180664 1344.425903 3340.081787 2337.180420
3211.952881 523.517517 3084.195068 1516.855225
2935.491211 1053.426880 2795.995850 2049.206543
3529.276367 547.467041 3410.166748 1493.456543
3345.216553 1421.391113 3200.756104 2411.552246
2650.430176 1866.912842 2537.200439 2585.588379
3345.216553 1421.391113 3200.756104 2411.552246
3528.880371 2836.754883 3395.962646 3566.251465
3211.664551 952.535767 3075.539795 1943.512939
3211.664551 952.535767 3075.539795 1943.512939
3528.880371 2836.754883 3395.962646 3566.251465
3211.652100 345.788208 3087.328125 1339.638672
2427.243164 685.270508 2336.100586 1400.202271
3211.652100 345.788208 3087.328125 1339.638672
2947.875732 2785.968994 2817.432373 3503.883789
2806.057373 1626.180664 2664.867188 2559.146729
4429.305176 873.131409 4291.654297 1916.682495
3892.383301 516.922791 3767.361816 1518.521851
3011.613281 264.699310 2929.041992 990.295105
1543.480347 924.781738 1446.821045 1627.615601
3211.506104 1037.896973 3073.749756 2029.221069
1543.480347 924.781738 1446.821045 1627.615601
3344.558594 1424.621338 3199.917480 2415.289062
3211.506104 1037.896973 3073.749756 2029.221069
2772.578369 1357.892944 2669.109375 2079.565430
2772.578369 1357.892944 2669.109375 2079.565430
3211.375977 2355.554688 3087.915039 3084.577393
2935.714600 2906.184570 2802.899658 3621.990967
4131.403809 1207.301636 3988.565430 2232.538818
4131.077148 1473.496704 3981.040039 2502.530762
4131.077148 1473.496704 3981.040039 2502.530762
3175.558594 743.171509 3042.888428 1736.180054
3893.557861 2255.610596 3744.549805 3166.562500
3894.424805 474.898438 3769.516846 1476.694336
4131.003906 120.886574 4024.007812 1060.898438
3175.906494 401.035034 3050.442383 1395.415894
3344.390869 2588.634033 3216.903564 3316.747070
3894.915039 598.696289 3767.208252 1602.019653
3344.274414 660.806641 3214.632324 1652.591919
3176.081055 371.298401 3051.096436 1365.708496
2477.211426 2729.308105 2345.367920 3456.717773
3210.886719 871.467834 3076.470947 1863.235352
167.810272 806.849182 74.270294 1477.009888
2805.138184 2918.305176 2672.241211 3633.116455
2477.065918 2295.897949 2356.055908 3009.198730
2477.065918 2295.897949 2356.055908 3009.198730
3344.053711 2596.570557 3216.634277 3324.411621
2651.882080 2785.101807 2521.606445 3498.107178
2651.882080 2785.101807 2521.606445 3498.107178
3210.800781 369.081268 3086.030762 1362.806396
3210.800781 369.081268 3086.030762 1362.806396
2773.253174 1318.947144 2670.624268 2041.270508
3895.821289 503.393188 3770.888184 1505.321899
3944.093262 1084.726807 3805.489014 2095.436035
2936.154297 2750.737061 2806.380859 3468.698486
2773.317871 2377.164307 2649.305420 3104.189697
3895.821289 503.393188 3770.888184 1505.321899
3343.696533 2565.003418 3216.488525 3293.228271
1913.386475 918.003784 1816.417847 1628.717529
4434.811523 791.978882 4298.699219 1834.979370
2804.652344 2895.492432 2671.849365 3610.937256
3895.857178 591.480469 3768.562988 1594.614014
1541.459351 772.453369 1448.031494 1474.537476
3484.732910 2751.985840 3353.642090 3481.585449
2773.541016 1375.184570 2669.627197 2097.269531
3484.732910 2751.985840 3353.642090 3481.585449
3526.372559 784.984619 3394.703613 1778.382568
4128.730957 744.306641 3997.637451 1762.115967
3484.797607 1339.482544 3341.968018 2332.452148
3484.797607 1339.482544 3341.968018 2332.452148
3177.187012 617.802612 3047.122803 1611.947632
1541.315063 863.619568 1445.203613 1566.036255
3943.067627 1072.813843 3804.653564 2083.293945
4128.443359 855.489197 3994.777588 1874.821167
3343.243164 1279.060791 3201.305664 2269.611572
2773.879639 1351.791748 2670.426758 2073.538574
2773.879639 1351.791748 2670.426758 2073.538574
2773.909912 1102.850708 2674.393799 1832.061157
2652.903320 2770.168701 2523.076904 3482.596191
2652.903320 2770.168701 2523.076904 3482.596191
2652.903320 2770.168701 2523.076904 3482.596191
3177.302734 1235.496948 3035.966797 2225.492432
1381.337891 1118.703003 1275.821289 1854.657104
3177.359375 1028.784668 3039.852295 2020.341064
3342.929443 2579.384033 3214.986816 3306.859375
3342.929443 2579.384033 3214.986816 3306.859375
3177.449219 404.648865 3051.778809 1399.155151
3177.587402 1564.382690 3037.595703 2503.542236
3028.245117 1196.307739 2886.641846 2188.209229
2936.416260 2778.405029 2805.997559 3496.388184
3942.350342 598.654297 3814.997070 1603.970215
4127.443359 1471.030273 3977.558350 2499.515869
2653.455078 2058.883301 2536.868896 2777.503662
3209.949951 835.362915 3075.709229 1828.078491
4127.348145 1209.012085 3984.494873 2233.811768
3942.350342 598.654297 3814.997070 1603.970215
4607.338867 425.566925 4479.854980 1475.923706
3525.484375 2810.578369 3393.534424 3540.864014
3525.484375 2810.578369 3393.534424 3540.864014
3012.153809 1781.871338 2868.019043 2718.404785
3178.208008 1155.500732 3038.602783 2145.896729
2803.677002 1209.136353 2702.758057 1932.284912
3012.153809 1781.871338 2868.019043 2718.404785
3209.665527 1571.333984 3069.623779 2511.137939
3209.665527 1571.333984 3069.623779 2511.137939
3485.973877 183.490311 3367.019775 1174.570679
4442.830566 688.706665 4309.505371 1730.568970
4127.043457 1088.828003 3987.582031 2111.468506
3486.126709 2847.231689 3352.956543 3575.601807
2430.958496 2758.657471 2301.773926 3468.547119
4604.610840 2472.047119 4478.740234 3220.306641
4604.610840 2472.047119 4478.740234 3220.306641
3941.557861 643.886780 3812.966064 1649.522583
2803.401367 2436.073975 2679.660156 3153.806396
3524.872559 1785.648315 3385.163574 2699.090088
4604.262695 455.937592 4475.381348 1506.461182
3178.727295 271.849731 3055.703125 1266.582520
3524.872559 1785.648315 3385.163574 2699.090088
2654.359863 2798.218018 2524.167725 3510.685791
4126.516602 302.075867 4004.863037 1313.335693
3178.783203 267.203674 3055.749023 1262.020264
1538.612549 938.156738 1441.651611 1640.481812
1538.612549 938.156738 1441.651611 1640.481812
3209.223877 964.096375 3072.748535 1955.000977
2774.963379 2592.365234 2648.609863 3309.195068
2774.986328 1322.643311 2672.121338 2044.996460
3897.483154 2239.260986 3749.033691 3150.817383
3209.223877 964.096375 3072.748535 1955.000977
2947.230957 1694.960449 2804.467041 2632.608398
4125.702148 863.669556 3991.258301 1883.011963
4446.055176 2645.886475 4316.429688 3389.501465
3941.408447 1446.543335 3794.269775 2461.328613
4125.550293 291.799377 4004.081299 1302.761963
3179.000732 622.729675 3049.170898 1616.625244
3486.621338 176.604797 3367.458984 1167.809204
4125.550293 291.799377 4004.081299 1302.761963
4125.362305 858.456909 3990.888428 1877.860596
2936.673340 659.996155 2846.797119 1385.325317
2062.833984 2230.716064 1943.438721 2935.681641
3208.951660 332.206299 3085.041504 1325.844360
3208.939453 750.410095 3076.653076 1743.191528
3340.900635 664.220520 3211.335693 1655.921631
3208.939453 750.410095 3076.653076 1743.191528
3340.798096 157.688522 3221.390381 1149.745117
3940.812744 602.780701 3813.488525 1607.860596
3340.798096 157.688522 3221.390381 1149.745117
4125.012207 1068.451538 3986.108398 2090.634277
2474.022217 678.837463 2383.270508 1394.948608
4124.918945 1085.117432 3985.577881 2107.577393
4124.918945 1085.117432 3985.577881 2107.577393
4450.657715 719.439758 4316.551758 1762.262207
3898.341309 440.736481 3774.387939 1442.332031
2473.800049 2431.420654 2350.782227 3143.114746
3940.670410 1080.597900 3802.016846 2091.070801
3940.667480 688.895386 3810.604248 1695.268799
4451.622559 389.604462 4326.336914 1425.796265
3179.410156 386.034882 3054.170166 1380.307007
3179.410156 386.034882 3054.170166 1380.307007
4452.132324 1179.686279 4306.111328 2231.494873
3487.479492 2758.862305 3356.034912 3488.233643
3487.479492 2758.862305 3356.034912 3488.233643
3208.677490 979.522705 3071.810791 1970.562134
3487.865723 2900.357178 3354.136719 3627.926758
3487.865723 2900.357178 3354.136719 3627.926758
4123.175781 958.776306 3986.097412 1979.562744
2433.474609 1112.784546 2334.627441 1828.675293
4453.910645 1102.981689 4310.325195 2153.479492
4123.121094 1209.097046 3980.028076 2233.490967
3488.144775 2748.331055 3357.142090 3478.029541
2433.706787 2762.715576 2304.406494 3473.070557
3488.144775 2748.331055 3357.142090 3478.029541
3899.913574 1273.295166 3756.977295 2283.450195
2946.940186 2857.836182 2815.179443 3575.689209
4597.780273 2272.319580 4476.405273 3019.231934
4597.780273 2272.319580 4476.405273 3019.231934
2434.057861 683.419861 2342.745361 1398.575073
2435.021240 2847.043945 2304.325684 3556.836426
2472.897705 2438.770020 2349.427002 3150.868652
1379.101562 2812.941650 1250.072266 3505.082764
4455.457031 428.678101 4329.291992 1465.796509
2776.586670 1339.469360 2673.439453 2061.284180
2937.333496 643.376465 2847.480225 1368.531982
3939.984863 1069.212891 3801.478271 2079.269043
3901.445801 452.636902 3777.543701 1453.982422
3901.445801 452.636902 3777.543701 1453.982422
3013.203857 993.658142 2875.120361 1988.112793
4121.067383 1471.156372 3971.640869 2499.097656
3520.796631 2720.404053 3390.800537 3451.120605
3181.544189 275.471375 3058.363281 1270.136963
3901.543457 471.867157 3776.636719 1474.084839
3207.790039 1039.940186 3069.775391 2031.231201
3901.667725 434.961487 3778.043213 1436.769287
2800.341553 2896.946777 2667.539307 3612.100830
3181.695801 336.839447 3056.917969 1330.380493
3207.689453 971.012329 3071.072510 1962.081787
4120.886230 863.783508 3986.428711 1882.787964
3181.695801 336.839447 3056.917969 1330.380493
2937.567627 2898.179199 2804.848877 3614.065430
1534.149780 946.812073 1437.320801 1649.166626
2471.625244 544.022644 2381.405273 1265.957886
2471.625244 544.022644 2381.405273 1265.957886
4120.441406 917.327637 3984.680664 1936.858643
4120.438965 1208.130737 3977.486572 2232.114502
4120.415527 859.826294 3986.780273 1878.936279
3939.262695 621.191895 3811.662354 1626.358276
3939.262695 621.191895 3811.662354 1626.358276
3207.168213 348.523071 3082.900879 1342.399902
3520.001221 395.349335 3399.235107 1373.269043
4591.928711 2274.319092 4469.870117 3021.519287
2946.467773 2846.915771 2814.877197 3564.473877
3338.163330 2064.658691 3194.284424 2966.084473
4591.623535 370.514923 4465.155762 1418.261475
3338.163330 2064.658691 3194.284424 2966.084473
3902.705078 1267.263428 3759.956543 2277.256348
3490.104492 2910.239746 3355.703369 3637.640625
2937.984375 2787.113281 2807.454346 3505.019775
3182.161377 270.500427 3059.124512 1265.147461
3182.161377 270.500427 3059.124512 1265.147461
2799.551758 2634.252930 2672.384033 3350.816895
2799.551758 2634.252930 2672.384033 3350.816895
2799.540527 1211.629150 2698.435547 1934.841064
4118.415039 908.995728 3982.435791 1928.567871
2777.822998 1334.507935 2674.795898 2056.542480
3938.702393 616.987610 3810.921143 1622.198364
1377.361450 1171.540161 1267.979004 1922.585449
2658.765869 1619.240601 2548.903320 2345.758301
3206.859375 447.163696 3080.567627 1440.323730
3938.502686 599.804504 3810.734863 1605.415771
3025.702148 2349.395752 2903.347168 3072.106445
3904.021240 438.549011 3780.365479 1440.344360
4118.055664 1126.571533 3977.187744 2149.374756
3519.338379 1275.206177 3377.556641 2269.091797
3337.256348 659.377014 3207.554443 1651.406372
3938.327393 458.000763 3813.776611 1461.487305
3206.755371 1567.064453 3066.549805 2506.670898
3491.020508 1951.900513 3349.303223 2857.746582
2659.453857 2779.877686 2529.202393 3492.060791
2659.453857 2779.877686 2529.202393 3492.060791
3182.747070 1029.812866 3045.031982 2021.571289
2778.115967 1380.221558 2673.814453 2102.457275
4116.910156 892.374207 3981.811768 1911.811279
4116.695312 871.822021 3982.174316 1890.713257
4467.260254 638.533264 4334.950195 1681.130249
4116.043945 849.622498 3981.870850 1868.076294
3183.011963 625.332520 3053.039307 1619.287842
3183.011963 625.332520 3053.039307 1619.287842
1531.220947 1374.900513 1422.979004 2110.780273
1724.435425 1571.497437 1616.568726 2274.962402
3206.262207 1036.576904 3068.047119 2027.765015
3206.262207 1036.576904 3068.047119 2027.765015
3183.355957 456.275085 3056.582031 1450.299438
4115.174805 1296.451416 3970.432129 2321.488525
2798.636230 2894.057373 2665.916748 3609.002930
2798.636230 2894.057373 2665.916748 3609.002930
3206.098633 834.004395 3072.018555 1826.644287
4115.056152 1246.932373 3971.386475 2271.502686
4115.056152 1246.932373 3971.386475 2271.502686
3206.072754 524.675964 3078.369873 1517.999146
3937.055420 696.143677 3807.026611 1702.290771
4115.029297 1139.629272 3973.822510 2162.330566
3183.438477 704.619568 3051.778320 1697.654785
2439.343750 1088.158569 2341.125488 1803.974854
1376.098999 988.850098 1269.540649 1739.443970
2660.344238 2767.488525 2530.760498 3480.305420
3335.976562 665.990051 3206.361328 1657.599243
3335.976562 665.990051 3206.361328 1657.599243
2660.520752 2783.607910 2530.481201 3496.342285
3904.735596 561.521484 3778.623047 1564.799438
2945.885010 1179.864380 2804.176025 2173.648682
3517.636963 1251.657104 3376.350830 2245.360840
3184.222656 824.421204 3050.265137 1817.572876
2778.871338 1746.344116 2635.586914 2677.642822
4113.799316 1626.892700 3961.337402 2655.569336
3184.222656 824.421204 3050.265137 1817.572876
4471.153320 259.315491 4365.787598 1179.092163
3905.739990 448.048340 3781.464111 1450.171509
2945.885010 1179.864380 2804.176025 2173.648682
2778.938477 1323.075562 2676.237305 2045.249390
2778.938477 1323.075562 2676.237305 2045.249390
2440.077148 2853.165283 2308.786133 3563.118408
3205.580078 437.966034 3079.353271 1432.228149
210.463989 2786.365967 81.353767 3458.306396
3184.648193 277.902252 3061.522705 1272.592651
3335.407471 2571.380127 3208.084229 3299.101318
3205.580078 437.966034 3079.353271 1432.228149
3335.407471 2571.380127 3208.084229 3299.101318
3184.648193 277.902252 3061.522705 1272.592651
4112.962402 950.043884 3976.174805 1969.562378
3205.500000 577.891174 3076.302002 1571.915771
4112.604004 1155.162109 3970.687988 2177.908447
4112.604004 1155.162109 3970.687988 2177.908447
1925.578003 2878.637939 1795.066528 3577.185791
2797.711670 2901.085693 2664.785889 3616.415771
3184.670410 486.765747 3057.458984 1480.552979
2779.154541 1328.127319 2676.117188 2050.438232
1353.221680 985.989929 1246.168091 1741.409912
2779.343018 1341.146606 2676.044678 2063.313965
2440.682861 2848.010010 2309.698730 3557.801025
2440.682861 2848.010010 2309.698730 3557.801025
4112.392090 837.763367 3978.731201 1855.816895
4111.970215 1160.146851 3970.212891 2182.383301
3906.379639 637.898987 3777.994873 1641.967896
2468.055420 515.088318 2379.662598 1237.240723
4111.738770 1466.265381 3962.612061 2493.359619
2797.338623 1215.019287 2696.229248 1938.049927
2938.998047 2780.778809 2808.370117 3498.895996
2938.998047 2780.778809 2808.370117 3498.895996
2779.758057 1338.163452 2676.561279 2060.102783
2779.766602 1376.701294 2675.921387 2098.963867
2779.766602 1376.701294 2675.921387 2098.963867
3185.160645 339.113770 3060.976807 1333.344360
3185.160645 339.113770 3060.976807 1333.344360
4474.623047 635.620605 4341.963867 1679.125244
2066.417725 2189.708496 1947.585815 2895.556641
3334.676025 165.510391 3214.703369 1157.873901
2467.179932 2438.743408 2343.965332 3150.743408
4110.642090 849.575562 3976.269043 1867.874268
2066.417725 2189.708496 1947.585815 2895.556641
3936.124268 1083.367188 3797.752197 2093.495117
4110.450684 91.947403 4008.256104 1005.528625
2466.834717 519.526672 2378.198975 1241.710083
3024.627930 1713.536133 2881.835205 2652.262207
3936.124268 1083.367188 3797.752197 2093.495117
4110.139160 846.733521 3976.483643 1864.828979
3334.082764 2581.393555 3206.721924 3309.087158
2083.305908 2123.517578 1965.967529 2829.676514
2662.544678 2778.879639 2532.406250 3490.876709
3493.933594 1651.030518 3352.055176 2595.549072
3185.547119 1629.761597 3044.227051 2568.899170
2662.610840 2109.054688 2544.624512 2829.520264
3014.667969 989.613953 2876.838135 1984.172119
2780.387451 1738.267578 2637.085938 2669.727051
3185.711670 268.758911 3062.490479 1263.330811
3185.711670 268.758911 3062.490479 1263.330811
2939.318115 2776.176270 2809.189697 3494.207764
3908.382812 679.064575 3779.048096 1683.232300
2442.464355 2765.521240 2312.823730 3475.922852
2796.022461 2905.445557 2663.386475 3620.291260
3908.382812 679.064575 3779.048096 1683.232300
3333.460938 662.194031 3203.870117 1653.829102
4478.987305 622.911804 4347.171875 1666.848877
3203.897217 365.873627 3078.490234 1359.451660
3203.897217 365.873627 3078.490234 1359.451660
2442.607910 2798.082275 2311.593506 3513.682861
2945.091797 1173.876587 2803.448730 2167.772949
4108.690918 1573.459351 3957.700439 2601.373291
2939.377930 1692.593018 2796.268311 2630.161133
3935.328369 1756.012329 3791.052734 2708.379395
4479.317871 633.035583 4346.888672 1676.991333
4479.317871 633.035583 4346.888672 1676.991333
2939.404297 1175.305786 2797.910156 2169.890381
4108.536621 1473.681152 3959.192871 2500.679443
2945.091797 1173.876587 2803.448730 2167.772949
3186.564941 1038.376465 3048.957031 2029.707153
3186.580078 1138.448486 3047.193359 2128.698486
4108.502441 913.433655 3972.898926 1932.402222
2465.360840 445.671875 2378.906982 1162.062134
1355.098633 1189.446045 1243.820190 1945.484497
1355.098633 1189.446045 1243.820190 1945.484497
3514.028564 1016.627625 3378.162842 2009.838623
3934.799072 1920.748413 3794.521729 2833.911133
3203.534424 392.430359 3078.168701 1386.303711
3187.565674 623.829102 3057.695068 1617.173340
3203.152344 460.142914 3076.466553 1454.748413
3203.152344 460.142914 3076.466553 1454.748413
2939.608643 2790.726807 2808.971191 3508.527344
2939.608643 2790.726807 2808.971191 3508.527344
3187.911621 271.395660 3064.705322 1266.241821
2939.634766 607.449890 2850.361328 1333.547241
3187.911621 271.395660 3064.705322 1266.241821
4482.780273 623.157654 4350.489258 1667.046875
3187.981445 574.305603 3058.792480 1568.400757
2939.634766 607.449890 2850.361328 1333.547241
3188.103027 830.975281 3053.572998 1823.921265
3202.913086 571.679871 3073.416260 1565.054565
3909.877441 1883.562134 3768.629639 2803.016357
3202.842285 554.380615 3074.407227 1548.010498
2794.643311 1358.335938 2690.795898 2084.378418
4106.379395 842.035889 3972.738281 1859.665649
4106.379395 842.035889 3972.738281 1859.665649
3332.475342 2574.640869 3205.339844 3302.669434
2781.854980 1368.271606 2677.960205 2090.143799
3202.685059 867.020142 3067.909912 1859.390381
4106.279785 1184.385132 3963.995605 2207.376221
4106.279785 1184.385132 3963.995605 2207.376221
2444.661133 623.655701 2354.828369 1339.194458
2664.427490 2142.309814 2545.885254 2858.965088
3202.619141 550.275879 3076.211670 1544.585449
1698.180176 1349.513184 1585.037964 2116.966553
3933.930664 623.026306 3805.968018 1628.232300
3910.317627 1186.791260 3769.274170 2196.440674
3188.611084 388.976837 3063.284424 1383.075928
2939.807861 705.526855 2848.878418 1431.375244
4105.222168 1188.808716 3962.774414 2211.256104
4105.221191 112.621338 4002.743164 1026.019409
4105.221191 112.621338 4002.743164 1026.019409
1524.029297 768.763794 1431.050293 1470.303467
3512.062012 636.648193 3389.737061 1582.890625
4104.852051 879.865601 3969.305908 1898.360474
2665.005127 2769.146729 2535.187988 3482.020264
2665.054443 2086.061279 2547.423096 2805.552002
4104.792969 89.566490 4002.650635 1002.993530
3202.166992 353.695404 3077.524414 1347.675903
1930.860474 2789.334229 1801.717285 3488.784424
2793.935547 1380.421997 2689.255127 2104.575439
2445.617432 1060.344116 2347.810059 1776.526611
3933.015869 1484.004272 3785.175537 2498.694580
2782.552734 1339.283325 2679.649658 2061.152832
1523.463013 1148.671753 1416.157593 1911.220947
1523.463013 1148.671753 1416.157593 1911.220947
2944.442139 2772.036621 2814.567139 3489.696289
4103.650879 846.458374 3969.452637 1864.035156
3932.842773 540.072083 3807.376953 1543.802979
4103.631836 83.528000 4001.775391 996.683289
2446.072510 617.256104 2356.285156 1333.034302
3201.782471 466.968445 3075.097412 1460.753784
2446.072510 617.256104 2356.285156 1333.034302
3201.724609 830.966736 3067.452393 1823.775146
3201.724609 830.966736 3067.452393 1823.775146
3201.560547 574.971863 3072.377197 1568.719849
3511.089355 1257.904419 3369.471436 2251.505859
3932.596191 635.442139 3804.285400 1640.615601
4102.972168 875.230652 3967.581787 1893.099854
1931.901245 64.432907 1850.993286 774.054688
1931.901245 64.432907 1850.993286 774.054688
3331.050293 953.900879 3195.473633 1944.971680
3913.785156 638.509338 3785.318359 1642.891968
4102.624512 859.084656 3968.399902 1876.759277
1370.830322 1051.870239 1264.766235 1799.961426
4102.624512 859.084656 3968.399902 1876.759277
2783.257324 1326.346436 2680.392822 2048.382324
2446.947510 533.375122 2358.312744 1252.807739
3914.025146 839.181519 3781.357178 1845.390747
3190.866211 385.665466 3065.560547 1379.731934
2447.409668 575.848389 2358.536621 1291.861816
3200.664062 519.913574 3072.873047 1513.058594
1370.469849 2803.797852 1241.172119 3495.140137
2447.541016 620.669312 2358.071777 1336.622681
3200.595703 632.132202 3070.697754 1625.384399
4101.422852 2746.287109 3966.354248 3508.462646
2447.551025 696.521301 2356.114990 1411.970947
3022.543457 2054.874023 2878.930908 2951.682129
2079.432373 2137.431396 1961.679932 2843.775635
1933.540283 2933.426514 1801.896362 3631.923584
3191.206543 447.364594 3064.863525 1441.126465
3497.920898 2856.597900 3364.562988 3585.232910
3509.681152 633.949036 3388.423096 1580.090210
3330.536377 253.474304 3209.040039 1245.920288
2461.527344 526.050964 2372.493896 1249.321655
3330.536377 253.474304 3209.040039 1245.920288
3916.222412 1884.819092 3774.963135 2804.404053
3932.036377 443.527710 3807.422852 1446.703491
4099.913574 885.623535 3964.584473 1903.720337
3916.407227 1917.690308 3771.104004 2855.962646
3916.407227 1917.690308 3771.104004 2855.962646
2079.300049 2123.311768 1961.742432 2830.046875
3191.919678 279.002136 3068.740967 1273.718872
3916.630371 436.997009 3793.044678 1439.599243
3916.630371 436.997009 3793.044678 1439.599243
3191.919678 279.002136 3068.740967 1273.718872
3199.892090 126.391220 3079.602051 1121.637451
3509.033203 396.331238 3387.408691 1373.569580
2941.039062 2784.467285 2810.666992 3502.344971
2941.039062 2784.467285 2810.666992 3502.344971
3199.777832 400.150848 3074.331787 1393.859375
2449.100830 579.002014 2359.897949 1295.069214
2449.100830 579.002014 2359.897949 1295.069214
3192.580811 547.199890 3064.491455 1540.061279
4099.021484 140.905731 3996.243408 1054.229736
3192.636475 349.823242 3068.138428 1343.718384
3329.621338 1426.328125 3184.894531 2416.035400
3199.597656 555.602539 3070.983154 1549.171631
3199.572510 341.348938 3075.494141 1334.741333
4098.766602 862.376160 3964.129395 1880.147217
3931.362793 462.405609 3806.633545 1465.825562
3192.833496 1636.200439 3051.266113 2575.478760
3329.212158 660.801819 3199.655273 1652.443115
2790.930176 1264.762573 2688.970215 1987.282593
2790.930176 1264.762573 2688.970215 1987.282593
3499.371338 1098.382324 3361.433105 2091.437012
2450.256348 699.226746 2359.208252 1414.877563
3328.897461 2534.190674 3202.483398 3262.250244
1935.577148 2786.517822 1806.404419 3486.020020
252.468430 46.004520 173.648300 717.084717
3017.730713 265.659424 2935.358154 991.271484
1519.591797 771.611511 1426.638184 1473.092651
1935.752686 2790.248779 1806.967529 3489.669434
3507.350830 1653.712036 3366.074951 2598.520996
2941.494141 2759.648682 2811.490723 3477.307861
3017.782227 686.931152 2885.579590 1684.331299
2450.881348 582.333740 2361.964355 1298.423462
2450.881348 582.333740 2361.964355 1298.423462
4096.282227 878.786926 3960.989746 1896.498291
3328.493652 2567.691162 3201.338867 3295.808838
3199.073486 386.790100 3073.727295 1381.124268
2784.892578 1748.529053 2641.439941 2679.991943
3193.706787 1239.604858 3051.705811 2229.404297
2451.319336 618.044800 2361.526611 1334.284790
3020.815674 70.410118 2942.511230 796.007080
3198.920166 1241.136963 3056.981445 2231.148193
3020.815674 70.410118 2942.511230 796.007080
3020.815674 70.410118 2942.511230 796.007080
4094.380371 2007.976929 3951.335205 2922.964111
1518.185669 852.845581 1422.214355 1554.266357
2459.213623 562.106140 2370.762939 1278.380737
2077.308105 2131.913086 1959.500977 2838.516113
256.741638 49.164616 177.595917 720.151978
257.357361 49.620850 177.595917 720.151978
3020.588867 684.674927 2888.387451 1681.294434
3327.610107 2530.446289 3201.219482 3258.017822
4508.497559 935.750427 4369.081055 1987.907349
4508.595215 2481.997314 4382.578613 3227.016846
4508.595215 2481.997314 4382.578613 3227.016846
1937.964600 2781.125244 1809.161865 3480.387939
2789.490723 1271.136597 2687.536377 1993.776245
2452.374512 577.048645 2363.581787 1293.314697
3020.581299 263.119171 2938.484375 988.715698
3921.018311 1881.492676 3779.851074 2801.494141
3327.458740 976.000305 3191.620605 1967.045654
2943.069580 2788.243896 2812.447266 3506.020752
3194.933350 496.294128 3067.623779 1489.757202
2943.069580 2788.243896 2812.447266 3506.020752
3928.132812 843.896973 3795.482422 1850.655273
2452.816406 592.013123 2363.514160 1307.951416
3194.974121 340.610352 3070.685303 1334.847778
2452.816406 592.013123 2363.514160 1307.951416
3195.043213 380.045929 3069.905029 1374.248657
4509.519531 2496.296387 4382.902344 3242.306152
3327.197021 2576.509277 3199.725586 3304.469238
3327.162109 1428.427368 3182.590332 2418.212402
4510.196289 939.784912 4370.435059 1992.448486
2458.401367 2432.589355 2335.056396 3144.529785
2458.401367 2432.589355 2335.056396 3144.529785
4510.951172 1191.483154 4364.893555 2249.167969
3195.393066 830.701416 3060.950928 1823.343140
4091.170410 797.532104 3958.408691 1813.500122
3195.432617 1024.686279 3057.785645 2016.204224
3195.447998 2364.638916 3071.986572 3093.806152
3195.447998 2364.638916 3071.986572 3093.806152
2788.518066 1723.143066 2645.466064 2655.678955
2788.518066 1723.143066 2645.466064 2655.678955
3195.501465 1242.809204 3053.547852 2232.898926
2453.178955 587.549744 2364.243652 1303.029419
2453.178955 587.549744 2364.243652 1303.029419
3195.539795 1033.783203 3057.811035 2025.337769
2453.417969 622.089233 2363.583984 1338.056274
3195.657959 623.155884 3065.913818 1616.973755
2457.521484 569.025757 2369.021973 1284.984619
1515.654419 767.679016 1422.315063 1468.849243
2457.521484 569.025757 2369.021973 1284.984619
2453.813965 677.838257 2363.401855 1393.374268
4513.353027 858.322754 4375.014648 1910.221680
4089.704102 873.709961 3954.491211 1890.936768
2942.301514 1181.319702 2800.505127 2174.759766
3196.121582 548.301147 3067.568604 1542.119385
1363.890503 2796.050049 1233.852661 3488.217529
3197.599365 627.844604 3067.753174 1621.238403
1363.890503 2796.050049 1233.852661 3488.217529
3326.487549 718.352234 3195.618164 1710.053345
3196.162598 272.308838 3073.116211 1266.958252
4548.737793 691.549438 4414.957520 1742.653809
1711.441650 1066.624878 1612.179321 1773.463867
4088.770020 887.699219 3953.020752 1905.110718
3501.869141 453.643372 3378.919678 1433.909302
2671.201172 2402.960205 2548.614990 3117.625732
2671.201172 2402.960205 2548.614990 3117.625732
2942.815430 2752.669922 2812.752441 3470.967529
3924.918457 455.690430 3800.327637 1458.598389
4547.874023 354.562378 4422.179199 1397.766357
268.169159 833.520691 174.777725 1506.147217
3924.918457 455.690430 3800.327637 1458.598389
4516.295410 827.614014 4378.465820 1878.225830
3923.219238 641.126282 3794.944580 1646.080811
2786.827881 1267.107544 2685.308350 1989.870361
2786.827881 1267.107544 2685.308350 1989.870361
2074.590088 2144.454590 1956.665161 2850.626709
3923.309082 845.710449 3790.378174 1852.140747
2455.218018 503.907501 2366.794189 1224.519897
3502.622070 2894.966309 3368.716553 3622.922852
4517.054199 840.668213 4379.229980 1891.841309
2455.218018 503.907501 2366.794189 1224.519897
4087.375244 1280.588623 3944.106445 2303.623047
3196.864746 581.194336 3067.658691 1575.389282
3325.599121 1331.919434 3183.035400 2322.096680
3325.586670 174.617706 3205.261719 1167.388672
3923.309082 845.710449 3790.378174 1852.140747
2455.413086 686.974731 2364.889648 1403.232666
2942.528076 2778.061768 2812.192139 3496.291748
2455.413086 686.974731 2364.889648 1403.232666
2787.179688 1730.485474 2644.047119 2663.028809
4086.750488 578.701965 3958.707275 1591.942139
3324.869873 979.496155 3188.963867 1970.232178
2672.299561 2435.573242 2547.106934 3159.472168
3324.520264 2533.584717 3198.017578 3261.364502
3324.504150 795.499268 3191.827637 1787.013794
3324.306885 728.893433 3193.169434 1720.563477
3324.238281 987.064331 3188.232422 1977.857178
3324.219238 1430.076294 3179.718262 2419.778076
4344.868164 502.001953 4217.157227 1532.574829
1662.099121 1975.918945 1547.340820 2677.157715
4344.288574 2875.206787 4210.592773 3615.132568
4342.282715 1256.060791 4196.459961 2299.138428
4340.500000 1214.221191 4195.932617 2256.429932
4521.543945 11.448929 4421.272949 931.090820
4339.617676 1265.919800 4193.859863 2308.143311
4337.179199 1243.523071 4191.397461 2285.848145
4523.092773 1101.863892 4379.528809 2159.089600
4337.179199 1243.523071 4191.397461 2285.848145
2673.532959 1581.659668 2565.661377 2301.511963
2673.532959 1581.659668 2565.661377 2301.511963
4336.887695 2480.628906 4210.504395 3227.246582
4083.731689 1268.660889 3940.054688 2290.701660
1657.943726 935.513977 1561.046387 1641.249023
1657.943726 935.513977 1561.046387 1641.249023
1657.943726 935.513977 1561.046387 1641.249023
4525.201172 2485.704590 4398.565918 3232.058594
4525.201172 2485.704590 4398.565918 3232.058594
4334.070312 2495.708984 4208.328125 3241.399170
1944.843262 2801.277100 1815.759888 3500.850342
4331.976562 1279.255005 4185.950195 2321.571533
3322.905029 800.859985 3189.953369 1792.455200
3322.905029 800.859985 3189.953369 1792.455200
4083.212158 462.008331 3958.171631 1472.902832
4083.079346 829.050781 3948.988037 1845.059082
3322.680664 2543.675537 3196.170166 3271.988281
4082.818604 581.550110 3955.030029 1594.531494
4082.818604 581.550110 3955.030029 1594.531494
281.843964 836.216675 188.089081 1509.274780
281.843964 836.216675 188.089081 1509.274780
4082.720947 1960.044678 3940.176270 2874.528320
4328.989746 2878.066650 4195.041504 3617.870605
4328.989746 2878.066650 4195.041504 3617.870605
3322.366455 295.676758 3199.822754 1288.769653
4328.501465 1282.226318 4181.844727 2324.552246
4328.501465 1282.226318 4181.844727 2324.552246
3322.260986 806.493530 3189.286865 1797.916138
3322.260986 806.493530 3189.286865 1797.916138
1783.607910 816.740295 1689.327881 1526.080444
1708.340942 1627.394775 1599.322754 2330.583740
4324.953613 1237.815430 4179.673340 2279.056885
1708.340942 1627.394775 1599.322754 2330.583740
4324.468262 1661.200195 4169.108887 2707.977051
4323.167969 2022.410034 4202.824219 2794.242188
3321.826904 1337.358154 3179.143799 2327.591064
1651.963257 513.204285 1562.474365 1217.620850
4081.199219 810.484497 3947.965088 1826.171265
4081.199219 810.484497 3947.965088 1826.171265
4319.363281 1386.856323 4170.239258 2429.847412
1947.091309 39.109138 1866.256348 748.749329
1788.098633 1246.366699 1676.412231 2016.999146
3321.147705 135.634552 3201.670898 1128.112305
4316.672852 1360.319336 4167.604980 2403.161377
4316.514648 904.444946 4179.022461 1939.951172
3320.917236 2535.782471 3194.546143 3263.885010
4316.049316 1236.965942 4170.679688 2277.332764
3320.917236 2535.782471 3194.546143 3263.885010
1790.400024 702.997864 1697.877563 1412.469727
4834.430664 2452.799561 4709.466309 3204.280029
4837.406250 483.036530 4751.740234 1248.878174
4079.934082 1973.199097 3936.856201 2887.767334
4314.176270 504.609222 4186.417480 1532.318237
290.521179 814.998779 195.402374 1487.134888
290.521179 814.998779 195.402374 1487.134888
4312.729492 1379.826904 4163.372559 2422.283691
4312.692871 1239.732056 4167.356934 2279.933838
4312.692871 1239.732056 4167.356934 2279.933838
4079.783936 668.050171 3949.838623 1681.815918
4079.783936 668.050171 3949.838623 1681.815918
4312.550293 1280.087402 4166.247070 2320.927734
4312.541504 1308.580688 4166.020508 2349.935547
4312.541504 1308.580688 4166.020508 2349.935547
3373.269775 1370.033081 3230.176270 2361.062012
3373.269775 1370.033081 3230.176270 2361.062012
4311.837891 2119.690430 4188.363281 2889.468994
4311.380859 1312.714111 4164.422852 2353.844238
4311.380859 1312.714111 4164.422852 2353.844238
1507.415283 2794.341064 1377.320679 3488.649170
1507.415283 2794.341064 1377.320679 3488.649170
4310.812500 1389.416138 4161.587891 2431.323242
4310.812500 1389.416138 4161.587891 2431.323242
2620.325439 2428.486084 2497.058594 3142.293213
1644.328247 157.803543 1561.461670 859.935791
4310.309082 2592.115234 4182.528320 3337.494629
3319.892822 2524.180664 3193.682861 3252.132812
3319.892822 2524.180664 3193.682861 3252.132812
3319.892822 2524.180664 3193.682861 3252.132812
1507.179077 853.808350 1411.722656 1554.723389
3374.561768 1374.702148 3231.079346 2365.666016
3374.833252 2610.247314 3247.103027 3338.743164
3374.833252 2610.247314 3247.103027 3338.743164
4850.479004 423.473053 4765.407227 1192.823364
2677.210449 1703.558960 2566.999756 2423.699219
4854.092285 453.453003 4769.134277 1218.447754
4855.338867 1650.312256 4745.698730 2409.505127
3319.350098 1434.465942 3174.715820 2423.986572
4855.338867 1650.312256 4745.698730 2409.505127
4306.439941 538.406006 4178.490234 1566.093994
4306.439941 538.406006 4178.490234 1566.093994
3319.228027 2550.623779 3192.559082 3278.842285
3319.228027 2550.623779 3192.559082 3278.842285
4077.242188 604.281677 3948.546143 1617.074219
3375.479004 2645.166260 3246.761719 3373.801758
4861.448242 345.774841 4777.314453 1115.297363
4861.448242 345.774841 4777.314453 1115.297363
4861.599121 337.636932 4778.106445 1108.199341
4861.599121 337.636932 4778.106445 1108.199341
4076.886719 1283.310425 3932.807373 2305.561523
4076.886719 1283.310425 3932.807373 2305.561523
4076.845947 841.613159 3942.737305 1856.730103
1951.353760 2706.497803 1824.105347 3406.808594
3375.992920 2623.099365 3247.788574 3351.486816
4075.954346 875.853088 3940.505615 1891.957886
4075.954346 875.853088 3940.505615 1891.957886
3376.136719 1102.951172 3237.812012 2093.597900
3318.936523 815.771423 3186.002930 1807.049561
1639.695435 1952.132324 1525.092529 2653.846436
4075.843750 1503.531738 3926.625977 2528.231201
298.052338 815.903320 203.413895 1489.002563
4075.843750 1503.531738 3926.625977 2528.231201
3318.681641 1010.358826 3182.203369 2001.053711
3318.604004 2563.980469 3191.685303 3290.986572
4300.710449 538.290649 4172.940918 1565.440186
3318.604004 2563.980469 3191.685303 3290.986572
4075.153809 1412.761230 3928.143066 2435.961426
3376.691650 1080.302490 3239.262451 2071.190430
4300.107422 549.417664 4171.870117 1576.781250
3376.841064 2619.423096 3248.684570 3348.002930
4074.974365 1270.404297 3931.719482 2292.084961
2616.963623 2116.933350 2498.926025 2834.803467
4299.580078 1434.810303 4149.006836 2476.715576
4299.532227 544.885986 4171.902344 1572.348389
2616.914551 185.523300 2536.202393 903.241638
2616.914551 185.523300 2536.202393 903.241638
4299.159180 696.539917 4167.579102 1726.483154
2616.666992 2030.802856 2500.256348 2748.522461
2616.666992 2030.802856 2500.256348 2748.522461
4298.400879 534.365784 4170.639160 1561.524536
4074.689453 616.592285 3945.782471 1628.942383
4874.081543 181.337875 4793.110352 958.253845
4876.196289 2472.496338 4750.211914 3224.767334
4876.196289 2472.496338 4750.211914 3224.767334
4296.672363 1431.866821 4146.846191 2473.338379
4878.242188 276.295929 4795.831543 1047.494507
4296.077148 1438.398682 4145.743164 2479.675537
4880.215332 280.684143 4797.828125 1051.958740
4880.215332 280.684143 4797.828125 1051.958740
4295.439453 888.796814 4158.463867 1921.944702
4073.935547 1092.295654 3934.476318 2111.639160
4295.175781 697.226257 4163.572266 1726.775757
302.829834 690.501831 210.835098 1363.140259
303.251770 900.364258 206.400925 1573.195679
4884.683105 268.696259 4802.657715 1039.866333
4884.683105 268.696259 4802.657715 1039.866333
4293.415527 1435.109131 4142.934082 2476.238037
4293.415527 1435.109131 4142.934082 2476.238037
2615.090088 2112.821777 2497.213867 2830.575439
2615.090088 2112.821777 2497.213867 2830.575439
4292.586914 1637.107300 4138.782715 2680.802734
304.814819 889.337036 208.478394 1562.334961
4289.939453 2015.561646 4170.037598 2785.970703
4072.642334 1402.575684 3925.603516 2425.442383
4072.530273 94.619545 3970.316895 1007.149780
4289.558594 2043.326050 4168.782715 2813.148438
1503.264404 856.132507 1407.740723 1557.114990
2613.924072 2041.895386 2497.349365 2759.443359
3379.479980 136.607574 3260.523193 1128.456421
1809.289917 972.682983 1712.074585 1681.727661
3379.479980 136.607574 3260.523193 1128.456421
4896.165527 2477.067383 4770.772461 3230.156982
4896.165527 2477.067383 4770.772461 3230.156982
3380.046387 1286.121948 3238.378906 2277.379883
1954.914673 2754.025391 1826.346191 3454.638184
2679.979004 2020.675903 2563.888916 2739.920654
3316.654785 2518.349854 3190.670166 3246.248291
2680.003418 2101.763916 2562.145996 2821.285400
308.044830 762.072510 214.316818 1434.911377
1502.541870 875.844727 1406.466675 1576.653809
4285.694824 750.308105 4151.618652 1780.354248
309.580688 881.229919 214.008209 1552.966797
4284.427246 1498.943115 4132.850098 2539.875732
4284.427246 1498.943115 4132.850098 2539.875732
309.747559 886.555054 213.274811 1559.086182
4283.889160 1454.920166 4133.540039 2495.692627
4283.889160 1454.920166 4133.540039 2495.692627
4283.882324 760.841675 4149.601562 1790.757690
4283.882324 760.841675 4149.601562 1790.757690
4283.666992 1487.581421 4132.182617 2528.884521
4283.666992 1487.581421 4132.182617 2528.884521
4282.895996 2220.462158 4159.287598 2991.763672
3380.901367 291.756897 3258.641113 1284.016235
3380.901367 291.756897 3258.641113 1284.016235
3380.975586 1984.514526 3237.357910 2894.486084
1501.716064 860.790833 1406.229004 1561.489746
311.726105 848.617920 216.474060 1521.787354
311.726105 848.617920 216.474060 1521.787354
3381.555176 484.203033 3254.597900 1478.116089
312.514404 883.597412 216.474579 1556.214722
4277.602051 2038.021484 4156.913086 2807.082275
2610.712402 2038.612671 2493.924316 2756.544189
4277.397461 698.018372 4145.718262 1726.264771
4276.801758 1422.885132 4127.481934 2462.636230
313.328003 841.973450 218.290192 1515.331299
4276.801758 1422.885132 4127.481934 2462.636230
4276.657227 1534.386353 4124.166504 2575.573730
2681.030029 1297.491943 2578.412598 2017.975342
2681.030029 1297.491943 2578.412598 2017.975342
4273.944336 1519.301514 4121.653320 2559.719727
3382.343262 1289.382446 3240.980713 2280.237305
314.825714 832.067993 220.090469 1505.403564
1957.630615 578.741394 1868.196289 1290.479004
1957.630615 578.741394 1868.196289 1290.479004
3315.285400 2522.959717 3189.153809 3251.007568
4271.870117 689.960571 4140.679688 1717.395630
4269.656738 630.517700 4140.298340 1656.777222
4269.656738 630.517700 4140.298340 1656.777222
3315.012939 127.621269 3195.628662 1119.968140
1500.300293 2792.090576 1370.131104 3486.304688
4268.262207 493.352417 4141.108398 1517.626465
3383.439453 726.808838 3252.340088 1718.203857
4945.792480 32.530796 4868.754395 805.035400
4265.859863 1517.856934 4113.800781 2557.729980
4265.859863 1517.856934 4113.800781 2557.729980
1620.838989 2012.508423 1505.367065 2713.196533
4067.417480 1538.802246 3917.159180 2563.339844
4265.179199 629.803650 4135.531250 1655.569458
1620.582397 927.079529 1524.184570 1632.184692
1958.271240 2704.565918 1831.093872 3404.748535
4260.637207 369.054443 4137.257812 1389.765747
4260.637207 369.054443 4137.257812 1389.765747
4066.333740 852.411621 3931.689453 1867.669189
318.430756 833.147766 223.923096 1506.019531
4259.500977 1516.970337 4107.916504 2556.400635
4066.296875 1547.340210 3915.828857 2571.965576
2607.801514 2470.534180 2482.245117 3193.973389
319.028198 751.563110 225.112610 1424.429810
4258.109375 2347.021729 4130.663086 3117.096680
319.330536 757.590088 225.093719 1430.541504
2607.564941 2070.347168 2490.583008 2787.250732
2607.564941 2070.347168 2490.583008 2787.250732
3385.013184 271.457642 3263.246338 1263.534180
4973.847168 1682.779419 4863.327637 2443.805664
4973.847168 1682.779419 4863.327637 2443.805664
4251.291992 495.897827 4124.486816 1518.262939
1498.451172 877.890442 1402.789429 1578.837036
4250.664551 2212.694092 4126.003418 2981.790039
1613.388184 809.981567 1518.591919 1518.703613
322.424347 755.085205 228.548859 1427.932129
4246.821289 2240.184814 4121.399902 3008.921143
4246.821289 2240.184814 4121.399902 3008.921143
3313.293945 2533.669189 3186.901367 3261.432129
2606.039307 2192.804443 2487.157959 2906.934814
4064.446777 1337.991699 3918.756836 2360.009521
3313.293945 2533.669189 3186.901367 3261.432129
4245.664551 2872.957031 4111.262695 3614.158203
2606.039307 2192.804443 2487.157959 2906.934814
3386.227783 1334.404541 3243.617676 2325.260498
324.122406 692.135681 231.214157 1365.140381
4063.324707 1219.095337 3921.223877 2239.141602
4240.120605 545.928589 4112.677246 1568.192139
4239.111328 1570.985962 4086.153564 2609.080566
4063.087158 1226.027588 3920.831299 2246.236084
4238.428223 1567.662598 4085.893066 2605.921631
4238.396484 1564.735474 4086.082764 2602.822998
4238.361816 2439.541016 4108.411133 3206.286621
4063.087158 1226.027588 3920.831299 2246.236084
4063.087158 1226.027588 3920.831299 2246.236084
4237.869141 2442.653076 4108.082031 3210.417969
5034.938477 474.095917 4950.015625 1243.179077
4062.768311 789.626221 3929.673828 1804.197510
326.594086 1884.176636 214.833282 2556.297363
326.612518 743.347046 232.903473 1416.413330
3312.572266 245.848328 3190.996338 1238.541626
4236.532715 561.429321 4108.806152 1584.073364
4236.532715 561.429321 4108.806152 1584.073364
1495.503784 763.762268 1403.024048 1464.149902
4235.854492 1546.717651 4083.086182 2584.346924
4235.784668 692.232422 4103.848633 1717.057739
4235.784668 692.232422 4103.848633 1717.057739
3387.793945 2622.858643 3259.312256 3350.774414
3387.793945 2622.858643 3259.312256 3350.774414
4061.138184 1567.439453 3910.315918 2591.729248
1840.751831 975.633850 1743.604614 1685.470947
4231.953125 2885.966064 4097.037598 3628.695801
4060.858398 1341.002075 3915.325195 2362.381836
1841.325439 138.013016 1759.592651 845.565918
1841.325439 138.013016 1759.592651 845.565918
4231.424316 298.855469 4109.832031 1316.750732
3388.491943 284.819977 3266.395264 1276.876343
3388.491943 284.819977 3266.395264 1276.876343
1605.458618 430.401581 1517.778442 1132.621948
1605.458618 430.401581 1517.778442 1132.621948
4230.714844 561.425537 4102.917969 1583.372437
4230.714844 561.425537 4102.917969 1583.372437
4230.306152 576.441101 4102.225098 1598.603760
4060.687988 797.401245 3927.385498 1811.585083
2603.071533 2414.708252 2480.169189 3128.060059
4229.458984 612.168030 4100.435059 1634.191528
4228.623047 565.447144 4101.166016 1587.548340
4228.258789 2363.065918 4100.722656 3130.230469
3311.066650 2542.063965 3184.390625 3269.755615
3389.210693 1369.601562 3245.632080 2360.473389
4059.360107 784.869507 3926.341064 1798.789307
4227.625000 495.408264 4100.850586 1516.513062
4227.385254 1302.926270 4082.023682 2336.823975
4059.239258 611.578491 3930.602783 1623.398438
4059.166260 293.266632 3938.280762 1300.505615
4226.352539 687.581909 4094.795166 1711.703125
4058.796143 1350.438354 3912.895996 2372.005859
4222.198730 2884.218018 4087.817383 3628.694824
4221.574707 623.668945 4092.436035 1645.873779
2686.219971 2104.194824 2568.485107 2823.599609
4058.291748 1563.479370 3907.505859 2587.572266
4220.047363 688.659546 4089.361084 1712.524292
1966.347290 241.623734 1881.122681 956.983765
3389.782959 235.928101 3268.870850 1227.485962
3389.782959 235.928101 3268.870850 1227.485962
3389.893066 2414.261963 3265.093994 3147.128418
4215.905273 1329.310791 4070.076660 2362.843018
4214.112305 1617.615479 4060.311768 2653.924805
3390.394287 248.021698 3269.081787 1240.315063
4212.830078 1541.480957 4060.731201 2577.181885
1853.204590 754.039185 1757.804077 1473.029785
4057.002441 939.012146 3920.845459 1954.595703
3390.763184 673.216125 3261.576904 1664.616699
4212.449707 1331.560669 4067.016602 2364.818604
3390.930420 2636.037598 3262.275391 3364.774658
4212.291504 1328.304810 4066.442139 2361.680420
4211.784668 1368.934082 4065.180908 2402.688965
3309.096191 813.977112 3175.658447 1805.381348
3309.096191 813.977112 3175.658447 1805.381348
4056.233643 306.936493 3935.241699 1313.865356
4056.233643 306.936493 3935.241699 1313.865356
4056.059570 878.470764 3921.480957 1893.487061
3391.476318 252.463013 3270.015625 1244.427979
4210.510254 1299.070923 4064.916504 2331.877197
3308.859863 265.514618 3187.042480 1257.592163
3391.650635 295.717560 3269.343994 1288.017212
4210.209961 1069.452759 4069.620117 2098.508789
3391.701660 228.758270 3270.917236 1220.599731
4210.209961 1069.452759 4069.620117 2098.508789
4210.207031 1615.822144 4055.886230 2651.891357
1856.260010 1312.894775 1744.937500 2075.200439
4209.224609 570.286316 4081.207520 1591.021606
4209.224609 570.286316 4081.207520 1591.021606
4208.633789 563.024170 4081.468018 1583.685181
4208.526367 303.200073 4086.737793 1319.483398
1857.423462 1240.804810 1747.189453 2007.610352
337.395599 60.196396 258.139404 732.957458
3392.664795 2640.417725 3263.937988 3369.268555
2598.916748 2135.868652 2480.905762 2852.494141
4205.495117 687.835327 4074.324707 1710.364380
3702.589844 1448.425171 3557.002197 2449.427490
3091.138184 368.752838 2965.355225 1365.861572
3702.866211 1541.540894 3555.675781 2542.810303
2886.454102 2151.276123 2763.925537 2899.914795
3091.009033 1215.626343 2949.322754 2206.214355
339.073425 2946.923096 206.536743 3623.749268
2231.805664 1530.763672 2125.108154 2242.085938
3307.949707 160.081345 3187.813965 1152.942749
2230.302246 1615.918091 2121.624023 2326.504639
2598.262695 2424.451416 2474.364990 3137.972900
2230.230469 1538.076660 2123.423828 2248.478271
4053.736816 1574.008179 3902.105957 2597.703857
3090.703369 508.996429 2962.320312 1505.349365
2232.284180 1052.026978 2132.101074 1778.128296
2886.185303 2845.017822 2754.729492 3560.768311
3393.609375 232.482285 3272.683838 1224.207153
3393.609375 232.482285 3272.683838 1224.207153
3393.669434 2666.690430 3264.272461 3395.136719
3704.407471 1017.472534 3567.776855 2015.794800
4053.049316 795.391235 3919.930420 1809.196289
2887.045410 859.502380 2793.158203 1583.874512
3307.805908 2517.907959 3182.009766 3245.636475
2229.697754 1490.283691 2124.065918 2201.080078
1489.047363 762.329773 1396.674438 1462.161133
2887.105469 2732.115479 2757.518799 3449.083252
2887.105469 2732.115479 2757.518799 3449.083252
3307.479248 271.728271 3185.339600 1264.344482
1971.217529 2620.459473 1845.467163 3321.682373
2885.837891 2788.385254 2755.423096 3504.169189
2597.341309 2421.770264 2473.826660 3135.083984
342.517426 662.696350 250.072372 1336.332275
3307.340820 243.793579 3185.715576 1236.821167
3307.340820 243.793579 3185.715576 1236.821167
2887.379150 2848.695557 2755.615234 3564.388672
2228.793213 1498.187256 2123.039551 2208.981445
3394.398438 1249.109253 3253.087891 2240.695068
4050.875244 825.197571 3917.024414 1839.620239
2689.448486 1707.154053 2579.265625 2427.469727
2689.448486 1707.154053 2579.265625 2427.469727
2885.563721 715.629944 2793.437988 1449.060669
3394.532227 2654.160156 3265.375000 3382.804688
3706.123291 1525.798218 3558.816650 2527.099365
3706.123291 1525.798218 3558.816650 2527.099365
2228.068848 1618.737671 2119.654297 2329.427002
3706.578613 1039.042969 3569.519043 2037.600220
3698.668945 1145.317749 3559.528076 2144.147949
3698.668945 1145.317749 3559.295410 2145.144287
3698.488770 1146.029297 3559.295410 2145.144287
3698.488770 1146.029297 3559.295410 2145.144287
2887.698242 831.417419 2794.389648 1556.192261
344.354614 1480.322266 238.377853 2153.709473
2887.698242 831.417419 2794.389648 1556.192261
3306.766846 2533.212891 3180.166016 3260.813477
3394.977539 226.606003 3274.173828 1218.560547
3698.322754 1044.658203 3561.216064 2043.194946
4050.163574 792.523560 3917.166504 1805.934692
2227.295654 1494.492676 2121.436035 2205.514648
2235.894287 1513.819092 2129.671631 2224.745117
3708.095703 1047.347900 3570.836182 2045.958130
2888.071045 2147.021729 2765.630859 2895.395996
2888.081543 935.917969 2792.728271 1660.804077
2888.081543 935.917969 2792.728271 1660.804077
3306.151123 2542.575439 3179.436035 3269.518311
2226.785400 1557.280518 2119.532715 2267.819580
3708.369873 1521.848999 3561.207275 2523.623291
3697.518311 923.212952 3563.121826 1921.008789
3708.369873 1521.848999 3561.207275 2523.623291
2888.437012 2851.751465 2756.892578 3567.720703
3395.951172 168.217392 3276.452148 1160.052002
3396.092529 221.887222 3275.611816 1213.314697
2225.842041 1621.942139 2117.441895 2332.474365
3696.933105 1465.380981 3550.769287 2465.516602
2594.253174 2424.050293 2470.425049 3137.500244
2594.253174 2424.050293 2470.425049 3137.500244
2884.536621 2682.659180 2756.082275 3400.277588
2884.536621 2682.659180 2756.082275 3400.277588
2225.258789 1526.074097 2118.481201 2236.969482
3087.863770 520.132874 2959.378174 1516.567871
2225.143799 1615.289795 2116.548584 2325.552002
2238.079590 2366.560547 2115.809082 3075.301514
3695.950928 1010.657471 3559.358887 2008.702026
2594.093994 418.334930 2508.153809 1136.859375
3695.924561 1150.070801 3556.786865 2149.214355
3305.193359 1069.905396 3167.031006 2060.672852
3093.781738 366.367828 2968.578369 1363.068848
3396.953613 2650.592529 3267.818359 3379.396484
3396.956787 681.787109 3267.690186 1673.181519
3694.471191 1002.035034 3558.028564 1999.883789
3305.058105 170.014526 3184.688721 1163.007324
3305.058105 170.014526 3184.688721 1163.007324
3396.986572 1199.339355 3256.634766 2191.502441
3397.098633 879.300598 3262.590576 1870.818237
2889.391113 821.970459 2795.953125 1547.042236
2239.612061 1494.952881 2133.673828 2206.443359
2883.885010 2194.575928 2760.710938 2942.799316
2883.885010 2194.575928 2760.710938 2942.799316
4048.402344 1766.092651 3909.060303 2690.479248
4048.402344 1766.092651 3909.060303 2690.479248
3397.335449 214.229477 3276.780518 1205.830688
3094.445068 406.032867 2967.951172 1402.804199
3304.666504 267.433380 3182.908936 1260.489502
3086.773682 388.644257 2960.557861 1386.008301
2222.886230 1493.553467 2116.862793 2205.004639
2883.587158 2173.708252 2760.736328 2922.321289
3397.820312 882.493774 3263.658936 1873.899414
2240.570068 1505.514160 2134.705078 2216.778564
3693.540039 1146.048706 3554.207520 2145.134277
3693.540039 1146.048706 3554.207520 2145.134277
2222.279053 1501.111938 2115.795654 2212.888672
2222.279053 1501.111938 2115.795654 2212.888672
2890.116455 856.388611 2796.211670 1581.037842
2691.977539 1764.828125 2580.492432 2484.906738
3714.123535 1015.967346 3577.226807 2014.853516
3398.327393 224.484421 3277.886963 1215.897583
2241.581787 1013.467102 2142.006592 1740.279175
4047.291748 1270.559326 3904.168213 2289.963135
2241.581787 1013.467102 2142.006592 1740.279175
3094.967285 369.723145 2969.419678 1366.725098
2883.400635 2675.755371 2754.939453 3394.006836
2883.400635 2675.755371 2754.939453 3394.006836
3304.122314 210.091873 3183.065674 1202.973755
3692.549805 1394.818481 3548.579834 2395.342529
3714.896484 1404.796753 3569.863525 2406.311523
3714.896484 1404.796753 3569.863525 2406.311523
3085.722656 404.981781 2959.326660 1401.570679
3399.267090 300.941467 3277.077637 1292.452637
2242.504639 1499.279053 2136.529541 2210.601562
4046.470703 823.297791 3913.010498 1836.844482
3691.660645 1013.473206 3555.341553 2011.088257
3303.786621 815.353638 3170.675781 1806.810425
3303.786621 815.353638 3170.675781 1806.810425
2220.857910 1580.395630 2113.249023 2290.491455
3691.175049 1491.039307 3544.865234 2491.077148
3399.604980 233.875122 3278.500977 1225.698364
2882.539307 2880.991699 2749.701416 3600.395996
3399.770264 193.417923 3279.802490 1185.150269
3690.963135 916.358948 3556.841553 1913.687866
2590.673584 2443.906982 2467.020752 3157.525879
2219.181885 1499.676270 2113.003174 2211.048828
2244.317871 1503.139282 2138.188965 2214.364746
3399.982910 2646.967285 3271.393799 3375.571777
3690.222900 1144.091187 3550.927979 2142.957275
2882.097900 2786.273438 2751.563721 3502.155762
2589.655518 2438.370117 2466.134033 3151.663086
4044.946777 1579.840454 3893.680908 2603.016602
3718.503662 1393.692383 3573.737793 2394.895264
4044.884277 850.162842 3911.091309 1863.537842
3400.643799 200.414352 3280.494141 1191.956787
4044.801025 834.585327 3910.883057 1848.717285
2881.732178 2856.947266 2749.111572 3573.268311
3689.262207 1695.850342 3546.731445 2643.747314
2891.442383 2790.085693 2760.805176 3505.979248
2693.706543 1242.439087 2592.230713 1963.300415
3401.221924 393.923584 3276.452393 1386.426025
3401.221924 393.923584 3276.452393 1386.426025
2217.806396 1515.076782 2111.114746 2226.824463
3401.283936 222.432373 3281.160156 1214.185059
3688.709229 1505.620850 3541.903564 2506.419922
3719.727539 1027.438843 3583.109863 2026.408325
2881.135986 2736.289062 2751.644531 3453.352783
3401.733398 226.946655 3281.841553 1218.004883
3097.701416 568.849976 2967.982910 1564.853027
3301.795654 242.231308 3180.669922 1235.370605
4044.042969 601.932373 3915.775391 1612.524292
2880.815430 507.536499 2793.561279 1231.927979
1182.116211 2667.688721 1055.666382 3356.658936
1978.646240 2886.706543 1847.967529 3586.719971
2247.595947 1014.941223 2148.061768 1741.797974
2247.595947 1014.941223 2148.061768 1741.797974
3098.423828 366.918945 2972.333496 1363.571533
3721.774658 1451.671265 3575.580566 2453.449707
3687.098633 1043.712891 3549.842529 2041.136719
3300.980469 811.557739 3167.922607 1803.033569
2892.036865 917.180603 2796.940186 1642.824341
3300.980469 811.557739 3167.922607 1803.033569
3686.794189 1148.378296 3547.540527 2147.375732
3300.890869 1266.151978 3158.999023 2256.450195
2587.246582 2442.072754 2463.766357 3155.616943
3099.033203 378.457855 2973.449951 1374.209473
3686.461426 2041.706421 3541.956055 2949.952148
3686.114746 996.564575 3549.802490 1994.322754
3300.698975 2507.001709 3175.151123 3234.898682
3402.859619 219.255508 3282.577148 1210.927734
3402.859619 219.255508 3282.577148 1210.927734
2695.519287 1707.905029 2585.123779 2428.144775
3723.723877 1003.866394 3586.748047 2003.074585
4042.659424 831.178650 3909.036865 1845.144409
3402.865234 648.885925 3274.405762 1640.176392
4042.659424 831.178650 3909.036865 1845.144409
4042.649414 814.515259 3909.185547 1827.474487
2879.598389 2744.288574 2749.786377 3458.584229
2879.535645 1571.566528 2739.295654 2507.544922
3724.214111 2545.246826 3596.441406 3282.193359
4042.177246 1143.498657 3900.451660 2161.192383
2879.178223 906.399170 2784.553223 1630.905518
3724.937500 1029.353027 3587.963867 2028.494141
4041.777100 1416.845459 3895.192383 2437.616699
3403.234619 2642.635254 3274.527832 3371.603271
3403.234619 2642.635254 3274.527832 3371.603271
3683.841797 1694.939087 3541.477783 2642.889160
3403.405518 191.528488 3283.563477 1183.010132
2878.883057 710.582031 2786.412354 1444.171509
1134.568359 2676.644043 1008.479309 3364.105225
1134.568359 2676.644043 1008.479309 3364.105225
3682.958252 1046.840576 3545.663330 2044.615723
4041.438721 1135.638306 3900.190186 2153.006836
2892.958496 2696.361572 2764.103760 3413.708008
4041.381592 567.727234 3913.898438 1577.140869
3299.813721 732.623108 3169.024658 1723.845947
3682.520752 1501.878296 3535.762207 2502.202393
3726.617676 709.527832 3596.618896 1707.216553
3100.698242 371.266479 2974.857910 1367.685547
3299.327637 220.847473 3177.951172 1214.072998
3299.327637 220.847473 3177.951172 1214.072998
3404.689209 949.346313 3269.123047 1940.991821
3081.936768 612.913391 2951.102783 1609.238403
2584.428223 11.238119 2506.406250 728.909363
3081.936768 612.913391 2951.102783 1609.238403
3681.749023 793.539368 3550.628174 1789.864014
3081.363525 442.005981 2954.199951 1438.660767
3298.954346 854.479858 3164.604492 1846.035889
2697.074463 2061.925049 2580.281494 2781.161865
2878.100830 899.077271 2783.445068 1623.600708
3727.728516 773.113525 3596.379639 1770.905640
3727.728516 773.113525 3596.379639 1770.905640
3101.533691 889.826294 2966.270508 1882.940186
3298.635498 269.404266 3176.599609 1262.363037
3728.432373 2570.095459 3600.690186 3306.878662
2893.552979 658.856506 2803.324219 1383.887939
2877.830811 877.345337 2783.824951 1602.573730
1191.035278 1956.539429 1077.663574 2647.290039
3101.882568 442.644165 2974.683594 1439.308472
3679.497314 998.681396 3543.670410 1996.368652
3730.465332 1705.451294 3587.772217 2653.906494
4040.170166 840.115173 3906.335693 1853.580811
3102.602783 533.172546 2973.945068 1528.890625
3679.023926 1145.598389 3539.729004 2143.864014
2583.439453 2422.874268 2460.343506 3136.088135
2974.522461 1181.325195 2832.196289 2174.333740
3732.064453 377.397308 3609.712891 1372.694336
2583.008789 2426.504395 2459.620117 3139.855713
2582.991699 2440.896973 2459.562744 3154.051514
3102.941650 1215.723145 2961.436523 2206.544922
3732.236572 581.575439 3605.158203 1578.338989
4040.091309 822.897339 3906.814697 1836.282471
4040.091309 822.897339 3906.814697 1836.282471
3732.526855 1394.325195 3587.883301 2396.678711
3732.526855 1394.325195 3587.883301 2396.678711
3405.958496 176.764938 3286.300049 1167.958862
3677.026367 1017.544189 3540.051758 2014.920044
4039.933594 856.440430 3906.117920 1870.163696
1475.795776 2811.247314 1346.388672 3504.853516
3676.813232 1517.539062 3529.654785 2517.853027
3103.647949 341.512543 2978.448975 1338.152222
2975.672119 2855.510986 2843.509033 3574.607910
1125.782837 2585.181885 1001.130188 3272.732666
3297.052490 2489.730469 3171.774902 3217.329834
3406.445312 2638.107910 3277.877441 3367.031250
3676.343750 800.594727 3545.309814 1796.378418
2876.406982 886.431885 2782.145508 1610.911377
4039.542725 357.414948 3917.772705 1364.282593
1194.939453 2686.606201 1068.441162 3375.690186
3296.964844 2494.522705 3171.423096 3222.115723
3735.035645 1402.963623 3589.579102 2405.216797
3735.181885 2045.091064 3591.092773 2954.409180
4039.473389 140.060684 3935.112061 1059.162842
2876.055908 881.594727 2781.920166 1606.283691
1984.287842 2884.371338 1854.708740 3584.342041
3296.590088 2484.505615 3170.941406 3211.873047
3104.242676 1733.501343 2961.118408 2674.163330
1196.477173 2678.056396 1069.968262 3367.234131
1196.477173 2678.056396 1069.968262 3367.234131
3296.590088 2484.505615 3170.941406 3211.873047
2895.007812 2788.331543 2774.767822 3422.845215
3737.203613 805.264893 3605.401367 1803.730347
3407.749268 170.562988 3288.270752 1161.966431
2262.564697 1510.872192 2156.538574 2222.157471
3673.059814 1048.037354 3535.608643 2045.100586
2875.408447 711.610535 2782.939453 1445.261475
2875.408447 711.610535 2782.939453 1445.261475
3672.665039 1009.711304 3536.256104 2007.025513
3672.665039 1009.711304 3536.256104 2007.025513
3738.683838 1013.663025 3602.270752 2013.260986
3671.909668 1051.679688 3534.399902 2049.095215
2700.252686 1708.558960 2589.878174 2428.834717
3408.364258 180.365631 3288.530029 1172.080322
3105.214111 507.434998 2976.759766 1503.006470
3739.224854 1026.316284 3602.709229 2026.146851
3671.484131 360.097260 3549.338135 1353.640625
3671.343506 1015.476501 3534.874023 2012.691284
2700.374268 1655.485229 2590.687744 2375.989990
2874.882324 719.086792 2782.630371 1453.325928
1119.539551 2587.900635 994.658264 3275.740967
3670.953857 1023.826660 3534.303711 2021.263550
2976.242676 974.573181 2838.036133 1970.544067
3739.640625 786.658203 3607.436279 1784.965088
2700.531494 1669.445801 2591.032959 2389.958984
2700.531494 1669.445801 2591.032959 2389.958984
2874.659424 2592.875732 2747.876953 3310.773438
2874.659424 2592.875732 2747.876953 3310.773438
4038.108643 852.928772 3904.239502 1866.427246
2579.294189 2434.123291 2455.778564 3147.190918
3078.499023 484.375854 2950.280518 1480.978394
4037.817383 734.513489 3906.185303 1746.551270
3409.205566 175.049576 3289.610596 1166.405884
4036.912354 830.380310 3903.331543 1843.524292
3295.290527 1307.462158 3153.416748 2297.638916
2266.039307 1412.009155 2160.738037 2123.517334
2874.589111 913.084534 2779.603027 1637.678345
4036.912354 830.380310 3903.331543 1843.524292
2973.154053 1972.788086 2831.592285 2868.960938
3670.142578 1517.660645 3522.972412 2517.478027
2874.517822 894.659302 2779.830078 1619.759399
3740.647949 720.416748 3610.675781 1718.238159
3740.844971 716.212830 3610.947510 1714.090332
3740.959717 1001.523743 3604.891602 2001.123169
3409.417725 2653.645508 3280.220947 3382.367432
1471.588257 2836.694580 1342.360474 3529.726807
1471.588257 2807.869629 1342.055420 3501.994385
3106.246826 470.488281 2978.555908 1466.515747
3741.257812 707.499451 3611.614746 1705.366699
3106.376953 477.926331 2978.487793 1474.100586
3106.376953 477.926331 2978.487793 1474.100586
3106.468994 441.585815 2979.328857 1437.837769
3106.468994 441.585815 2979.328857 1437.837769
2896.132812 1755.191162 2752.536133 2689.666504
2578.104492 71.744804 2498.586426 788.412781
2578.104492 71.744804 2498.586426 788.412781
3668.949219 1047.951050 3531.423828 2045.088745
3293.989014 680.968689 3164.692871 1672.921631
4036.353027 729.716553 3904.853760 1741.749023
3742.457031 711.646118 3612.694336 1709.475220
3293.802246 93.121735 3175.175293 1085.914917
3293.686035 687.732117 3163.464111 1679.434326
3293.686035 687.732117 3163.464111 1679.434326
3293.569824 2492.864990 3168.077637 3220.517090
1115.616455 795.950012 1022.429932 1485.660034
4036.266602 1311.682617 3892.175293 2331.056152
3077.711914 525.307190 2949.148193 1521.859619
1115.074219 844.154785 1021.111145 1533.854126
3293.411865 2497.876465 3167.843750 3225.591064
1115.074219 844.154785 1021.111145 1533.854126
4035.993408 1161.840332 3894.053223 2179.272217
2873.544434 1321.784302 2728.999268 2315.541748
2873.482178 2671.266357 2745.364990 3389.501709
1113.819458 808.294983 1019.894104 1497.810425
3410.922607 2510.826172 3284.535645 3240.270264
1113.819458 808.294983 1019.894104 1497.810425
3744.451416 1406.039307 3598.996826 2408.860840
2873.170410 919.372314 2778.042236 1643.932983
4035.297119 746.062073 3903.664062 1758.003906
4035.297119 746.062073 3903.664062 1758.003906
2896.768555 2833.072266 2765.516846 3549.080566
3292.313477 1467.232300 3147.252441 2456.808105
3292.313477 1467.232300 3147.252441 2456.808105
3666.083008 1132.659302 3526.824707 2130.387939
4035.249023 160.319733 3930.384766 1079.401123
4035.249023 160.319733 3930.384766 1079.401123
3107.959229 385.672058 2982.005859 1382.029663
3076.658203 1993.795166 2934.846191 2890.583252
1469.000244 765.071472 1376.008301 1464.187500
1468.965820 758.084473 1376.567139 1457.302734
3412.026123 2507.334717 3285.613037 3237.062012
3076.579834 561.949524 2947.059082 1558.487305
3412.039551 919.002014 3276.992676 1910.659790
3747.692871 490.272369 3622.871826 1487.277832
3076.575439 495.992035 2948.289551 1492.583496
3747.846924 760.403442 3617.067871 1758.493774
3747.846924 760.403442 3617.067871 1758.493774
3665.187012 1042.478638 3527.891357 2039.692627
3665.187012 1042.478638 3527.891357 2039.692627
3291.960938 2116.628906 3147.495117 3018.208252
2272.118408 1424.570190 2168.330811 2136.139404
3291.745605 2481.609863 3166.793213 3208.766846
3291.675781 767.952454 3159.748535 1759.273438
3291.620361 650.840454 3162.038818 1642.806641
3412.543945 146.423248 3293.721680 1137.867554
4033.883789 631.721558 3904.947998 1642.044678
4033.883789 631.721558 3904.947998 1642.044678
2703.588623 1714.234863 2592.930420 2434.744629
2703.588623 1714.234863 2592.930420 2434.744629
2575.119141 2438.160400 2451.862305 3151.185791
4033.797363 1465.192871 3886.028809 2486.089844
4033.771973 660.895081 3904.780029 1671.670776
3412.895020 1279.160034 3271.361328 2271.002686
2897.632568 1682.594482 2754.971436 2619.653076
3749.841797 494.920105 3624.491943 1491.730103
3663.760986 1037.979004 3526.561035 2034.856567
2704.013916 1710.145996 2593.781494 2430.813232
3290.958252 690.074402 3160.800293 1681.869507
2574.619385 67.306160 2495.607422 783.929810
3749.841797 494.920105 3624.491943 1491.730103
3290.851562 242.957214 3169.153076 1235.924927
2704.210693 1685.150635 2594.353271 2404.760498
2704.210693 1685.150635 2594.353271 2404.760498
2574.324707 50.972305 2495.883057 766.693054
3290.402588 230.578720 3168.691895 1223.660278
3663.371338 1139.744629 3524.068359 2137.604492
2574.095215 2432.642822 2450.644775 3145.709473
3663.052734 15.081718 3560.261475 927.269775
2871.662354 1745.902344 2728.404053 2680.125000
2978.482910 2919.661865 2845.295898 3635.928711
4033.319092 640.050354 3904.307373 1650.914917
1467.069946 2828.535400 1338.162964 3521.451416
2871.482666 1329.156250 2726.828125 2322.904541
3662.024902 1024.550415 3525.022217 2021.962158
2897.972656 656.617432 2808.660400 1381.891235
2897.972656 656.617432 2808.660400 1381.891235
2871.410400 2606.189209 2744.330078 3324.236328
2573.455322 57.443775 2494.829102 773.839355
2978.482910 2919.661865 2845.295898 3635.928711
2871.346436 2782.062988 2741.137695 3497.664062
2871.346436 2782.062988 2741.137695 3497.664062
3075.878418 650.160767 2944.560059 1646.075928
2871.176270 1324.384644 2726.749512 2318.415039
4032.941650 595.041687 3905.443359 1604.885498
3289.609375 774.133545 3157.422363 1765.542480
4032.941650 595.041687 3905.443359 1604.885498
1105.080078 907.102661 1009.565247 1596.323730
3109.602295 434.502777 2982.553223 1430.616821
3289.565186 696.601013 3159.102539 1687.993408
3414.176758 2654.916260 3285.243164 3383.881104
3414.176758 2654.916260 3285.243164 3383.881104
2572.882812 74.209106 2493.797852 790.819824
2572.882812 74.209106 2493.797852 790.819824
3414.224365 140.391373 3295.333008 1131.575439
2196.015869 2440.992676 2072.565918 3148.822266
3075.685791 461.601318 2948.124023 1458.192993
3752.465088 1007.570312 3616.199951 2007.767090
4032.386719 757.176208 3900.573730 1768.781006
3752.857666 712.251831 3623.319580 1710.286499
3752.857666 712.251831 3623.319580 1710.286499
3109.915039 1217.453125 2968.499268 2208.151611
3752.857666 712.251831 3623.319580 1710.286499
3109.933105 1622.362793 2968.876221 2563.097656
3289.095703 852.491821 3155.371582 1844.128662
2898.338135 2836.631592 2766.547363 3553.102295
1990.772217 2406.487793 1867.966553 3112.711182
4031.605713 338.994385 3910.111572 1345.448120
407.773621 1970.879761 293.608643 2644.871338
1103.304565 839.635681 1009.751770 1529.059570
2870.496338 2847.384521 2738.954346 3563.005859
2572.010986 2442.252686 2448.635986 3155.199951
3661.035400 1133.701172 3521.877930 2131.445801
2870.496338 2847.384521 2738.954346 3563.005859
3754.281738 807.783203 3622.536133 1806.985718
3754.281738 807.783203 3622.536133 1806.985718
3415.145996 265.237885 3293.421631 1257.421021
3415.145996 265.237885 3293.421631 1257.421021
3288.387695 692.136658 3158.061768 1684.175781
3110.399658 484.713501 2982.473145 1480.633667
3110.399658 484.713501 2982.473145 1480.633667
3754.510742 722.823242 3624.570312 1720.994263
2898.503418 775.747314 2805.949219 1500.372681
3110.503174 1184.641479 2969.647217 2175.743652
4030.774658 1389.292480 3884.452881 2409.071045
409.996246 1968.503784 296.197327 2642.735596
3660.098145 1535.562012 3512.506836 2534.983887
3075.173828 500.760590 2946.860107 1497.439697
3110.995605 522.042480 2982.479004 1517.772583
3111.038330 470.367371 2983.363770 1466.394775
2280.027344 1063.847168 2180.509033 1789.585815
3659.027588 1511.733887 3512.033447 2510.841553
1991.681030 2519.217285 1867.053101 3221.940918
3415.725830 2516.344238 3289.136230 3245.951660
3658.926514 1045.813843 3521.729736 2042.808838
3658.926514 1045.813843 3521.729736 2042.808838
3287.532227 228.071747 3165.627686 1221.538330
3111.538818 423.086639 2984.401367 1419.376953
2898.981445 319.801788 2815.339355 1044.313477
1098.435913 872.278687 1003.831177 1561.626465
3657.862305 1508.221924 3511.135010 2507.270020
3416.232910 131.667587 3297.698730 1123.098999
2281.444092 2616.807129 2154.956543 3325.328125
2979.780762 446.976959 2893.906006 1172.899048
3758.021484 464.735687 3633.137207 1461.953979
3286.582520 2052.892578 3142.909424 2953.527100
4029.597168 861.891724 3895.622314 1875.379639
3112.291260 540.997009 2983.392090 1536.431641
3286.425049 2502.739990 3160.649902 3230.326416
3416.585449 275.168549 3294.642334 1267.141357
3286.425049 2502.739990 3160.649902 3230.326416
1096.429688 911.012878 1001.677063 1600.362061
3112.497314 511.622803 2984.015869 1507.320923
3286.140625 2465.437012 3161.012451 3192.666748
1095.580933 953.875977 999.532104 1643.157837
1095.580933 953.875977 999.532104 1643.157837
3286.140625 2465.437012 3161.012451 3192.666748
3416.923340 141.923935 3297.956055 1133.440063
2190.871338 1061.019897 2090.515381 1785.511719
3760.144043 808.921204 3628.179443 1808.138794
2708.182617 1680.810181 2598.662109 2400.755615
4028.792969 769.208923 3896.668457 1781.278198
2899.668945 653.072571 2809.772461 1378.095825
3760.523926 1418.432007 3615.054688 2422.346436
2868.164795 2844.442383 2736.512939 3559.834717
2899.727783 2830.630371 2768.523926 3546.768066
3113.275391 515.728271 2984.862549 1511.197632
3113.308105 525.988037 2984.635010 1521.626343
1463.041016 2827.590088 1334.189331 3520.464355
2867.800537 2591.824951 2741.157471 3309.741943
2867.761475 561.108459 2779.535889 1285.983643
1463.041016 2827.590088 1334.189331 3520.464355
3761.931152 445.883057 3637.641113 1442.812988
3653.731445 1534.170044 3506.078613 2533.084473
2867.334473 2840.902100 2736.056152 3556.240967
2286.963379 2596.177979 2160.578369 3305.151611
420.957764 1969.134766 307.204590 2643.544922
3072.655762 494.277405 2944.193359 1491.543213
3762.658691 482.633423 3637.661865 1479.737549
4027.733643 430.868561 3903.901367 1438.129150
4027.603027 595.077576 3899.772705 1604.703491
4027.603027 595.077576 3899.772705 1604.703491
3072.604492 1611.639648 2931.781006 2551.797852
3763.486084 436.027679 3639.166992 1433.054932
2709.105469 1891.172485 2595.469238 2611.472656
1089.681885 833.562500 996.042542 1522.659546
1089.681885 833.562500 996.042542 1522.659546
2900.900635 2713.505371 2771.782959 3430.861328
3072.295166 506.814178 2943.897949 1503.356934
2970.115723 2923.431641 2836.853271 3639.312256
2980.675049 1594.345337 2839.874512 2531.423828
2866.595459 2750.201904 2737.200439 3466.342529
3764.854980 1543.253174 3616.414795 2547.719238
1995.268311 2513.863525 1870.785156 3216.591064
3419.112549 2526.129883 3292.731201 3255.848145
3284.464600 231.129456 3162.831787 1224.694336
3419.112549 2526.129883 3292.731201 3255.848145
3765.015381 806.356384 3633.222168 1805.890625
3765.507324 426.732208 3641.687500 1423.209351
3284.196045 1366.549927 3140.631592 2356.373535
2866.328369 933.401978 2770.865234 1657.747314
3650.698242 1191.041138 3510.390381 2188.665283
3765.507324 426.732208 3641.687500 1423.209351
3650.546387 1505.302246 3503.416992 2503.909912
3650.443359 1178.456909 3510.469482 2175.886963
1086.153442 1005.795837 989.214661 1695.027954
1086.153442 1005.795837 989.214661 1695.027954
2901.315186 2702.242676 2772.449951 3419.672852
1460.559448 2815.798096 1330.839722 3508.927490
2290.571533 1276.169312 2188.533203 1987.951904
3767.252441 1526.002441 3619.179932 2530.841553
1084.914795 830.005310 991.640930 1519.032837
1084.914795 830.005310 991.640930 1519.032837
3767.314941 419.278442 3643.758301 1415.542114
3419.619629 2561.657715 3292.379395 3291.074951
3419.620117 1767.955200 3280.721680 2679.338379
3648.679688 1126.390503 3510.154297 2123.159912
1084.311646 921.155090 988.699585 1609.922485
2865.820068 2627.468018 2738.374756 3345.451660
1083.800415 2701.794678 957.959167 3387.864990
1083.800415 2701.794678 957.959167 3387.864990
3115.655762 528.692017 2986.968262 1523.947266
3767.805176 434.581085 3643.961670 1431.172241
3767.805176 434.581085 3643.961670 1431.172241
2292.194092 1285.772583 2190.153564 1998.135864
2865.589600 2598.064209 2738.730957 3316.033691
4026.226074 2209.206299 3878.714600 3121.796875
4026.226074 2209.206299 3878.714600 3121.796875
2711.011230 1608.165527 2601.726562 2335.577148
2564.521240 531.797302 2476.797363 1250.099243
2292.894287 1274.228760 2191.170898 1986.866089
4025.769287 1560.026855 3874.990967 2581.501465
3769.071289 565.408752 3642.037598 1563.337524
1081.935303 863.196106 987.813293 1552.237793
1081.935303 863.196106 987.813293 1552.237793
2564.052979 2427.304688 2440.306396 3140.598145
2865.104004 1748.161743 2721.862793 2682.367432
3769.748047 553.482422 3642.721924 1551.475586
4025.349365 1505.630127 3876.423096 2526.335693
3071.082520 121.853653 2991.332275 849.440063
3116.475830 409.534393 2989.804688 1405.650757
2563.526611 99.162277 2484.044434 815.783447
3420.967041 1097.460449 3282.797607 2088.767578
3420.967041 1097.460449 3282.797607 2088.767578
3071.031250 489.718811 2942.894287 1486.024536
1080.427124 814.559814 987.203796 1503.591309
1080.427124 814.559814 987.203796 1503.591309
3116.657715 1219.407837 2975.135742 2209.981445
3645.954102 1502.375977 3499.448486 2501.047119
3645.954102 1502.375977 3499.448486 2501.047119
3421.103027 2699.684814 3291.310303 3429.164795
2902.564453 1755.988281 2758.963867 2690.852295
3770.610596 1391.767578 3625.575684 2395.899170
3770.786377 801.487183 3639.212891 1801.095703
2711.968262 1692.127686 2601.905762 2412.770752
3421.310059 2570.594727 3293.928955 3299.329590
2295.414795 1026.900635 2196.080566 1753.609985
2969.169678 2902.446045 2836.328857 3619.693604
3771.225586 1397.719116 3625.963867 2401.926270
3282.082764 805.364807 3149.103271 1796.865845
3421.598877 272.501160 3300.417725 1263.637207
2562.129395 102.387161 2482.413330 819.258118
1079.128418 831.628906 985.625610 1520.428467
2864.414062 958.522156 2768.564941 1682.826660
2864.414062 958.522156 2768.564941 1682.826660
3771.225586 1397.719116 3625.963867 2401.926270
3070.490234 502.514404 2942.018066 1499.395142
2183.226807 2460.383057 2059.562744 3167.603271
3771.225586 1397.719116 3625.963867 2401.926270
2296.086182 1282.535034 2194.084961 1995.285034
3281.737549 2465.317871 3156.606934 3192.479492
2712.673828 1711.620239 2602.545898 2432.047363
3281.592529 647.870483 3151.906982 1639.993530
3281.592529 647.870483 3151.906982 1639.993530
2863.871094 936.323669 2768.806885 1661.012573
2182.528809 1708.135864 2072.647705 2417.515625
3281.438965 2509.269043 3155.677734 3236.728271
2712.895020 1873.020996 2599.550537 2593.361328
2297.362549 1402.652466 2193.362793 2114.826416
2297.490967 1170.742188 2197.741943 1883.355957
4022.845459 1511.208496 3873.659424 2531.820557
4022.845459 1511.208496 3873.659424 2531.820557
2903.255859 787.230469 2810.704834 1512.681396
3118.130615 812.085022 2984.536621 1805.725830
1456.375000 810.374023 1362.632202 1509.337280
3642.775391 1496.897217 3495.857666 2495.331055
1456.375000 810.374023 1362.632202 1509.337280
1456.375000 810.374023 1362.632202 1509.337280
3642.705811 987.070679 3507.053711 1983.480713
1456.306763 947.525452 1355.078857 1674.116455
2903.375732 2821.185059 2771.843018 3537.790527
3641.924805 1188.548828 3501.821045 2185.871338
1074.709595 943.482971 996.042542 1522.659546
1455.766602 2822.468506 1326.744995 3515.629639
2863.105713 1446.571899 2725.358154 2380.014404
1074.404419 850.084167 980.817871 1538.679321
4021.643311 1507.434570 3872.832031 2527.925293
1074.172241 837.107788 980.653442 1525.848755
3069.452148 793.045837 2935.591797 1788.138550
3069.452148 793.045837 2935.591797 1788.138550
2903.544922 2817.762695 2772.593018 3533.992188
2559.820801 2444.332275 2436.320068 3157.065186
4020.600342 1601.598511 3868.601074 2623.000488
2903.661621 2838.341797 2772.270752 3554.911865
3773.072021 565.174683 3646.287354 1563.307495
3280.112061 700.124756 3149.541016 1691.929810
3280.112061 700.124756 3149.541016 1691.929810
1072.763794 895.567078 978.153809 1584.184814
1072.763794 895.567078 978.153809 1584.184814
3069.014893 199.638779 2987.003418 933.897705
3640.034668 1185.653320 3499.836670 2182.778320
2180.718750 2438.062500 2057.247559 3145.729736
3640.017578 1182.524902 3500.246826 2179.250732
3640.017578 1182.524902 3500.246826 2179.250732
2301.306641 1200.473145 2201.329590 1912.328125
3423.676025 2670.133301 3294.046143 3399.539307
3423.757568 2574.868408 3296.015381 3303.885010
3773.918945 1513.401611 3626.271729 2518.085693
3423.757568 2574.868408 3296.015381 3303.885010
3774.099365 1408.724243 3629.383545 2413.462646
2862.328613 2600.413574 2735.617676 3318.485596
3120.192627 464.108887 2992.458984 1459.775269
3120.210449 2007.999390 2977.883057 2906.229004
3639.360596 1285.979248 3497.960693 2283.532227
3639.292480 1195.309814 3498.318359 2193.099854
3639.292480 1195.309814 3498.318359 2193.099854
3424.130127 2552.232178 3297.081787 3281.727051
3424.130127 2552.232178 3297.081787 3281.727051
3068.667969 657.073853 2937.258301 1653.121704
3068.667969 657.073853 2937.258301 1653.121704
1070.160156 939.885010 974.167786 1628.608521
1070.160156 939.885010 974.167786 1628.608521
1070.032837 873.770813 975.324707 1562.627319
1070.032837 873.770813 975.324707 1562.627319
2302.949463 1175.140015 2203.518311 1886.453369
2302.949463 1175.140015 2203.518311 1886.453369
1453.054321 668.420593 1353.903931 1410.392578
3775.268555 552.854065 3648.257324 1551.112915
1453.029297 2713.613525 1326.042847 3407.829346
3638.163330 1895.084595 3495.842773 2809.544678
3638.003906 986.671753 3502.055176 1982.646851
3424.560791 2597.533936 3296.718750 3327.166260
3637.830322 1382.226440 3494.011963 2380.017090
3278.624023 2460.247559 3153.823486 3187.618652
3424.560791 2597.533936 3296.718750 3327.166260
3424.593018 2540.052002 3297.826172 3269.323242
1069.199341 855.110229 975.336914 1543.705322
1069.199341 855.110229 975.336914 1543.705322
3424.593018 2540.052002 3297.826172 3269.323242
3068.014893 489.210449 2939.756104 1485.645752
1068.998779 1004.096130 971.949829 1692.780151
1068.998779 1004.096130 971.949829 1692.780151
2904.604736 2793.324219 2773.896484 3509.598389
3278.329590 1393.691284 3134.038574 2383.036133
3067.835205 474.647064 2940.000244 1471.345703
3425.063232 2609.523926 3297.184814 3339.062256
3425.063232 2609.523926 3297.184814 3339.062256
3425.182129 267.313385 3303.676758 1259.234497
1067.671021 1032.758301 970.096985 1721.532715
1067.671021 1032.758301 970.096985 1721.532715
3425.182129 267.313385 3303.676758 1259.234497
2861.133057 973.680908 2765.006104 1697.872070
3067.536133 531.352417 2938.686768 1527.756226
3776.720459 1371.617920 3632.068848 2375.549072
4018.157471 1540.123169 3868.104736 2560.522949
3636.162354 1391.611816 3491.837646 2389.972168
3636.040527 1123.512817 3497.176514 2120.614014
3636.040527 1123.512817 3497.176514 2120.614014
2556.749756 2447.542480 2433.252930 3160.462646
2984.447754 1775.201538 2840.653809 2711.190430
3121.609863 810.212036 2987.937256 1804.042114
3777.145996 378.075195 3654.524170 1374.627441
3777.452393 549.125610 3650.456787 1547.453857
3635.465088 1908.244995 3493.120850 2822.581055
1450.754761 2818.864258 1321.830444 3512.001953
3635.465088 1908.244995 3493.120850 2822.581055
2002.935913 1486.493530 1893.603882 2225.439209
2966.872314 501.595032 2879.894775 1227.575073
3067.233887 501.799072 2938.867920 1498.225342
2966.872314 501.595032 2879.894775 1227.575073
3634.572266 1179.125122 3494.699707 2176.233887
3634.572266 1179.125122 3494.699707 2176.233887
4017.212891 1604.086792 3865.189209 2625.444824
2966.743896 2911.390625 2834.101807 3627.883057
3276.663330 2486.835205 3151.421631 3214.132568
3777.984131 1416.122314 3631.779541 2421.158447
3778.378662 1463.619263 3632.264893 2468.662598
3778.378662 1463.619263 3632.264893 2468.662598
4016.638184 729.070251 3885.587646 1739.900146
4016.638184 729.070251 3885.587646 1739.900146
3634.096191 1195.865112 3493.668457 2193.282959
3634.096191 1195.865112 3493.668457 2193.282959
3426.552002 755.787964 3294.775635 1747.812378
2860.166504 2751.320557 2730.310059 3467.011475
3276.225586 715.727783 3145.613770 1707.462402
3276.225586 715.727783 3145.613770 1707.462402
3778.492676 1409.580811 3632.393066 2414.289062
3778.701904 1376.151123 3633.876221 2380.564453
2308.714844 1122.051636 2209.802490 1835.602905
1062.712524 899.295837 967.128662 1587.714111
2859.725586 2619.478760 2732.568359 3336.993896
1062.530396 910.041016 967.081848 1598.334473
1062.530396 910.041016 967.081848 1598.334473
460.049530 2869.035400 329.692657 3545.775391
3275.519775 1945.524170 3134.152832 2847.079590
3275.519775 1945.524170 3134.152832 2847.079590
2309.219238 1195.663086 2209.056885 1908.382812
3275.367920 1399.260254 3130.978760 2388.709717
3778.968506 1218.126465 3638.239990 2221.501953
2553.722656 434.447388 2466.514648 1157.526367
3275.367920 1399.260254 3130.978760 2388.709717
1062.126099 896.530457 966.615417 1585.204224
3779.161865 1354.601074 3635.181396 2358.942871
3779.161865 1354.601074 3635.181396 2358.942871
4014.996582 1251.744507 3872.308838 2269.223633
3123.548096 236.559982 3000.647217 1232.921753
1238.144287 1408.746582 1133.434082 2100.614502
2552.980225 2428.280029 2429.716309 3141.301025
3066.494873 695.914795 2934.385986 1691.658691
4013.929199 455.182800 3889.582764 1462.262817
3632.170410 1394.574829 3488.221924 2392.396973
3427.664307 1206.577393 3287.495605 2198.550537
3780.501709 545.471436 3653.866943 1543.935181
3123.827393 230.811707 3001.078125 1227.176758
3427.682129 890.460144 3293.607666 1882.177856
3274.614014 1394.016357 3130.457031 2383.450439
3780.558105 773.553589 3649.354736 1773.803223
3631.647217 1843.112061 3489.953857 2759.342041
3631.638428 1919.743774 3489.183594 2834.697998
2310.599854 1174.129761 2210.726074 1885.866089
3427.822754 2627.320068 3299.419189 3356.135010
3781.678223 1699.509277 3639.258301 2648.384766
2858.846680 2839.045898 2727.481689 3554.372559
3781.849854 765.588867 3651.070312 1765.427490
2311.370850 1112.394531 2212.711426 1825.807495
2311.460938 1084.600464 2214.252441 1798.033203
3065.896729 794.590271 2931.905762 1789.238892
3630.256836 1183.282227 3489.944580 2180.097412
1240.187134 2703.654541 1113.677490 3393.521484
2173.541504 1711.449097 2063.582520 2421.714600
1240.533447 2707.720703 1113.857910 3397.542969
3630.019287 1390.886841 3486.018066 2388.628174
1058.102783 2743.594727 930.854797 3428.986084
3428.224854 189.640472 3308.540527 1181.220337
3273.711182 2483.578125 3148.534180 3210.793701
3124.634277 349.484039 2999.634033 1345.257324
3428.393555 2565.276367 3301.059814 3294.744873
1445.405884 1180.759521 1336.325684 1930.761108
4013.137939 780.416077 3881.160645 1791.356079
3124.953613 1825.676514 2980.072754 2763.578857
2858.107910 2716.154541 2729.288330 3432.912109
1056.562134 2732.077881 929.788635 3417.185547
3629.113525 337.626160 3507.897461 1330.125854
3065.010498 490.570374 2936.645996 1487.628662
2907.165771 319.308655 2823.558594 1043.686890
3628.953857 338.053955 3507.897461 1330.125854
3125.390137 223.365051 3002.719482 1220.150879
2858.000977 2625.055664 2730.695068 3342.743652
2907.165771 319.308655 2823.558594 1043.686890
2857.961426 2844.238037 2726.406006 3559.437012
2857.961426 2844.238037 2726.406006 3559.437012
1055.729370 953.241577 958.982971 1641.526978
2720.609131 1593.389404 2612.538818 2314.340088
3784.079346 1334.665039 3640.660645 2338.976562
3429.367432 2599.817383 3301.632568 3328.959229
3429.367432 2599.817383 3301.632568 3328.959229
3784.079346 1334.665039 3640.660645 2338.976562
2171.880615 1718.680908 2061.992920 2428.157471
1054.444458 957.540588 957.895508 1646.169800
2965.013916 497.351868 2878.155762 1223.334839
2549.904053 155.096848 2469.227295 872.411926
2549.904053 155.096848 2469.227295 872.411926
3126.664795 495.004669 2998.564941 1490.288452
2857.215820 2875.016113 2725.062744 3592.187988
3064.402832 503.253967 2936.021973 1499.262085
3430.240234 1088.946411 3292.415771 2080.317139
3430.240234 1088.946411 3292.415771 2080.317139
1052.681763 948.783264 956.167664 1637.031982
1052.477661 2787.278564 919.123352 3507.034424
3627.063232 1191.346802 3486.720703 2188.053223
3786.359619 2157.638428 3639.930420 3065.989258
2856.698486 2632.113281 2729.196289 3349.981201
3787.178955 1426.260498 3641.179688 2431.618652
3787.211670 2883.227295 3653.063965 3616.105957
2856.543701 1676.840820 2713.947510 2613.313721
3787.945068 2153.577881 3641.879639 3062.379883
4010.890869 450.946533 3886.334961 1458.159180
3625.976074 554.712952 3499.655273 1548.537964
2856.387695 2621.294189 2729.296875 3338.841797
3063.781494 658.909302 2932.267090 1655.227051
1049.831177 983.471863 952.630066 1671.698975
3788.503906 1469.328857 3641.945068 2474.868896
3788.671387 1017.628357 3652.055176 2019.647095
3625.798828 2859.830078 3493.233643 3591.337646
2317.580322 1099.658447 2219.202393 1812.844849
2856.042969 1050.668213 2758.331787 1774.902344
3625.695801 1433.939697 3480.790771 2431.661865
3625.646973 550.030090 3499.054932 1544.708008
2908.538818 2852.974609 2776.862061 3569.351318
1048.846680 2636.706055 924.084412 3322.226807
3625.412354 1281.119385 3483.464600 2278.005859
1048.806152 1027.446655 951.339783 1715.757324
1048.806152 1027.446655 951.339783 1715.757324
1048.806152 1027.446655 951.339783 1715.757324
3128.334717 227.766876 3005.625244 1224.423462
4010.005615 1336.012207 3865.153564 2353.911865
2908.843506 1159.725586 2767.333496 2155.151367
3790.176025 1423.654175 3644.078369 2429.177002
3790.182861 1429.643677 3644.093750 2435.249756
2909.023926 2738.206055 2779.761475 3455.505615
4010.005615 1336.012207 3865.153564 2353.911865
2855.156982 2730.138672 2725.919434 3445.909668
3128.953125 417.324432 3002.453613 1413.231079
3432.797119 690.634521 3303.116211 1681.891846
3269.297119 1258.273560 3127.822021 2248.260254
3432.822998 267.262665 3311.401611 1258.941772
3062.550293 2370.110107 2940.044922 3094.364258
1044.596924 999.445435 947.278748 1687.725952
2545.750977 2456.012207 2422.045898 3168.926270
1249.744385 2703.051758 1123.191895 3393.269287
3792.335449 1217.870483 3651.278320 2221.852051
3792.418945 1538.570068 3643.522461 2544.483887
3793.331055 1527.880493 3644.866211 2534.176514
3062.178223 525.523376 2933.282715 1522.058716
2854.036621 1673.393066 2711.342285 2609.672607
3793.451904 1419.836914 3647.493164 2425.562744
3621.079346 554.046509 3495.181396 1548.027832
3621.073486 2860.956543 3488.066895 3592.267334
3620.902832 2629.989502 3491.928955 3363.051514
3130.439453 232.643234 3007.606201 1228.940063
3620.589111 2615.665283 3492.301025 3349.479248
3268.124268 1052.509033 3130.957764 2043.760498
3130.755859 1414.039917 2986.208984 2402.897705
2853.523682 1470.956543 2715.469971 2404.494873
485.898773 1986.249268 371.179840 2662.115479
485.898773 1986.249268 371.179840 2662.115479
4007.158447 1432.668701 3860.063721 2451.360840
4007.158447 1432.668701 3860.063721 2451.360840
2853.410645 2634.117188 2725.940918 3352.004395
3619.872070 2866.343750 3486.566406 3597.819824
3795.314209 1220.815918 3654.251465 2224.916016
2325.114502 2525.177979 2199.984863 3234.773682
3434.500244 1351.853638 3290.214355 2349.531006
3797.038818 1560.566772 3647.643555 2567.021484
2161.758301 1764.469360 2050.514893 2474.075439
2852.608154 2749.414551 2722.934326 3465.346680
3060.892090 792.912964 2926.847656 1788.034302
2910.924316 1315.842407 2766.596924 2309.533936
2910.924316 1315.842407 2766.596924 2309.533936
4005.743896 779.462524 3873.763916 1789.922729
3617.867188 1184.168335 3477.930908 2180.794678
2910.953369 1164.473755 2769.519043 2159.202148
2543.271973 2459.394287 2419.238037 3172.573486
3798.639160 2070.765869 3654.374023 2981.222412
3132.437744 237.075150 3009.528076 1233.603149
3798.728027 1552.218384 3649.437988 2558.467285
2989.565674 935.547302 2852.415039 1931.483032
3798.728027 1552.218384 3649.437988 2558.467285
3616.907471 371.586914 3493.825684 1365.238159
3132.437744 237.075150 3009.528076 1233.603149
3616.625488 854.917542 3483.986816 1849.781128
3799.193359 1395.367065 3653.706055 2401.196533
3060.363281 698.589600 2928.020020 1694.256592
2327.324219 1117.795044 2228.909912 1830.549927
3615.514160 1480.382446 3469.515869 2477.722412
3799.816406 584.714844 3672.143311 1584.103638
2851.708984 2737.600586 2722.430176 3453.684082
3799.816406 584.714844 3672.143311 1584.103638
3266.071533 1834.697632 3125.846436 2743.487549
3614.950928 1963.120605 3471.705566 2878.214600
3799.957031 777.556091 3668.784912 1778.172241
3133.146729 353.684998 3008.153076 1349.317993
3800.580566 1426.367676 3654.858398 2432.501221
3059.365234 789.016663 2924.995117 1784.245361
3059.365234 789.016663 2924.995117 1784.245361
3613.589111 1475.421631 3467.432617 2473.073242
2329.605225 1105.709351 2230.981445 1818.934692
2329.605225 1105.709351 2230.981445 1818.934692
3133.439697 1208.154053 2992.556396 2198.601562
3059.140625 1721.290771 2915.846924 2660.990967
3265.873291 167.014267 3145.554688 1160.339111
3265.873291 167.014267 3145.554688 1160.339111
3612.906006 1489.090210 3466.626709 2486.585693
2850.971191 2629.466309 2723.647705 3347.111328
2850.910889 2640.181152 2723.254150 3358.114746
3133.622559 454.090912 3005.780029 1449.960938
2850.707764 2745.337646 2721.093750 3461.751221
2912.523682 2823.343750 2781.434570 3540.137451
3801.839111 551.397888 3674.907471 1550.615479
2990.396729 2047.804443 2847.416748 2944.483154
3801.943359 382.178619 3679.285156 1379.340820
2850.364258 2733.993652 2721.110352 3450.041504
3436.685791 2629.881348 3308.158203 3359.152344
2962.991943 2335.147217 2840.934814 3056.617188
2540.912598 441.253204 2453.088867 1164.811279
2962.991943 2335.147217 2840.934814 3056.617188
2850.048096 991.068909 2753.821289 1716.021362
2850.048096 991.068909 2753.821289 1716.021362
3134.762207 183.939453 3013.228027 1180.020020
2849.959961 1050.316406 2752.060791 1774.379761
1435.720703 1171.110718 1327.454834 1921.466553
2332.544922 1082.140625 2234.313477 1795.472778
3609.301514 1487.183228 3463.168945 2484.294189
3804.462402 1183.717773 3664.330566 2188.232178
3609.200684 1476.840942 3463.024170 2474.319336
3804.736084 1247.341553 3663.060791 2251.923096
3135.012695 612.636597 3004.590576 1607.773682
3135.012695 612.636597 3004.590576 1607.773682
3804.736084 1247.341553 3663.060791 2251.923096
3804.860352 787.974304 3673.670166 1788.907349
3135.062256 497.979126 3007.044678 1493.310303
3607.885742 1482.865967 3461.714111 2480.198242
500.219513 1987.102051 385.198761 2664.291504
1026.969238 2837.859131 890.246826 3569.980225
3264.360352 803.143127 3131.517822 1794.686157
3135.344238 811.463013 3001.090332 1804.815674
2727.667969 1659.460083 2618.450684 2380.525391
2727.667969 1659.460083 2618.450684 2380.525391
3264.194092 316.388062 3140.771484 1309.316528
3438.128174 2695.611816 3307.796875 3425.039795
3805.433105 490.951538 3680.122559 1489.253540
2727.948975 1635.678223 2619.045166 2356.832764
1261.001953 1678.925781 1152.147705 2372.272949
2156.042969 1802.375488 2044.341797 2510.938721
2156.042969 1802.375488 2044.341797 2510.938721
3263.784180 1779.296021 3126.225830 2681.356934
3606.698975 1488.355469 3460.558594 2485.348389
3606.698975 1488.355469 3460.558594 2485.348389
3438.549316 2664.654053 3309.433350 3393.820068
2728.166992 1520.368408 2621.414795 2241.001953
3605.732422 2575.327393 3478.052002 3308.499512
3807.362549 1224.464722 3666.433105 2228.869385
3605.732422 2575.327393 3478.052002 3308.499512
4002.351562 1607.492188 3850.461914 2627.710449
2538.809814 235.802002 2456.511230 952.280151
4002.351562 1607.492188 3850.461914 2627.710449
3263.539307 642.140259 3134.220459 1634.937012
3136.312744 546.827576 3007.568115 1541.852661
1021.827637 2742.963867 895.552734 3427.801025
2848.044189 2599.143555 2721.264160 3317.071045
2538.712646 2430.509521 2415.118896 3143.597168
2990.842529 387.441315 2906.043213 1113.617920
2990.842529 387.441315 2906.043213 1113.617920
2990.895264 2920.808838 2857.891846 3637.560791
3605.176514 1493.923828 3458.807373 2490.818848
3056.520264 123.466530 2977.267090 850.291687
2015.435425 2885.334717 1884.990479 3585.872559
1019.585876 2737.438721 892.264160 3421.987061
3808.902344 1395.961792 3663.219482 2402.275391
2914.143311 729.214111 2821.177734 1463.611694
3603.648193 1504.036255 3456.901123 2501.110840
3603.648193 1504.036255 3456.901123 2501.110840
3137.113525 741.648071 3004.700439 1735.176147
1016.848206 2853.591064 878.978760 3589.449219
2338.010986 1083.720215 2239.894531 1796.910889
3439.548096 940.516724 3304.425049 1932.575928
3439.548096 940.516724 3304.425049 1932.575928
3603.192627 1118.422607 3463.375244 2120.224609
3602.989990 2584.160156 3475.174805 3317.338867
3602.989990 2584.160156 3475.174805 3317.338867
3137.223877 399.019653 3011.104004 1394.625854
4000.301514 1456.723145 3852.336426 2475.183594
2847.062744 2716.811768 2718.003418 3433.623535
3440.120850 137.156357 3321.428711 1128.516602
3602.311279 78.833664 3491.883789 1031.670654
3602.311279 78.833664 3491.883789 1031.670654
3999.998535 813.356934 3866.943115 1824.115845
3999.949707 813.419861 3866.943115 1824.115845
3261.531494 645.995422 3131.575195 1638.283813
3261.531494 645.995422 3131.575195 1638.283813
3811.649658 791.046875 3679.452881 1792.712158
3999.918457 469.769165 3874.983887 1476.468628
3601.979980 1510.918945 3455.303223 2508.537109
3812.061768 381.107269 3689.590576 1378.852905
3601.557861 1238.619629 3460.685547 2234.427002
3601.557861 1238.619629 3460.685547 2234.427002
3812.576172 1165.781372 3672.740967 2169.838867
3137.812988 1396.559326 2993.725830 2385.499756
2914.952881 2768.432617 2784.648438 3485.825439
3813.125977 1225.462646 3672.022461 2230.364746
3600.786377 2851.683105 3467.918945 3582.938721
3137.998535 728.355164 3005.672363 1721.874390
3600.786377 2851.683105 3467.918945 3582.938721
3813.165039 610.192627 3685.461670 1609.805786
3137.998535 728.355164 3005.672363 1721.874390
3813.165039 610.192627 3685.461670 1609.805786
3440.587402 936.546936 3305.623291 1928.392822
2730.447021 1610.633789 2621.691162 2332.663330
3999.088867 1610.820190 3847.020020 2631.455322
2535.732910 231.619659 2453.198730 947.999084
2535.732910 231.619659 2453.198730 947.999084
3813.257324 1481.674683 3666.473877 2488.673340
2341.056152 586.929688 2249.449219 1315.136108
2341.056152 586.929688 2249.449219 1315.136108
2534.903076 238.528336 2452.427490 954.725159
2534.801758 438.783813 2447.981934 1161.651001
3259.832275 2469.243896 3134.777100 3196.024170
2845.546387 1459.757568 2707.745605 2393.047363
515.227173 1952.994629 401.910370 2629.125732
3599.016602 886.014954 3465.807617 1880.654663
3814.565186 793.408813 3682.593506 1794.730469
3259.589355 1258.728394 3118.026611 2248.657227
3599.016602 886.014954 3465.807617 1880.654663
3138.674072 1219.837524 2997.520752 2210.577148
2018.705200 2930.039062 1887.053833 3630.653076
3138.674072 1219.837524 2997.520752 2210.577148
2992.689453 391.758698 2907.939453 1117.936401
2342.877930 2523.602783 2217.922119 3233.768311
2534.072998 2437.009033 2410.445068 3149.915283
3598.474121 2880.247070 3464.945068 3610.718994
2343.088135 973.105103 2246.886230 1687.714600
3815.822754 1574.113892 3665.897705 2582.448975
3815.927490 381.896729 3693.352783 1379.743164
2149.799561 1844.680786 2037.464600 2552.757568
3139.048096 387.526703 3012.930176 1382.817383
2844.547119 2599.946289 2717.825684 3317.130615
3139.351074 421.674255 3012.883301 1417.025024
3139.351074 421.674255 3012.883301 1417.025024
2844.437012 2610.689209 2717.424561 3328.034668
3996.802246 452.298279 3872.329102 1458.597290
3139.351074 421.674255 3012.883301 1417.025024
3815.995605 419.234528 3692.781982 1417.319214
2533.541748 678.048462 2443.009033 1395.576416
3598.036377 2571.114502 3470.395996 3303.825684
3598.036377 2571.114502 3470.395996 3303.825684
3816.048340 1529.146851 3667.478516 2536.549316
3139.573486 852.262451 3005.031494 1845.228149
3816.350342 787.843811 3684.739746 1789.194946
2533.489990 177.221619 2452.085449 893.918396
3139.573486 852.262451 3005.031494 1845.228149
3139.675537 744.942810 3006.898926 1738.139282
2731.787354 2362.974121 2609.980713 3078.479980
3053.947021 723.900452 2921.347900 1719.231689
2344.586426 2515.698975 2219.610596 3225.860840
2344.586426 2515.698975 2219.610596 3225.860840
3996.124268 765.112488 3864.651855 1775.032227
2533.234619 227.880905 2451.115234 944.104431
3139.884033 1018.626892 3001.596191 2010.714233
2533.229248 177.557083 2452.085449 893.918396
3139.944824 817.294373 3005.709961 1811.051392
3139.944824 817.294373 3005.709961 1811.051392
3140.098633 390.658813 3014.215576 1386.031494
2345.503906 1382.557007 2240.988770 2102.132324
3257.875488 646.497681 3128.005127 1638.835449
1429.058350 1133.675171 1324.063232 1868.887085
3140.216553 190.053329 3018.276123 1186.421509
3995.680176 1057.172485 3856.793945 2070.734375
3140.216553 190.053329 3018.276123 1186.421509
3596.014648 1525.206543 3448.882324 2522.014404
3595.622559 2186.504883 3449.006836 3093.012695
3140.356201 1756.939087 2996.660889 2696.392578
3140.356201 1756.939087 2996.660889 2696.392578
2843.401611 1518.551758 2704.495361 2451.472900
2843.401611 1518.551758 2704.495361 2451.472900
2843.393066 1468.468384 2705.489502 2401.735596
2532.250244 234.939499 2450.009033 950.257324
2148.467529 1851.328125 2036.067017 2559.486328
2732.541504 1368.154907 2628.849609 2089.869385
3053.119385 136.433014 2973.803223 863.212891
1428.180664 2823.312988 1298.755249 3515.529785
2843.151367 2669.806641 2715.086914 3386.942871
3818.977295 795.394287 3687.303955 1797.191650
2842.977295 2709.122314 2713.910400 3425.312744
2842.815430 2731.887451 2713.689209 3447.823730
3594.673828 1236.960205 3453.973145 2232.851318
2916.647461 2855.008789 2784.750244 3571.618164
2842.815430 2731.887451 2713.689209 3447.823730
3994.391113 1331.179688 3849.393311 2347.824463
3141.158447 813.708862 3007.157471 1806.942383
2021.114014 2896.559570 1889.988892 3597.374268
3141.287354 1268.994507 2998.820312 2259.109131
3141.287354 1268.994507 2998.820312 2259.109131
3443.823242 680.632019 3314.825195 1672.096924
3256.643799 833.311768 3122.971680 1825.146973
3594.172852 1494.047729 3447.779541 2490.667969
2842.567383 1745.747437 2699.542480 2679.219482
3256.483154 171.684341 3135.953857 1165.257446
2842.424805 2624.091553 2715.253418 3341.203613
3593.701660 1472.810425 3447.695068 2469.446533
3052.268555 131.331329 2972.542969 858.022644
3052.268555 131.331329 2972.542969 858.022644
3052.214355 2061.587891 2908.724854 2958.958008
3593.637451 246.659714 3473.826172 1238.209106
2917.274902 2740.442383 2787.411621 3457.957764
2841.885010 2271.754639 2719.962402 2999.370361
2841.882080 2633.642334 2714.580078 3351.172119
2841.882080 2633.642334 2714.580078 3351.172119
2348.606201 1025.364990 2251.355713 1739.688965
2530.475830 2434.236816 2407.100586 3147.181396
995.845154 2859.519287 858.168091 3595.735840
3593.142334 2884.014648 3459.692383 3614.300537
3593.142334 2884.014648 3459.692383 3614.300537
3593.142334 2884.014648 3459.692383 3614.300537
3593.135254 1240.290771 3452.248535 2235.952393
3593.135254 1240.290771 3452.248535 2235.952393
3593.055420 1221.985107 3452.570312 2217.693359
1273.478149 1580.971313 1166.943848 2274.275635
2841.681641 1733.992798 2698.371094 2667.882812
2146.402832 1847.023682 2034.026855 2555.161377
3592.905762 1179.317383 3453.035156 2174.871582
2530.009521 417.079681 2443.001709 1140.367554
3142.307861 1759.692871 2998.287598 2699.228271
2530.009521 417.079681 2443.001709 1140.367554
3051.944336 580.342346 2921.629395 1577.779053
3992.748779 725.127502 3861.954590 1734.696777
3592.691895 1248.152100 3451.947998 2243.557617
2349.489746 944.734680 2253.712402 1659.613892
3592.343506 1375.570679 3448.645508 2372.012939
2529.499756 2478.888184 2404.983398 3192.517578
2529.499756 2478.888184 2404.983398 3192.517578
3445.070801 695.865234 3315.895264 1687.421387
3992.435791 431.677887 3868.880371 1437.435303
3591.939453 1497.102539 3445.452637 2493.551025
3591.755371 1245.505981 3451.044678 2240.862549
3591.755371 1245.505981 3451.044678 2240.862549
3591.559326 1392.479736 3447.569092 2388.710938
3591.559326 1392.479736 3447.569092 2388.710938
3822.986084 1227.410889 3681.772705 2232.867920
2144.837158 1853.511353 2032.155396 2561.572266
2917.918701 1308.434692 2773.757812 2301.873291
3591.168701 1458.199463 3445.351807 2454.591553
2917.918701 1308.434692 2773.757812 2301.873291
3591.048584 1478.588867 3444.959229 2475.197510
3823.525635 813.011658 3691.326904 1815.078003
3254.668213 2474.092041 3129.448486 3200.808105
2918.102783 2714.678223 2789.102539 3432.330811
2023.550781 2262.587891 1903.635132 2969.306641
3590.913086 1235.064209 3450.080811 2230.295166
3590.772949 2840.301758 3458.459473 3571.566406
2918.102783 2714.678223 2789.102539 3432.330811
2735.148193 1625.175293 2625.837891 2346.069580
2351.421875 948.412903 2255.489990 1663.351074
2528.420410 2417.553955 2405.257812 3130.735352
2528.420410 2417.553955 2405.257812 3130.735352
3991.059570 451.965088 3866.333252 1457.796509
3143.134277 816.860779 3008.797119 1810.027222
2918.344971 2743.410889 2788.430664 3461.284180
3824.179688 795.201172 3692.629639 1796.668335
3254.260986 843.104553 3120.655273 1835.161987
2840.308594 2640.553467 2712.787109 3358.299561
3590.355469 1175.451050 3451.149414 2171.052979
3254.260986 843.104553 3120.655273 1835.161987
2840.059082 2636.960205 2712.593018 3354.644287
2840.059082 2636.960205 2712.593018 3354.644287
3824.594482 588.170715 3696.979492 1588.513428
3824.922607 1418.199463 3678.778564 2425.330811
2918.650879 2348.888184 2796.477295 3070.015381
3253.853760 284.760559 3131.119873 1278.261841
3990.855225 768.365356 3858.656738 1778.288574
3990.836670 506.006256 3865.377686 1512.665283
2918.710449 765.840515 2826.462646 1491.785522
3990.836670 506.006256 3865.377686 1512.665283
539.489136 2878.777832 409.339172 3555.299805
3143.665283 143.685272 3022.554199 1140.481323
2353.313232 1005.451660 2256.549561 1720.051880
2353.313232 1005.451660 2256.549561 1720.051880
3990.177490 721.717346 3859.274902 1731.036987
3589.411865 1243.327637 3448.604004 2238.450195
2839.632080 2745.558350 2710.278076 3461.300781
2839.632080 2745.558350 2710.278076 3461.300781
3989.888916 434.371307 3866.012695 1439.995361
3825.931396 1401.903442 3680.645264 2409.187012
3588.725830 2045.692261 3443.842041 2959.567383
3253.156494 175.036453 3132.280762 1168.724365
3253.156494 175.036453 3132.280762 1168.724365
985.019714 2875.831055 846.592163 3615.109131
3588.399414 1427.663940 3443.486572 2424.168213
2025.348389 2888.701416 1894.288574 3590.039551
3252.832031 180.244644 3131.865967 1174.180054
3587.933838 1411.018066 3443.933105 2407.408447
3252.832031 180.244644 3131.865967 1174.180054
3252.787354 162.136963 3132.361328 1156.042603
3826.427246 1407.095215 3680.723145 2413.539795
3587.815430 1480.567871 3441.583252 2476.970459
3587.727539 1432.786865 3442.701904 2429.020264
3587.660889 2867.703125 3454.683594 3598.492920
3826.936768 802.579895 3695.508057 1804.590454
3587.459717 2559.965820 3460.071289 3292.370361
3049.729980 2365.788330 2927.074707 3089.584717
3144.793213 446.860474 3017.735596 1442.359741
2355.731445 979.692749 2259.172363 1693.870728
3447.340088 909.324158 3312.734375 1901.481934
2919.330322 2856.898438 2787.499512 3573.669434
3827.432129 1360.036377 3683.535889 2366.865479
2025.709961 2380.986816 1903.817505 3084.430176
2356.523682 1020.812012 2259.503418 1734.885986
3586.497314 983.610779 3450.671387 1978.087891
3145.083740 458.496887 3018.084961 1453.509399
3145.083740 458.496887 3018.084961 1453.509399
3987.969727 1609.470459 3835.562500 2628.895752
3586.037842 2872.387695 3452.850342 3602.968262
3586.037842 2872.387695 3452.850342 3602.968262
3145.290283 1758.001221 3001.943359 2697.615967
3586.037842 2872.387695 3452.850342 3602.968262
3828.395752 1443.985229 3682.080566 2451.548584
3828.713623 1549.166504 3679.717773 2557.426758
2737.847412 1370.564819 2633.664795 2091.981445
3145.420410 1263.214355 3003.154541 2253.331055
3145.445557 1229.831177 3004.070557 2220.429688
3145.449463 169.965775 3023.789062 1166.714844
3145.449463 169.965775 3023.789062 1166.714844
2524.700928 189.011749 2442.974854 905.936707
3448.176025 919.950195 3313.397461 1911.464355
2738.128662 1365.030029 2634.635986 2086.360107
3585.087402 1430.375977 3439.981445 2426.531006
2359.330566 977.353638 2263.123535 1691.685913
2920.022949 2708.332275 2790.872559 3426.116699
2524.426514 2433.950195 2400.708496 3146.953613
2524.426514 2433.950195 2400.708496 3146.953613
2359.538818 927.370056 2264.172852 1641.837769
3145.945801 1020.055115 3008.044189 2012.213501
3145.945801 1020.055115 3008.044189 2012.213501
2139.819580 1858.641479 2026.991333 2567.389893
2359.538818 927.370056 2264.172852 1641.837769
2139.819580 1858.641479 2026.991333 2567.389893
3829.733887 1401.873169 3684.432373 2409.441406
3584.499268 1364.464722 3441.138672 2360.281494
2360.240479 989.181702 2263.642090 1704.416382
2837.305420 2628.763672 2710.043701 3346.050537
2738.676514 2336.153564 2617.354736 3051.328369
3048.083496 251.242874 2966.271973 977.223206
2738.676514 2336.153564 2617.354736 3051.328369
2920.527832 2745.891602 2790.658447 3463.654541
2523.589844 287.032043 2440.173828 1003.300110
3831.853760 1412.230225 3686.096680 2419.661621
3831.972900 1419.462402 3686.220947 2427.347900
3832.002197 1025.685791 3694.698730 2029.698853
3832.002197 1025.685791 3694.698730 2029.698853
2836.609131 2696.056152 2707.995361 3412.351318
3146.840576 164.727783 3025.285400 1161.228760
3832.518555 990.929077 3696.595947 1994.786499
3832.518555 990.929077 3696.595947 1994.786499
2836.427490 2706.397705 2707.662598 3422.411377
2836.427490 2706.397705 2707.662598 3422.411377
2836.370117 2634.623291 2708.778076 3352.496094
3986.448486 772.961487 3854.854248 1782.405762
2920.872803 2835.274658 2789.659180 3552.035400
3581.614258 303.200775 3460.093262 1295.360107
3249.109375 344.422363 3125.128418 1337.625854
2739.976074 1368.120605 2636.433838 2089.601807
3147.417480 1253.731445 3005.199707 2244.090820
3833.225098 1557.426147 3683.950195 2566.113037
3147.490234 818.060059 3013.399658 1811.293335
3249.005615 447.031067 3122.888428 1440.262451
3833.580078 321.909943 3712.265869 1320.101562
3248.921143 841.843506 3114.968262 1833.837280
3248.921143 841.843506 3114.968262 1833.837280
2740.182129 1623.864502 2631.363281 2345.061279
3581.364990 1365.812622 3437.956787 2361.669434
2835.910645 1049.090332 2738.121094 1772.664551
3834.412354 576.888123 3707.312500 1577.400635
3580.898926 2869.975342 3447.610596 3600.392822
2028.021729 2892.832520 1897.293335 3594.116943
2522.139648 213.854889 2439.998779 929.785278
2921.201904 1326.738403 2776.822021 2319.583984
2364.631592 1411.645264 2260.578369 2125.698730
2364.631592 1411.645264 2260.578369 2125.698730
3248.239014 1818.018921 3108.692627 2726.368408
3248.066162 183.550201 3127.270996 1177.862915
3148.019043 144.290512 3026.870361 1140.866211
2921.322754 2847.927734 2789.824707 3564.525879
3148.166748 172.942368 3026.587158 1169.095703
966.883728 2885.231934 827.982422 3626.372314
2835.120850 1053.914917 2737.151367 1777.802246
3836.448486 990.043762 3700.461670 1993.791382
3836.448486 990.043762 3700.461670 1993.791382
1288.038696 726.921448 1190.632446 1456.848389
3837.036377 1318.916748 3693.970459 2325.768799
3148.578613 783.789429 3015.027832 1777.011963
3578.624023 1511.832886 3432.163818 2508.052979
2366.863770 944.678833 2271.256348 1659.455078
3247.103271 341.513519 3123.128662 1334.679199
2133.503418 1647.975342 2022.079590 2374.287109
3148.761719 610.586853 3018.775391 1605.334961
2921.665527 2860.597900 2790.138428 3577.466064
3148.857910 1249.785645 3007.114990 2240.059326
2367.980469 937.712463 2272.310303 1652.716187
1416.579224 2849.464600 1287.325928 3543.255859
2997.463867 2922.762451 2864.117920 3639.267822
1289.356934 2769.196045 1161.649658 3459.777588
1289.356934 2769.196045 1161.649658 3459.777588
3577.723389 1670.106934 3435.267822 2616.287354
2833.978271 2861.271973 2702.235840 3576.337646
2520.322754 289.789032 2436.570312 1005.800598
3045.772705 2060.054688 2901.812500 2957.119141
2833.978271 2861.271973 2702.235840 3576.337646
3984.822510 687.121460 3855.146729 1695.147949
2997.655518 1778.640259 2853.384521 2714.702148
3045.500488 579.142883 2915.499268 1576.707275
3837.680176 788.455811 3706.215088 1791.005249
2029.350952 2886.107422 1898.414917 3587.320801
3149.230469 1228.089600 3008.010254 2218.564453
2519.879639 209.200684 2438.187012 925.337402
2132.659424 1784.765747 2021.310303 2495.463135
3983.956787 1565.799438 3833.467041 2584.224365
3577.210205 1390.580444 3433.337402 2386.498291
2957.364990 2040.314453 2814.569580 2936.890381
3451.514648 917.768494 3316.676025 1909.798218
3577.154541 2873.686523 3444.204102 3604.010498
3577.154541 2873.686523 3444.204102 3604.010498
3149.597900 1234.797729 3008.497803 2225.183594
3983.318359 775.719543 3851.416504 1784.927734
1290.901733 2773.128662 1161.908691 3464.142578
3983.313721 441.001984 3859.128906 1446.302368
1290.901733 2773.128662 1161.908691 3464.142578
2369.674072 947.455139 2273.873779 1662.211792
2369.674072 947.455139 2273.873779 1662.211792
3451.652100 908.139404 3316.898926 1900.423096
3451.714600 703.473389 3322.162598 1694.811646
3576.800781 1516.032349 3430.281250 2512.086426
3451.714600 703.473389 3322.162598 1694.811646
3576.680664 2833.650879 3444.746826 3564.568604
3244.978516 314.204498 3122.047852 1306.842773
2519.213379 695.611206 2428.052490 1413.110962
3149.989502 1268.891968 3007.571533 2258.731934
3576.680664 2833.650879 3444.746826 3564.568604
2833.445557 2896.407959 2701.441406 3610.816895
3244.765137 2382.423340 3121.355713 3112.218506
3244.765137 2382.423340 3121.355713 3112.218506
2833.405029 1107.509766 2734.598633 1830.733887
2833.195801 2230.842529 2713.728760 2947.080322
3982.990967 1329.587036 3838.197021 2345.664062
3838.956543 512.367065 3713.367432 1512.294434
3575.611816 312.484497 3454.428467 1304.178223
2957.038574 2868.973633 2825.066650 3586.323242
3838.956543 512.367065 3713.367432 1512.294434
3838.956543 512.367065 3713.367432 1512.294434
3243.924316 178.071411 3123.020264 1173.152100
3150.517090 1272.311768 3007.965088 2262.522217
2518.027588 540.250671 2429.481689 1262.304932
3574.920410 289.486206 3453.936523 1281.186768
3574.920410 289.486206 3453.936523 1281.186768
3243.650146 204.001877 3122.234131 1197.877563
3574.920410 289.486206 3453.936523 1281.186768
2998.334229 775.127869 2864.635010 1772.251709
3243.602783 208.252274 3121.995117 1202.137695
2371.966309 943.894470 2276.473877 1658.668457
2371.966309 943.894470 2276.473877 1658.668457
2372.006836 1397.684448 2268.300293 2112.056885
3981.795410 1257.622192 3839.936768 2272.969238
2517.171631 2009.013794 2401.149902 2725.021973
3840.567627 795.559814 3708.826416 1798.073486
2031.195190 2879.264893 1900.461426 3580.001953
2031.195190 2879.264893 1900.461426 3580.001953
2516.952637 2423.419678 2393.297607 3136.724854
3574.183105 1372.332397 3430.434814 2367.946289
2372.835693 844.876343 2278.907959 1559.835693
3150.908936 325.103760 3026.949951 1320.073730
2832.326172 2879.418945 2700.497559 3593.824707
3453.456055 897.827759 3319.017578 1890.065308
3573.336914 318.625305 3451.567627 1311.140381
2832.140625 2698.844238 2703.433350 3414.694092
3841.228516 788.717712 3709.691650 1791.203491
3573.069580 214.596603 3453.598633 1205.909912
2373.708252 2780.569092 2243.114258 3494.640869
2516.167969 2434.598633 2392.383545 3147.543213
2130.043701 1900.421265 2016.355835 2608.944824
3572.928223 1523.359253 3426.399414 2519.482910
3151.232910 535.972534 3022.757324 1530.413818
3151.232910 535.972534 3022.757324 1530.413818
3242.800293 140.154343 3122.681885 1133.958374
3572.317871 161.641068 3453.671387 1153.397827
3572.084229 2833.428955 3439.821777 3564.506104
3979.844482 503.619385 3854.568604 1509.537476
3242.385498 2378.263672 3119.044922 3108.135498
2515.674316 695.260132 2424.689209 1413.026489
2032.134644 2890.569092 1901.368774 3591.897949
3151.277344 771.085632 3018.160889 1764.522095
2129.267334 1994.135742 2014.265503 2701.432129
2923.865723 2744.695312 2794.111328 3462.529297
3242.070801 2471.167236 3116.957275 3197.183838
3571.216553 1528.653931 3424.376709 2525.151123
3570.959473 1382.567871 3427.155762 2378.413086
2515.467773 2397.618408 2392.727295 3110.743896
2515.467773 2397.618408 2392.727295 3110.743896
3151.576172 254.483429 3028.457031 1250.227295
3043.419678 575.749146 2913.495361 1572.723389
2375.912109 848.150635 2282.295898 1562.604126
2375.912109 848.150635 2282.295898 1562.604126
2128.998779 1907.190552 2015.253540 2615.227783
3843.572021 1412.714355 3697.479492 2420.676758
3843.638672 278.542114 3723.089844 1276.460938
2745.923584 2328.541748 2624.664062 3043.719727
2924.195801 687.182678 2833.898682 1412.330200
2924.219971 2723.134521 2794.977051 3441.178467
2924.219971 2723.134521 2794.977051 3441.178467
3454.460205 299.320923 3332.480713 1290.743286
3570.247070 2827.322266 3437.683838 3558.007812
3570.247070 2827.322266 3437.683838 3558.007812
3454.663086 2680.901123 3325.147949 3410.859863
3240.890625 846.536194 3106.842773 1839.024048
3569.974609 2844.516602 3437.404785 3575.184814
3454.751465 144.118362 3336.027100 1135.666382
3240.776123 207.011093 3119.002930 1200.902832
3845.024170 620.688232 3716.727295 1621.744385
3454.751465 144.118362 3336.027100 1135.666382
3845.073730 795.416626 3713.659668 1798.330078
2032.890747 2883.062256 1902.390625 3584.012451
3569.802002 1383.893311 3425.947998 2379.617188
3978.784912 523.948181 3853.668457 1529.693359
2999.245850 769.062012 2865.515381 1766.230347
3152.216797 121.185066 3031.515137 1117.937744
3152.216797 121.185066 3031.515137 1117.937744
3978.336426 785.129089 3846.543213 1794.344849
2999.344482 340.269043 2915.694092 1065.973877
2999.344482 340.269043 2915.694092 1065.973877
2830.554199 2909.127686 2697.489014 3622.542480
2830.554199 2909.127686 2697.489014 3622.542480
3239.866943 324.190948 3116.171875 1317.615601
2746.595215 1436.235107 2641.513428 2157.703857
3978.132568 1257.151367 3835.191162 2271.969971
3845.169189 614.422180 3717.030518 1615.648315
3845.169189 614.422180 3717.030518 1615.648315
2513.782227 2074.571533 2395.840820 2791.175781
3239.324951 179.766708 3118.368652 1173.859863
3239.215576 142.847382 3119.052246 1136.349365
3239.151611 1218.129272 3098.084229 2208.417969
3239.151611 1218.129272 3098.084229 2208.417969
3152.604980 526.447998 3024.232910 1520.729370
2378.545898 819.335999 2285.061279 1533.897949
2378.545898 819.335999 2285.061279 1533.897949
2924.768799 2922.389160 2791.939209 3638.347168
2830.067383 1102.564575 2731.618408 1826.136475
2955.983887 971.508362 2818.083008 1967.923950
2955.973877 549.782471 2867.906982 1276.316406
2924.771973 2716.132324 2795.650391 3433.796875
2378.904297 894.704163 2284.423340 1609.678711
3567.506104 2847.779541 3434.543457 3578.291504
2924.792969 2842.042236 2793.470459 3559.408691
2126.974609 1653.349976 2015.423828 2380.864258
2829.862793 2877.775146 2697.881104 3592.562500
2829.805420 2626.979492 2702.801025 3343.987793
3846.459717 815.221802 3714.236328 1818.175293
3846.459717 815.221802 3714.236328 1818.175293
2829.763916 1758.270142 2686.003906 2690.510498
3976.294434 572.439453 3849.679199 1578.882324
2829.763916 1758.270142 2686.003906 2690.510498
2924.925049 697.247437 2834.382568 1422.130615
2829.579346 1109.428345 2730.767822 1833.020508
3976.138184 771.905396 3844.302246 1780.880615
2829.579346 1109.428345 2730.767822 1833.020508
3976.138184 771.905396 3844.302246 1780.880615
2829.578369 2881.673340 2697.495361 3596.010010
589.907776 1932.982300 476.997742 2610.338135
2747.832520 1430.827515 2642.870850 2151.841797
3846.808838 811.695496 3715.212402 1814.843384
2380.641602 888.898743 2286.213623 1603.956177
3976.102295 1466.451050 3828.402344 2483.487549
2829.450439 2928.937744 2696.955566 3642.015625
3237.422852 576.468872 3107.953125 1571.006592
3237.422852 576.468872 3107.953125 1571.006592
3153.421387 1577.979736 3010.887939 2530.282959
2999.889404 337.011414 2916.362549 1062.733643
3847.033691 618.353577 3718.687256 1620.116211
3456.692139 162.799545 3337.596436 1154.381104
3456.692139 162.799545 3337.596436 1154.381104
939.613525 2896.077393 800.188049 3639.488525
939.613525 2896.077393 800.188049 3639.488525
2748.214844 2593.772705 2621.480713 3309.266602
2748.214844 2593.772705 2621.480713 3309.266602
3975.770752 561.782715 3849.981201 1567.876343
3975.770752 561.782715 3849.981201 1567.876343
3847.678955 267.658295 3727.424316 1265.419067
3975.770752 561.782715 3849.981201 1567.876343
2511.308838 2403.130615 2388.454590 3116.084717
2511.308838 2403.130615 2388.454590 3116.084717
3153.558838 866.916382 3018.605225 1859.908447
2829.054199 2295.385254 2706.468018 3023.120850
3848.474854 279.691071 3728.053467 1277.753662
592.978638 110.431328 511.872131 788.372070
592.978638 110.431328 511.872131 788.372070
3042.006348 261.726288 2960.360352 987.212219
3457.086182 903.037048 3322.670166 1894.896851
2381.891602 880.466431 2287.706055 1595.473389
3848.724365 966.811768 3712.927734 1971.047974
3848.771973 535.499084 3722.681641 1535.786011
2125.344727 1934.768311 2011.178589 2642.717285
3565.049072 1347.093384 3421.893555 2342.638184
3849.103271 353.451477 3727.132080 1352.358887
1301.226196 2787.479736 1171.990479 3477.736328
3154.139404 1741.937744 3010.767578 2680.623291
3849.116699 827.118774 3716.698730 1830.423828
3849.116699 827.118774 3716.698730 1830.423828
3154.218994 838.149475 3019.862549 1830.927246
2510.020020 2630.824951 2379.799561 3362.460938
3564.312744 179.755188 3445.406250 1170.641846
3849.246826 275.780975 3728.718750 1273.868774
3564.226074 1380.402710 3420.761963 2375.625488
2749.856445 2320.952881 2628.888916 3036.006836
2749.880859 2324.558594 2628.906250 3039.678711
2749.880859 2324.558594 2628.906250 3039.678711
3235.208740 646.881226 3105.091064 1639.297729
598.261414 108.883209 517.879517 787.133789
2828.136963 2620.103516 2700.768555 3338.052979
2383.216309 875.255005 2289.148682 1589.674072
2383.216309 875.255005 2289.148682 1589.674072
3154.531982 327.258606 3030.219971 1321.611328
1302.524780 2769.388672 1174.336304 3460.354248
3563.552246 1827.186157 3424.234131 2734.384766
1302.675781 997.364990 1195.979126 1754.193726
3154.662842 577.128113 3025.103271 1571.826782
3973.881836 1207.189453 3832.358398 2221.377686
3973.881836 1207.189453 3832.358398 2221.377686
2827.718994 2828.225586 2696.672119 3543.393555
2750.381836 2608.946533 2623.883545 3324.210938
3234.621338 351.174316 3110.133789 1344.657471
3973.647217 725.690552 3842.732178 1733.989624
3234.482910 846.022034 3100.487793 1838.098877
3234.482910 846.022034 3100.487793 1838.098877
2926.102783 2903.616943 2793.530029 3619.669922
2508.545654 258.251221 2425.556396 974.294678
2508.545654 258.251221 2425.556396 974.294678
3851.664551 289.183685 3730.657715 1287.645874
3458.924561 2712.903564 3328.486816 3442.159912
3458.924561 2712.903564 3328.486816 3442.159912
3458.961426 276.501282 3337.965332 1267.989380
3851.923096 283.309998 3731.434570 1281.896240
3562.175537 1356.481934 3419.358398 2351.976807
2926.373291 690.483704 2835.880127 1415.561768
2122.963379 738.164368 2029.464111 1456.406128
2122.963379 738.164368 2029.464111 1456.406128
3155.196777 252.510590 3032.279297 1248.361572
2827.125732 1097.938477 2729.155762 1821.940674
2827.069336 2624.612061 2699.860107 3341.918213
3852.358154 273.421448 3731.988525 1271.577393
2751.425537 1446.014404 2646.352539 2167.001953
3001.730225 772.628113 2867.716064 1769.701172
3852.563965 989.764526 3716.044434 1994.371948
2826.979736 2894.458496 2694.510498 3608.360352
3971.813477 763.540649 3840.391357 1772.238159
3852.589111 809.982910 3720.725342 1813.141235
3971.741943 474.137848 3846.773438 1479.444824
3232.860107 257.883362 3110.270264 1251.948120
3971.741943 474.137848 3846.773438 1479.444824
3971.724365 559.233643 3845.481445 1565.041870
3971.724365 559.233643 3845.481445 1565.041870
2386.795166 861.587708 2292.871338 1575.442505
2386.795166 861.587708 2292.871338 1575.442505
3853.018799 973.760193 3717.245117 1978.155273
3232.023438 347.974487 3107.642822 1341.783325
3302.624268 2500.324463 3176.857178 3227.719238
1591.023438 1973.513550 1474.790405 2685.648682
4355.407227 1590.213867 4201.123535 2639.304932
1590.732056 924.273865 1494.126465 1628.506226
1590.732056 924.273865 1494.126465 1628.506226
3372.483154 297.535980 3250.330566 1289.443848
3372.349609 1209.574585 3231.685547 2200.472168
2622.014648 23.278271 2543.799561 741.332458
5145.610352 2454.790771 5018.807129 3214.484619
4204.235840 554.977783 4076.418213 1575.644287
4356.423340 2412.140869 4230.913086 3157.968018
1765.869385 1016.825439 1668.119629 1725.020996
3671.716309 993.846130 3535.421387 1991.059814
3671.716309 993.846130 3535.421387 1991.059814
1667.321777 77.055466 1586.442017 779.521606
3671.511719 1359.709473 3527.743652 2358.922607
3370.912598 303.218750 3248.385010 1295.543823
1763.571533 1023.116394 1665.420044 1731.282593
3671.196777 347.636230 3549.667480 1340.856445
1585.943359 1217.481689 1476.517944 1978.684570
3740.003174 2569.766602 3612.453125 3306.865479
3369.746094 868.725769 3235.211426 1860.345093
2973.334229 1788.235718 2829.309570 2723.118896
3295.497559 221.715317 3174.074951 1214.794189
3295.271240 677.499390 3165.275635 1669.600098
3740.562500 1404.204834 3595.185059 2406.868896
4036.738037 838.584595 3902.982666 1852.051636
4036.695068 1935.512573 3894.449707 2849.911621
4036.695068 1935.512573 3894.449707 2849.911621
2895.957275 2876.889893 2763.521973 3594.341553
3368.405273 2611.181152 3240.605713 3339.131348
4193.382812 633.109314 4064.051270 1653.447632
3368.405273 2611.181152 3240.605713 3339.131348
5177.198730 2601.226562 5049.568359 3359.242188
4036.525146 635.832153 3907.375488 1646.422607
2626.269775 1980.784058 2510.808594 2698.528320
2626.269775 1980.784058 2510.808594 2698.528320
4036.525146 635.832153 3907.375488 1646.422607
2701.231201 2384.443604 2578.580566 3099.776367
4190.984375 1970.589600 4048.251953 2888.293213
4726.310059 611.766846 4637.358398 1381.021484
1116.951782 847.148804 1022.844421 1536.704590
1116.951782 847.148804 1022.844421 1536.704590
2874.148438 2751.732666 2744.188965 3467.807373
4369.310547 1310.875488 4222.123535 2357.470215
4369.310547 1310.875488 4222.123535 2357.470215
2896.202393 2358.694092 2773.836914 3078.542969
4186.792480 625.694946 4057.626465 1645.868408
3366.621826 1379.691284 3223.218018 2370.620117
4723.151855 2436.032715 4598.695801 3185.458252
4186.396973 1539.980835 4034.550537 2573.495361
4186.396973 1539.980835 4034.550537 2573.495361
4185.629883 628.663635 4056.027344 1648.776123
3293.846436 271.710114 3171.867676 1264.357056
4718.595703 621.813232 4629.023438 1389.553345
394.457520 845.221252 301.471893 1520.219604
2628.889893 1991.353516 2513.441406 2709.345703
4372.099609 2232.770020 4249.450684 2984.638428
3293.475342 237.044250 3171.556152 1230.417480
2201.126953 1508.099854 2094.831055 2219.606934
4181.402344 808.607666 4048.072998 1831.603394
3077.705078 435.383423 2950.682617 1432.037964
4716.063477 2447.997803 4591.054688 3196.981934
4716.063477 2447.997803 4591.054688 3196.981934
3107.296875 522.928711 2978.606934 1518.604370
4374.314941 2352.449463 4250.122559 3098.045166
4179.533691 499.139740 4052.414795 1517.240601
2896.500488 2680.875244 2767.996826 3399.522461
2268.165527 1508.919922 2161.337646 2220.490234
2268.165527 1508.919922 2161.337646 2220.490234
2577.385742 53.843285 2498.631592 770.309448
2873.547119 2838.137451 2742.264893 3552.861084
2873.547119 2838.137451 2742.264893 3552.861084
3743.954346 787.868713 3612.656006 1786.604126
3410.942627 688.242493 3281.498291 1679.609497
3667.167969 1513.334839 3519.895264 2512.999023
2576.654053 2427.890869 2453.390381 3141.000244
5207.644531 2047.099854 5090.045410 2811.499756
4376.282227 1219.642944 4230.793457 2265.632812
3292.727539 2507.524170 3167.025146 3235.139404
1112.977173 2681.915283 986.949280 3368.975586
1112.977173 2681.915283 986.949280 3368.975586
4710.362305 2441.116943 4585.712891 3190.398438
4710.362305 2441.116943 4585.712891 3190.398438
3363.181396 137.593933 3243.975342 1128.901978
4377.308594 2106.329346 4257.526367 2852.520996
2631.658936 2461.818115 2505.796387 3185.737793
2873.032227 1738.645752 2729.697754 2673.045410
2873.032227 1738.645752 2729.697754 2673.045410
3077.099854 451.224579 2949.790039 1447.954956
2872.934570 2599.658203 2746.169189 3317.735596
2632.177734 1976.538696 2517.220459 2694.612549
4173.805664 831.018738 4040.328125 1853.172363
4378.606445 2285.314941 4255.897461 3033.311035
3362.280762 303.578888 3239.486572 1295.823242
1112.108154 820.623657 1018.345886 1510.411987
4173.805664 831.018738 4040.328125 1853.172363
3076.894775 1614.450317 2936.329590 2554.766357
3361.988281 672.338684 3232.271240 1663.537598
1881.710449 988.153137 1783.660034 1698.587524
4172.520508 939.906006 4035.781982 1963.829712
3746.875732 202.000931 3635.849365 1147.648315
3076.779053 433.625977 2949.632324 1430.779785
3361.628662 1219.219360 3220.590332 2210.395996
1675.514648 2907.184570 1544.893188 3604.287598
4380.912598 2130.183838 4261.152832 2878.834473
4034.788330 833.123108 3901.510010 1846.178345
4170.942383 837.604858 4037.383057 1859.230591
2271.460693 2540.704590 2146.021729 3249.383789
4169.856445 1798.061401 4028.977295 2724.121094
4701.410645 2433.637207 4576.234375 3183.157959
3665.436523 1379.063965 3521.334961 2378.214355
3361.081055 1396.079468 3217.442383 2386.542725
1751.582153 1097.625977 1651.042847 1805.368652
3412.142578 2432.823242 3287.442627 3162.217529
5228.736328 262.028320 5147.338379 1037.045654
4034.297363 1307.974609 3890.300537 2327.515137
5228.736328 262.028320 5147.338379 1037.045654
3108.226318 518.384644 2979.845459 1514.367798
4168.440918 939.299561 4031.670166 1962.849487
4167.379395 521.927063 4040.201416 1539.549438
4697.703125 630.589172 4608.772949 1397.623901
2272.412598 1592.988647 2164.518311 2304.519043
2272.412598 1592.988647 2164.518311 2304.519043
2703.500977 2027.275879 2587.291260 2746.111084
3076.224609 194.285782 2994.270508 930.359253
4384.803223 1299.984131 4237.974609 2347.817139
4384.803223 1299.984131 4237.974609 2347.817139
4385.035156 1277.334839 4238.936523 2324.784912
3749.680176 803.381470 3618.527344 1802.316406
4385.231445 1082.752686 4242.829590 2126.914307
4693.753906 2446.554199 4569.126953 3195.603027
4692.825195 2423.166260 4568.608887 3172.356201
3358.852539 825.721863 3225.665527 1817.089600
3413.057129 1766.320801 3273.861328 2677.773926
3358.822510 2585.006592 3230.884521 3313.075439
4386.737305 1018.905518 4246.379395 2062.216553
1749.456055 1577.282593 1641.906738 2281.469238
4387.103027 2304.243408 4264.346191 3051.289307
4387.206543 2123.378662 4268.014648 2871.657471
4163.657227 904.482178 4027.679199 1927.355103
3358.447266 830.486755 3225.028320 1821.702026
1749.007568 877.910095 1653.377808 1586.029297
4388.975098 1279.739502 4242.574707 2327.160645
4685.627930 418.349121 4551.095215 1503.659302
4389.289062 1384.344482 4240.024414 2433.890137
403.398712 758.486145 311.618011 1433.229858
3357.610352 1471.013306 3212.279053 2461.122314
4390.936035 1022.816895 4250.317383 2065.686768
4161.807129 910.526123 4025.949951 1932.896118
2978.372803 978.200256 2840.311035 1973.995117
2637.608887 2031.845093 2521.058594 2750.347900
4392.729492 1382.753174 4243.337891 2431.824463
2978.473877 857.610840 2843.087891 1854.485718
4393.380371 1229.264282 4247.474609 2276.230469
4672.840820 2480.485596 4547.643066 3229.013184
3751.114014 725.101440 3622.135010 1723.587036
1107.029053 895.553772 1011.953430 1584.803345
4160.650879 867.025146 4026.448975 1888.666992
4160.650879 867.025146 4026.448975 1888.666992
3662.038574 1193.515503 3521.348145 2191.596191
4160.279785 541.886475 4032.984863 1559.332520
4160.279785 541.886475 4032.984863 1559.332520
4159.832520 710.049927 4028.860840 1729.456299
4159.093750 878.168396 4024.238037 1900.214600
1106.527466 905.008423 1011.505493 1594.054565
3751.606934 606.739807 3623.717041 1604.409424
4395.409180 2195.301514 4274.748535 2946.234863
4395.409180 2195.301514 4274.748535 2946.234863
3751.705811 708.329407 3622.114990 1706.529419
3109.355469 1194.982666 2968.312744 2186.327881
1559.047485 192.442978 1476.032104 893.329102
4156.563965 984.300049 4018.969971 2007.743286
4156.278320 680.270142 4026.502930 1699.118042
2705.125488 1706.418823 2594.684570 2426.982422
1989.967529 2597.672852 1864.683350 3299.203125
3414.088867 911.872314 3279.157715 1903.827393
2275.616699 1585.295166 2167.285645 2296.966064
3752.107422 1928.364136 3607.067383 2861.405762
2898.163086 2715.628906 2768.991943 3433.046387
4155.065918 897.588257 4019.788086 1919.440186
4154.983887 1212.026123 4011.931396 2239.012207
3354.807617 2586.408447 3227.967773 3314.836670
4398.360352 1690.128296 4239.807617 2745.189941
1744.481323 971.348694 1646.813843 1679.002441
3289.381592 2486.338623 3163.460205 3214.184082
4400.024902 1375.996704 4251.536133 2426.025635
4400.037109 713.425964 4266.866211 1751.643921
3752.810791 487.608887 3627.293457 1484.619751
4400.621094 1682.794556 4242.666504 2737.320801
3109.908936 19.709743 3030.455322 760.045776
4152.797852 985.260376 4015.280273 2008.312134
121.072548 642.105286 29.526825 1310.370117
2276.594727 2527.469482 2151.346680 3236.353271
4656.321289 542.436768 4524.034180 1600.645264
1742.743652 1102.609741 1642.241577 1810.088135
3352.028320 1413.319702 3207.765381 2403.841064
4404.426270 920.158630 4265.717773 1963.002563
4149.610352 613.654480 4021.258789 1631.543579
2643.827637 204.092422 2562.375000 923.167969
3288.485352 663.693420 3158.525146 1655.622314
4406.315918 931.893555 4267.670898 1974.813110
4406.824707 969.737549 4266.859863 2013.271118
4406.824707 969.737549 4266.859863 2013.271118
2644.424805 2457.785400 2519.139648 3181.869385
410.176056 726.142151 318.171051 1401.044922
410.176056 726.142151 318.171051 1401.044922
4146.581543 51.306164 4040.591309 991.351807
1101.237549 802.199768 1008.140625 1491.680786
3350.606934 859.318542 3216.553467 1850.697021
4407.850098 2160.295410 4288.403320 2910.595215
3288.083008 2496.638916 3162.320801 3224.451904
3350.302979 2599.463379 3222.339600 3327.518799
1740.160645 971.873779 1642.291260 1679.812134
4410.060059 955.755188 4270.093750 1999.873657
4410.616699 1286.111328 4264.218262 2336.182373
2706.547607 1657.516235 2597.176758 2378.258789
4143.358398 1130.208862 4002.322754 2154.935059
4411.137207 1279.185547 4265.081543 2329.125732
3659.140625 2056.912354 3513.476318 2971.448242
3659.046631 1127.648560 3519.803467 2125.783203
3415.785889 499.652100 3290.549072 1482.832031
3415.785889 499.652100 3290.549072 1482.832031
3415.785889 499.652100 3290.549072 1482.832031
4142.794434 1135.112427 4001.663086 2159.593262
3349.278076 1763.157837 3210.552246 2673.659180
3074.793945 486.508942 2946.483643 1483.383667
1684.945068 1157.567383 1575.074219 1914.421997
146.411240 831.725891 52.350174 1501.831787
1549.044312 147.624741 1467.034912 846.912537
1548.972656 2270.479248 1429.552734 2968.473145
3074.789307 126.172966 2994.949707 853.373779
1099.438721 841.897217 1005.651306 1530.886719
1099.438721 841.897217 1005.651306 1530.886719
2570.317139 2428.980225 2447.011230 3142.113281
1906.109741 1053.448242 1806.564575 1765.981323
1464.918335 2832.877197 1335.621582 3525.577148
4416.484863 1292.881104 4269.866699 2343.133545
2569.901611 2416.970703 2446.952637 3130.318359
2869.473145 2775.948242 2739.169678 3491.802246
2647.548828 206.397690 2565.830078 925.659241
3287.273926 1462.326050 3141.954834 2451.636475
1464.531494 841.973083 1370.027222 1541.649658
152.882324 827.047180 60.091682 1496.683960
4029.974365 727.780518 3898.791992 1739.523315
4137.396484 2321.651123 3986.878174 3240.742432
4137.370117 835.784790 4004.209717 1855.214355
3346.999756 872.986938 3212.734131 1864.226318
4422.524414 2157.044189 4302.733887 2904.313965
1097.912842 2688.777832 971.526245 3374.941895
1097.912842 2688.777832 971.526245 3374.941895
3287.118408 258.136627 3165.143311 1251.385376
3657.403564 1207.989990 3517.099609 2206.200195
4135.254883 676.619629 4005.619141 1693.988403
4621.807129 417.549011 4493.884277 1469.698730
4425.571777 2171.096680 4306.256836 2917.302979
159.787704 780.595825 67.443993 1450.512573
4427.316406 516.418945 4299.091309 1553.425415
160.498505 818.936096 66.538727 1489.059937
3112.065430 508.840668 2983.124023 1504.295898
4133.367676 853.877502 3999.141602 1873.833740
3345.721436 1269.971924 3204.481934 2261.227295
2650.345215 1851.004272 2537.557617 2570.019531
2650.345215 1851.004272 2537.557617 2570.019531
3345.298584 205.263885 3224.833496 1197.992310
4618.640137 1311.128296 4517.215332 2066.439941
4132.854492 451.267273 4007.835205 1464.943237
2899.339844 821.056091 2806.026123 1546.044678
2569.045410 528.562744 2480.937988 1246.895386
2569.045410 528.562744 2480.937988 1246.895386
3416.539062 2659.130615 3287.378174 3388.177246
3416.556152 2502.785889 3290.506348 3232.251465
3416.686035 2528.109375 3290.223145 3257.841309
4429.719727 513.171082 4301.291016 1550.384888
1096.386597 838.506287 1002.920471 1527.745850
4131.836914 850.602844 3997.975586 1870.318848
4131.049805 326.431854 4008.904541 1338.816528
4131.011230 322.741760 4009.151611 1335.160034
2868.537598 2741.926514 2738.919189 3458.683594
4614.002441 2281.600830 4492.239746 3028.513916
1095.566406 2387.912354 974.683411 3075.436768
2868.509766 995.266602 2771.671387 1720.247559
2868.473633 2631.981934 2740.869385 3350.564697
2899.511230 2710.085449 2770.575684 3427.370850
1542.180542 920.138733 1444.987427 1623.407104
2899.511230 2710.085449 2770.575684 3427.370850
1095.344849 843.329956 1001.809814 1532.767334
3074.193604 521.220215 2945.590332 1517.630249
4612.917969 1316.873169 4510.581055 2072.335449
4130.052734 299.371307 4008.361084 1311.362915
1732.614868 1595.575073 1624.788330 2298.692871
2868.195312 941.537476 2772.451660 1666.716064
4128.810059 319.514801 4006.649658 1331.370972
4128.810059 319.514801 4006.649658 1331.370972
3343.543457 211.612656 3223.132568 1203.627441
2868.195312 941.537476 2772.451660 1666.716064
4128.687500 875.224915 3993.471436 1894.655884
3655.411621 1383.729126 3510.991211 2382.551025
3655.283691 1197.419312 3514.757324 2195.417725
4438.515137 1178.949097 4292.498047 2229.129883
1540.397705 175.286575 1457.784302 873.560486
4127.352539 869.053223 3992.717529 1888.696045
1915.157715 429.458282 1827.437744 1140.674194
4607.104980 1338.388306 4504.925781 2094.141846
176.063095 860.571472 82.012062 1530.618164
176.063095 860.571472 82.012062 1530.618164
4441.899902 1140.018555 4297.167480 2190.288330
3342.452637 2413.755615 3218.576660 3145.811523
2653.850098 1415.588989 2549.187988 2135.498779
3342.442139 2044.655151 3198.765137 2945.650391
1915.543579 490.862122 1826.612305 1201.597778
1539.366943 933.920471 1442.167725 1636.538208
4127.083984 295.367676 4006.049072 1305.971802
4127.082520 1213.741577 3984.021973 2238.258301
4603.680176 2346.090820 4479.974609 3094.341309
3285.668213 103.825951 3166.524658 1097.063965
4445.784180 1138.464478 4300.855469 2189.052490
4126.105957 1093.176880 3986.671631 2115.546631
4126.105957 1093.176880 3986.671631 2115.546631
2708.367432 1690.644531 2598.439941 2410.559082
4125.422852 844.934509 3991.555908 1865.023804
1537.547852 769.759399 1444.587158 1471.814453
4601.602051 2269.007568 4479.862305 3015.641602
3285.432617 732.039978 3154.299805 1723.998779
4124.342773 745.932373 3993.832031 1763.616455
1536.956543 918.313293 1440.313110 1620.880005
4451.814453 2620.182129 4322.919434 3364.101807
4599.852539 535.136597 4468.574219 1587.886230
3340.408691 1112.859497 3201.137939 2103.308838
4123.747070 1073.490356 3984.563721 2095.555908
4123.628906 304.772400 4001.710693 1316.286377
2970.462646 2291.925049 2849.440430 3013.871582
2656.139648 1613.365356 2546.613037 2340.073242
3339.959473 1221.523926 3199.352051 2212.168213
1535.980103 1370.350952 1427.593262 2106.527344
188.678864 2748.124268 61.336044 3416.331787
4597.750488 520.451538 4467.851074 1573.674927
2867.556641 1018.133057 2770.061523 1743.714600
3113.665039 433.917206 2986.767090 1430.101318
4121.724121 905.190857 3985.768799 1925.142822
4121.724121 905.190857 3985.768799 1925.142822
4121.041992 2742.504150 3985.932617 3505.146729
4458.198242 1419.863403 4307.042969 2476.335693
4121.041992 2742.504150 3985.932617 3505.146729
4595.023438 815.387024 4457.451172 1873.770142
4459.894043 276.829254 4354.090820 1196.668701
4594.245117 2267.708740 4473.146484 3014.323486
1533.864014 905.227661 1437.480835 1607.497925
4120.299805 882.571899 3985.560303 1901.997803
4120.299805 882.571899 3985.560303 1901.997803
4120.175293 324.493683 3997.703125 1335.695312
4461.655762 715.131348 4327.759277 1759.533081
3418.107422 2546.613037 3291.060547 3276.042480
4592.622559 1253.382080 4491.778320 2010.234009
3652.868408 1133.367065 3513.978271 2130.795898
4119.929199 1250.427002 3976.228271 2275.115723
3337.972412 624.438843 3209.513428 1616.255005
2867.104980 2620.519043 2740.043457 3338.325684
3763.140381 568.074768 3635.849365 1566.176270
4464.695312 221.383774 4360.433105 1141.022095
4464.695312 221.383774 4360.433105 1141.022095
4464.702148 652.704956 4331.763184 1696.025269
4118.216309 900.583130 3982.526123 1920.113037
4465.425293 715.060974 4331.269043 1759.900146
4465.425293 715.060974 4331.269043 1759.900146
2866.973389 2369.151611 2744.203857 3088.650391
4466.591797 665.924255 4333.603516 1709.603027
1531.729004 2351.314453 1411.422607 3048.636475
4115.691406 1630.453491 3962.594727 2659.530029
2187.953613 1663.146362 2079.116699 2372.640625
1723.978638 1599.229492 1615.989624 2302.685791
2866.876953 1644.075073 2724.591064 2580.495361
3652.050781 2459.854736 3526.839355 3193.938477
4471.331543 2544.233887 4343.548340 3290.138184
3335.650635 735.985291 3204.254639 1727.452881
4112.990723 1135.220703 3972.024414 2157.950684
423.038239 2795.716553 293.900818 3468.013428
2187.569580 1055.354370 2087.085449 1780.817383
3284.691162 854.587646 3151.188477 1846.012451
4111.649902 1142.186890 3969.890137 2164.305176
1926.508789 2882.056396 1796.359131 3580.498047
3764.801758 1514.019409 3617.332520 2518.231689
4111.389160 906.798157 3975.445557 1925.797852
3764.887451 448.673645 3640.861816 1445.026367
3334.673340 251.778534 3212.919189 1243.841309
3334.565186 732.212891 3203.509521 1723.913940
3334.199219 1336.100830 3191.566406 2326.710938
3334.199219 1336.100830 3191.566406 2326.710938
2709.443115 1335.528320 2606.108887 2055.996582
3333.924561 950.828857 3198.289551 1942.215210
4578.252930 2291.766113 4455.388184 3040.777100
1461.283813 817.530701 1367.065674 1516.900391
1995.563721 381.857635 1909.066162 1094.788086
1995.563721 381.857635 1909.066162 1094.788086
2289.119873 1419.695679 2184.641113 2131.529053
4109.160645 1487.668945 3959.748291 2514.969727
222.518417 2739.108887 95.553925 3408.343506
2866.291992 1477.111084 2728.149170 2410.870361
224.123062 629.669983 134.929764 1300.870605
1086.185059 909.222473 991.098328 1598.129150
3284.134277 2514.697510 3158.110352 3241.444092
2710.055908 1339.961548 2607.030273 2060.652344
4573.834961 590.712036 4441.776855 1641.965576
3283.949219 651.681458 3153.991943 1643.610352
4026.647217 1498.217041 3877.854492 2519.083252
2969.850586 498.873535 2882.999512 1224.818481
1929.471802 408.680145 1842.612427 1120.027588
1929.471802 408.680145 1842.612427 1120.027588
3332.605713 958.373657 3197.047607 1948.885742
3332.605713 958.373657 3197.047607 1948.885742
4106.945312 884.118042 3971.889893 1902.595581
4106.671875 99.735695 4004.090332 1013.407104
229.466629 2740.892090 102.522911 3409.924805
2664.321045 1602.089600 2554.519775 2328.518311
4484.506348 230.404068 4380.479004 1150.485107
3071.639648 485.770477 2943.221924 1482.893799
4026.410645 765.685059 3894.316162 1778.022095
4104.208008 1464.423218 3955.183838 2490.678711
1523.583496 763.843994 1430.386475 1465.658447
3767.329590 1394.343506 3622.308838 2397.914551
2865.805908 2729.862793 2736.486328 3446.386719
2865.738525 1495.072021 2727.198242 2428.518555
3648.432861 1953.019897 3506.707764 2861.567627
4103.299316 839.977783 3969.490967 1857.180664
4103.078125 1333.764160 3957.359619 2358.086914
4103.037598 106.915787 4000.961182 1020.023315
1460.134033 843.807068 1365.702026 1543.011475
2185.338379 2662.697510 2057.630615 3369.504883
1699.461670 87.310333 1618.170044 790.734985
1699.461670 87.310333 1618.170044 790.734985
4493.228027 821.078613 4356.292969 1869.780396
3768.870605 428.167908 3644.659424 1425.178223
2865.433838 464.954193 2779.018799 1188.506470
4025.854004 1345.050415 3880.520508 2364.204590
2293.233887 1167.226318 2193.225098 1880.520508
1715.900635 1598.002441 1607.893555 2301.331543
4098.967773 847.146179 3964.781006 1864.492798
3646.891357 1178.246582 3506.796143 2175.637207
3769.138184 410.501160 3645.715332 1406.699951
1700.481689 1629.309937 1591.934570 2332.328125
4500.135254 510.220337 4371.321777 1552.825928
1715.058838 1585.035278 1606.346436 2288.327881
4558.305176 2527.417236 4431.673828 3272.909424
4558.305176 2527.417236 4431.673828 3272.909424
4501.686523 505.524567 4372.734375 1548.526855
3769.695801 438.442108 3645.443359 1435.385010
2668.863770 1582.511841 2561.199219 2302.184570
2668.863770 1582.511841 2561.199219 2302.184570
1080.557739 2192.979248 960.501099 2896.157715
3328.182617 2550.976807 3201.157959 3279.167969
1518.329468 856.289795 1423.016602 1557.556885
2669.152832 1718.966309 2558.662109 2439.202637
1225.310059 1812.418945 1114.017334 2504.397705
4094.274658 867.993958 3958.408447 1885.632202
4024.754639 1490.683350 3876.374268 2511.187256
3327.901855 792.367432 3195.312744 1783.638672
4093.716309 2001.989136 3950.543457 2916.950195
4093.716309 2001.989136 3950.543457 2916.950195
3421.050293 275.285065 3299.074463 1267.364014
4093.134033 1275.366699 3949.141357 2298.570068
3770.624023 813.865540 3638.577637 1813.478394
4092.280029 2004.931519 3949.251709 2919.951416
4092.162354 1027.949829 3954.235107 2047.330566
4091.178467 849.154663 3957.119873 1865.748535
4091.178467 849.154663 3957.119873 1865.748535
3117.231445 524.361633 2988.526611 1520.275024
3282.097656 2386.426270 3158.358398 3116.897217
1998.177124 2514.481201 1873.628784 3217.330566
1998.177124 2514.481201 1873.628784 3217.330566
4090.005615 2012.630737 3946.647949 2927.430420
2712.339111 1876.799194 2598.921631 2597.377197
4089.142334 836.806091 3955.177246 1853.268066
2712.357422 2509.768555 2587.609131 3224.764160
4089.128174 1406.411743 3941.638672 2430.656494
3326.000977 1339.846191 3183.408691 2330.054688
4088.502197 843.126343 3954.326904 1859.457397
2671.681396 1579.455811 2563.593750 2299.471680
2671.681396 1579.455811 2563.593750 2299.471680
2455.900635 708.058655 2364.727783 1423.432129
2455.854492 564.445007 2367.266113 1280.091064
3644.397705 1535.309204 3496.745850 2533.991943
1077.951782 2485.541992 955.644226 3171.796143
3924.321533 437.985138 3800.229980 1440.956909
3502.661621 687.813965 3373.104492 1679.683838
3924.321533 437.985138 3800.229980 1440.956909
3197.260742 384.232574 3072.066162 1378.146973
3196.746826 1036.795044 3059.513184 2028.131470
3197.260742 384.232574 3072.066162 1378.146973
3197.375000 1029.974487 3059.707275 2021.662964
3196.590820 376.389771 3071.459473 1370.519409
2454.993164 2704.635254 2326.842773 3415.606201
3196.581055 1637.769165 3055.103027 2577.157471
3771.919189 573.302979 3644.545898 1571.783691
2787.674805 2351.605469 2663.999023 3079.115967
3771.919189 573.302979 3644.545898 1571.783691
2942.824951 709.804138 2851.679443 1435.716553
3422.397217 2533.887451 3295.433350 3263.552734
3422.397217 2533.887451 3295.433350 3263.552734
3196.149170 489.503662 3068.956299 1482.788696
2457.284424 715.930115 2365.659668 1432.135010
2457.303955 712.711365 2365.914062 1427.966431
2457.303955 712.711365 2365.914062 1427.966431
2457.375732 719.771057 2365.192871 1435.742798
3197.820801 863.131653 3062.784180 1855.516357
741.376587 2277.163086 622.939514 2957.109375
741.376587 2277.163086 622.939514 2957.109375
3921.665039 434.522675 3797.705566 1437.306885
2453.632568 695.277466 2361.977783 1410.900391
2453.632568 695.277466 2361.977783 1410.900391
3504.735596 1264.457520 3363.106445 2257.623779
4022.797363 1501.318115 3874.112061 2521.715332
3501.263428 1652.745850 3360.498291 2597.577148
3501.262451 2808.148193 3369.047607 3537.985840
2298.169922 1406.718750 2194.079834 2118.614258
3505.285400 1767.472534 3366.982666 2673.694092
2298.169922 1406.718750 2194.079834 2118.614258
3643.015381 1381.293945 3498.987305 2379.264893
2785.885254 2284.346924 2665.640869 2999.664307
3195.306152 281.584564 3072.400879 1276.172119
3195.306152 281.584564 3072.400879 1276.172119
3928.046387 1042.011353 3789.337646 2051.205811
3198.249512 577.285156 3069.173340 1570.816406
744.689758 2840.710205 615.534302 3518.432861
2788.910645 1339.046265 2685.861084 2061.015625
3505.717773 451.148956 3383.166016 1432.635376
1075.746826 844.531189 982.297302 1533.304688
3772.496826 807.676758 3640.610352 1807.093384
2941.961670 1172.455444 2799.795410 2166.396240
3020.498535 1598.601562 2880.053955 2537.276367
1075.412231 876.426147 981.401123 1565.494385
2968.567627 636.175232 2878.422607 1365.788818
2785.468506 1742.999634 2642.300293 2674.564697
3198.352539 551.391052 3069.959229 1544.883423
3018.082275 780.436829 2884.449707 1776.941528
2452.174805 501.070496 2364.035645 1221.388794
2452.174805 501.070496 2364.035645 1221.388794
3422.902588 575.680786 3297.288574 1554.903809
3198.861328 566.367920 3069.744141 1560.283203
3772.852783 1215.502686 3631.909424 2218.279541
3772.852783 1215.502686 3631.909424 2218.279541
2451.529053 563.291260 2362.866943 1279.727783
2451.433838 525.083252 2362.859863 1246.176147
3193.970947 444.442474 3067.476562 1438.360596
3198.937988 559.987122 3070.257812 1553.900269
2559.676270 2057.806641 2442.814209 2774.511475
3930.179443 439.294342 3805.181396 1442.235229
3640.483398 1386.674805 3497.045166 2385.064941
2078.348389 2738.931396 1949.347046 3442.980713
3193.229492 1648.531494 3051.526123 2588.137207
3069.315430 522.775024 2940.729492 1519.094116
3199.461914 1562.986938 3059.508301 2502.448486
3931.272217 1878.457031 3789.784180 2798.449219
3499.042725 1888.297729 3357.104980 2801.118408
3499.042725 1888.297729 3357.104980 2801.118408
3508.386475 629.068420 3387.199707 1575.480713
2791.498047 1274.621338 2689.651855 1996.982422
2983.338867 1926.997559 2842.608643 2823.353760
3498.313721 1938.093018 3356.493408 2843.644531
2448.302490 631.312927 2358.400391 1346.868164
2983.385010 1184.005005 2841.643066 2176.817871
3774.279785 1394.620239 3629.136719 2398.937988
3200.153076 360.571838 3075.493164 1354.276611
3497.893555 1904.573364 3355.478516 2817.426514
2783.527832 1374.832886 2679.475586 2097.171387
3200.534424 436.107056 3074.338867 1430.331421
3915.321533 1923.311157 3770.133789 2862.208740
3191.138184 2351.981201 3068.273682 3080.948730
3191.138184 2351.981201 3068.273682 3080.948730
3016.658203 1714.978638 2873.693604 2653.399414
3022.725586 295.035583 2939.940918 1021.656616
3932.465820 1752.643433 3788.490723 2704.391113
2462.070557 709.792419 2370.611572 1425.957153
3190.807373 828.749390 3056.459961 1821.519897
3200.877686 130.573563 3080.570068 1125.501221
3190.807373 828.749390 3056.459961 1821.519897
3914.032471 1977.580933 3770.463379 2896.953125
3510.577637 1761.421997 3372.147217 2667.717773
3190.738037 1563.676147 3050.718018 2502.882812
3774.733398 1377.589600 3630.060059 2381.976807
3932.519531 704.835083 3802.030518 1710.977417
3201.251465 2093.355469 3057.210693 2993.558105
3068.580566 680.482666 2936.666748 1675.968750
1358.028076 975.445068 1251.537720 1726.478027
2861.930664 2715.040527 2733.024414 3431.787354
3068.414062 467.933746 2941.026123 1464.552246
2080.479980 2107.793701 1963.432373 2814.430420
2782.923340 1311.759277 2680.304932 2033.850586
3190.058350 392.615021 3064.708496 1386.540527
2302.935303 1222.024780 2202.215088 1934.775269
2080.900146 2876.091797 1949.224731 3579.698975
3511.616699 2819.033447 3379.322510 3548.905273
3189.816895 2092.966309 3045.914795 2993.035400
2303.055664 1337.963745 2200.350098 2050.718506
3279.075195 304.331573 3156.342285 1297.009277
3068.176758 517.395264 2939.273193 1513.630859
3511.861572 433.725830 3389.784912 1410.349731
3912.392334 1937.648560 3766.843262 2875.896240
3912.324463 131.558487 3808.447510 1042.394043
3911.708496 1042.435425 3773.501465 2050.786621
2793.912842 2276.789062 2674.350342 2991.761230
3188.815918 1033.724121 3051.180908 2025.392334
2715.562256 1659.525391 2606.326172 2380.114014
3637.597168 1188.235840 3497.564453 2185.551270
3637.597168 1188.235840 3497.564453 2185.551270
3637.558594 1533.447144 3490.352051 2531.975342
3188.519775 441.906189 3061.966064 1436.094360
3512.400146 2773.555176 3380.991699 3503.850830
449.804871 2871.246826 318.898590 3547.822021
3496.132324 2803.624512 3364.241455 3533.552490
3496.132324 2803.624512 3364.241455 3533.552490
3934.125488 844.112732 3801.037109 1851.380859
2444.683594 1077.856934 2346.600098 1793.936646
3067.894287 690.710022 2935.917969 1686.394897
2794.679443 511.688416 2707.478516 1235.574463
2444.568604 720.822388 2352.333252 1436.130737
3934.260010 628.876099 3806.249512 1633.822266
4018.408936 763.582336 3886.286133 1774.809692
3425.102783 2561.607422 3297.612061 3291.094238
3934.467773 394.832581 3811.489014 1397.497559
3187.859619 2354.719971 3064.987793 3083.869385
3067.798584 1612.474731 2926.966309 2552.560059
2939.492432 2748.556152 2809.613281 3466.340088
4018.349854 721.386292 3887.041748 1731.922363
3776.465576 577.296143 3649.282471 1575.991943
3934.710449 439.648193 3810.888428 1443.339966
3514.230469 1256.411377 3372.586670 2249.499268
2442.911377 2844.681641 2311.824219 3554.200928
2904.839355 1354.070312 2759.821533 2346.598877
1067.198120 1037.794067 969.266296 1726.530396
2780.770020 1333.075317 2677.833252 2055.114258
3425.297607 274.518707 3303.538574 1266.214722
3186.436523 828.147766 3052.183594 1820.956299
2442.520996 694.802551 2351.418213 1410.125488
2442.520996 694.802551 2351.418213 1410.125488
3186.156006 459.717499 3059.497559 1453.594116
3014.871338 984.681458 2876.885986 1979.491455
3185.897461 1032.651489 3048.093018 2024.349854
1066.830444 858.624634 972.787109 1547.151733
3185.593262 1154.809326 3046.159668 2145.322998
1066.828613 867.339661 972.763428 1555.590576
3204.672852 750.569275 3072.541748 1743.163452
1451.252563 2823.455811 1322.296631 3516.718018
3185.401611 695.813721 3054.230225 1688.738892
3425.496338 1097.650269 3287.524170 2089.041016
3067.277100 49.583572 2989.097656 775.384216
3185.124512 57.440830 3066.530273 1053.472778
2306.429688 2599.877197 2179.934082 3309.161621
3635.432129 1183.654053 3495.274414 2180.562256
2441.430664 624.594360 2351.548340 1340.326294
3516.039307 194.513458 3396.602783 1186.232178
2779.578613 1314.207275 2676.758789 2037.049805
3516.481201 1769.466309 3378.453613 2676.016113
3516.565918 1021.035034 3380.285156 2014.417725
3184.489502 571.864929 3055.664551 1565.897461
3205.593018 1245.486206 3064.140625 2235.623535
1449.375610 944.969421 1348.281128 1671.263306
3517.726318 1508.032227 3371.474854 2502.504150
2798.426758 1245.426636 2696.992920 1968.287231
1064.860474 887.745117 969.595886 1576.425415
2717.566650 1595.921875 2609.590820 2316.445312
4016.275635 765.774414 3884.105469 1776.873291
4016.275635 765.774414 3884.105469 1776.873291
1236.427490 1763.494263 1125.856567 2455.730225
457.771393 797.148071 365.700562 1473.319824
1064.037354 885.839966 968.865417 1574.603149
3025.456055 263.873718 2943.307373 989.721680
2086.091064 2126.550049 1968.491699 2832.544434
3206.447266 705.142212 3074.563965 1697.919189
1063.267822 890.390686 968.050232 1578.898804
3206.741699 442.351562 3080.868164 1435.600342
2946.420410 2782.417969 2816.218262 3500.524658
3206.835449 383.373718 3081.600098 1377.072388
699.377991 2866.983398 569.893188 3544.623291
3903.861084 1257.187378 3761.541016 2267.355713
459.175598 790.129822 367.301361 1466.412476
3903.767090 1246.242920 3761.440186 2256.412109
3490.560547 1903.310425 3348.033203 2816.294189
3207.023682 334.698151 3082.739990 1329.145752
3182.125244 1564.802002 3041.952637 2504.231445
3182.125244 1564.802002 3041.952637 2504.231445
2718.216553 1331.417114 2615.192139 2052.431396
2086.640869 2090.335205 1969.720703 2797.334717
3778.954590 612.014038 3650.902588 1610.858276
3778.954590 612.014038 3650.902588 1610.858276
3520.092529 1787.878662 3379.566650 2700.701416
3632.834473 1837.335571 3491.979492 2752.880371
3181.956543 1630.970093 3040.634277 2569.936768
3489.417236 2904.789795 3355.556885 3632.298584
1061.829590 956.007568 965.393433 1644.660767
2859.590088 1565.590210 2720.113525 2498.544922
2471.859619 692.365112 2380.212646 1408.061279
4014.585449 1337.988770 3870.070557 2356.367188
1061.527344 901.068787 965.932617 1589.419067
2087.537598 2076.554199 1970.868896 2783.543945
2471.949219 2411.020264 2349.393555 3123.215332
3026.886963 314.581024 2943.714600 1041.389771
1447.303467 845.114807 1352.634277 1543.269775
1447.303467 845.114807 1352.634277 1543.269775
4013.975586 407.732269 3890.828613 1414.440796
2553.116943 2446.679443 2429.378906 3159.570312
3208.085449 580.231628 3078.711914 1574.516968
2937.301758 2852.790039 2805.704102 3569.988037
2801.481201 756.919983 2709.480469 1480.122192
3208.305908 481.426178 3081.187988 1474.902100
3522.899414 1254.157959 3381.400146 2247.938965
1059.933716 959.012817 963.491943 1647.493530
4013.837891 1260.372559 3870.003174 2277.700684
3179.933350 1037.820801 3042.230469 2029.414062
3899.823975 437.862946 3775.698975 1439.488892
2802.122070 2249.541504 2682.281494 2965.040527
3780.952393 1468.819580 3634.314209 2473.737793
3179.755371 543.153687 3051.087891 1537.042358
3066.153809 497.700867 2937.584717 1494.745117
3487.658447 704.219055 3358.021973 1696.130127
3523.236328 2516.022705 3396.474365 3248.807617
2473.453125 800.838806 2380.624268 1517.848877
691.653320 2865.186523 561.152283 3542.260986
3427.827637 2606.892578 3299.720703 3335.623291
1058.972534 925.563416 962.935486 1614.053345
2089.551270 2124.071777 1971.897705 2830.438965
3487.053467 2797.052246 3355.301514 3527.049561
2802.562988 1656.453979 2660.695312 2589.464600
2775.432861 2297.663330 2654.772217 3012.987549
3523.843750 290.095337 3402.895508 1280.915161
2936.650391 665.469543 2847.085449 1390.035645
3274.198486 1877.997070 3134.211182 2779.615967
2803.114258 2253.712158 2683.469238 2969.335205
3524.202393 1073.367798 3386.197510 2066.508545
2090.005615 2724.743652 1961.973145 3427.974121
2431.637451 687.242249 2340.370850 1402.579834
2474.578857 682.090820 2383.044922 1398.133667
3273.801270 729.023254 3142.599365 1720.900757
3428.450195 132.170227 3309.536865 1123.739258
3941.794922 692.061157 3812.203369 1698.107056
3525.172119 2823.231934 3392.772949 3553.160156
1241.319580 1773.975220 1130.673462 2466.551025
3896.902100 498.312439 3772.096924 1500.169556
2430.623535 682.208923 2339.524170 1397.300171
3783.383545 769.372681 3652.464355 1769.203125
2858.126709 1056.356201 2760.267090 1780.727905
2430.400635 2804.921875 2299.133301 3520.762939
3210.052979 364.782928 3084.532227 1358.372192
2475.464355 700.970032 2381.997803 1416.633179
3526.044189 550.414795 3407.408691 1495.996338
3943.354980 842.090515 3810.449463 1849.623779
2476.273438 2454.871826 2352.147705 3167.632324
3943.720947 521.642639 3818.951172 1525.384521
2936.086670 2858.560059 2804.487061 3575.915283
3176.699463 1179.867554 3036.412598 2170.767090
1055.973999 2738.178955 929.142456 3423.454102
3028.616943 1395.315552 2883.748047 2386.529785
3176.575195 824.343811 3041.834229 1817.390869
3176.575195 824.343811 3041.834229 1817.390869
2091.705078 2140.465088 1974.149658 2846.466553
3176.393066 826.702087 3041.858643 1819.542847
3895.139648 631.653625 3767.023926 1635.654541
2720.606934 1638.482422 2611.600830 2358.492920
2477.333252 1555.188599 2370.072510 2271.956299
2477.333252 1555.188599 2370.072510 2271.956299
3783.959473 1472.599487 3637.617432 2477.622070
3272.918213 1739.611816 3135.897217 2641.608154
3029.036621 2352.380615 2906.502197 3075.354736
3527.965088 542.736267 3409.162842 1488.688354
820.925110 1975.775391 706.928284 2657.996582
2427.563477 695.744568 2336.197998 1410.707886
3483.933105 1293.916992 3342.282715 2287.052002
3125.692383 456.614746 2998.648193 1452.081787
3211.572510 967.913513 3075.007568 1959.316406
3175.164795 1187.873657 3034.916504 2177.794922
2857.588135 1469.317017 2719.655518 2402.842529
3892.301025 2519.833984 3763.533936 3272.519287
2721.180420 1709.724731 2610.954834 2430.026855
2772.045410 1347.774048 2668.560547 2069.334229
1054.023560 2612.409180 928.910156 3297.827148
1054.023560 2612.409180 928.910156 3297.827148
2171.403320 1754.443970 2060.403564 2463.719727
2987.058594 1771.970825 2843.031006 2708.176514
3891.669678 634.956970 3763.041016 1638.549438
1053.885742 2612.541992 928.910156 3297.827148
2478.770020 364.586395 2393.959961 1081.074463
3011.362549 2014.536743 2868.934570 2911.450195
3174.427490 368.066742 3049.327637 1362.588867
3784.893799 573.620789 3657.550781 1572.158569
3784.955811 407.306335 3661.817383 1404.201416
3011.362549 2014.536743 2868.934570 2911.450195
3011.362549 2014.536743 2868.934570 2911.450195
3174.053955 438.683533 3047.625732 1433.109619
3174.053955 438.683533 3047.625732 1433.109619
3530.159424 276.841675 3409.580322 1267.787109
3482.758301 547.670532 3358.064697 1529.302124
4011.899170 1254.185913 3869.750244 2271.394287
2807.309570 2435.508301 2683.533936 3153.784668
2807.309570 2435.508301 2683.533936 3153.784668
4011.545654 1569.109985 3860.670898 2589.089844
2807.493896 2242.740479 2688.057617 2958.439209
2807.493896 2242.740479 2688.057617 2958.439209
2424.858643 2797.190918 2294.139404 3513.718506
3890.880371 1438.986328 3744.250732 2450.401367
1443.596436 900.269653 1347.687622 1598.680542
3126.832520 251.151382 3003.652344 1247.319214
2315.286377 1112.919800 2216.588623 1826.389160
2315.369141 1361.368408 2211.191650 2082.204834
3173.477051 760.732483 3040.491943 1753.872925
3126.888916 1225.293213 2985.340820 2216.130127
2770.587646 1353.534424 2667.104248 2075.412598
674.525818 1109.571411 575.533752 1788.855835
3889.289307 632.482605 3761.028564 1636.071777
3889.289307 632.482605 3761.028564 1636.071777
2948.231934 595.424377 2859.260986 1321.727661
2315.691895 1180.170288 2216.160645 1893.039795
2479.999268 686.882874 2388.902344 1403.132812
3212.943115 1041.422363 3074.904541 2032.675415
1051.268433 2741.312256 924.185791 3426.517822
2770.032715 2304.510498 2649.154297 3019.851318
2770.032715 2304.510498 2649.154297 3019.851318
2769.970703 2592.151611 2643.569580 3308.206055
3172.594971 258.017181 3049.599121 1253.223511
3787.119385 2580.304199 3658.204590 3320.358643
3030.058838 226.147278 2948.098877 955.931763
2422.555176 706.318542 2331.096680 1420.882935
3787.119385 2580.304199 3658.204590 3320.358643
2422.555176 706.318542 2331.096680 1420.882935
3430.622070 888.484863 3297.247559 1880.877075
3063.969971 674.846680 2931.957031 1669.813599
2934.589355 2747.418945 2804.619629 3465.603760
2934.572754 2313.351807 2812.945312 3034.762451
2809.344727 2237.265625 2689.948242 2953.600830
2809.344727 2237.265625 2689.948242 2953.600830
2422.135986 732.593689 2329.990479 1447.900757
2934.544189 2313.200195 2812.945312 3034.762451
1385.372314 1070.027222 1279.864868 1812.374878
2317.106445 1374.275635 2212.682373 2094.289795
4010.622559 1613.704102 3858.100342 2635.073975
3533.774902 947.177368 3398.886230 1940.311523
3271.163086 1056.343140 3133.147217 2047.142456
3430.906982 888.732788 3297.247559 1880.877075
3430.906982 888.732788 3297.247559 1880.877075
2810.187012 411.244232 2724.507324 1134.943359
4010.581543 812.697754 3877.816650 1824.282471
2810.187012 411.244232 2724.507324 1134.943359
2421.063965 711.825623 2329.392822 1426.427856
2948.686523 648.088196 2860.076172 1371.994263
3214.674072 2096.607910 3070.509033 2997.003174
2768.547607 1381.649780 2664.292969 2103.739990
3063.512451 697.367554 2931.459473 1693.299194
3480.114502 759.049072 3348.595703 1751.758423
3009.437500 723.979736 2876.574463 1720.856079
3063.512451 697.367554 2931.459473 1693.299194
2318.093750 1081.567505 2220.251953 1794.681519
2987.769287 67.202362 2909.603760 792.562744
3479.924805 2802.777832 3348.044434 3532.164062
3214.887207 954.368347 3078.570801 1946.030151
3535.273926 228.240448 3415.549072 1219.177734
2722.460449 1700.537720 2611.935303 2421.121826
2810.951660 2232.385010 2691.683350 2948.453857
2810.951660 2232.385010 2691.683350 2948.453857
3170.537109 825.057922 3036.229980 1818.194946
3170.516602 454.815460 3043.735352 1449.217651
3170.510742 403.437592 3044.903320 1398.213379
3170.510742 403.437592 3044.903320 1398.213379
3170.220215 1208.201050 3029.547852 2198.313721
3170.201172 854.081787 3035.260254 1846.937622
3063.228760 508.875916 2934.958984 1504.574707
2933.978516 671.045959 2843.967041 1396.737427
3535.693604 192.587936 3416.753418 1183.817993
2054.484131 2278.798584 1935.033325 2983.010986
3536.093262 11.077519 3428.663574 951.812561
3624.450439 1681.035400 3481.884033 2627.864746
2166.979736 1757.652954 2056.005371 2466.826172
847.408508 1968.643921 733.878174 2650.612305
3128.554688 476.577881 3000.734131 1472.046143
2767.192383 1324.639404 2664.489990 2046.633057
3270.003174 226.421341 3148.348145 1220.304321
3432.101562 2606.556641 3304.039795 3335.964844
1388.446777 1070.879150 1283.477417 1813.018188
3169.470947 55.123096 3050.248535 1051.142700
1388.446777 1070.879150 1283.477417 1813.018188
3536.659180 1426.341919 3391.954834 2420.909668
2098.962158 2566.236328 1973.383057 3271.042725
3536.699951 2813.604980 3404.418701 3544.256592
3623.963135 1951.770996 3481.374268 2866.555420
3062.945068 1607.900024 2921.908691 2547.829102
3536.884766 693.063599 3407.060791 1686.308594
3623.801758 558.403870 3496.951172 1552.653198
3623.703369 1874.789673 3482.047363 2789.878662
1333.657837 2796.155762 1205.228516 3487.286377
2933.643311 1765.877930 2789.899658 2701.089355
3062.859619 64.792892 2984.528320 791.049377
3537.935791 189.624878 3419.109375 1181.192139
3537.935791 189.624878 3419.109375 1181.192139
3062.859619 64.792892 2984.528320 791.049377
1046.512207 967.105530 949.508545 1655.287476
3168.938232 537.483032 3040.520508 1531.870361
3791.461426 2065.510498 3647.201904 2975.672363
3216.911133 2348.899658 3094.083008 3075.767090
2416.783936 744.580383 2324.558105 1459.376831
3168.701660 423.022400 3042.107178 1417.812256
2854.995850 2637.922363 2727.725098 3355.779053
3128.928711 638.957153 2997.769775 1634.056641
3128.928711 638.957153 2997.769775 1634.056641
2166.187988 1836.060181 2053.566406 2544.736084
3791.585205 612.066162 3663.585449 1611.271851
3791.585205 612.066162 3663.585449 1611.271851
3539.494873 306.697357 3417.888672 1298.640869
2320.930664 1378.709961 2216.124023 2098.832031
3954.872559 1188.186523 3813.964600 2201.044678
3168.197754 488.065247 3040.761475 1482.349121
3217.809814 2438.046387 3093.252441 3163.805908
2486.180908 807.792297 2393.406006 1525.153442
3269.133545 226.291168 3147.465332 1220.131470
3129.395752 603.537476 2998.770996 1598.851685
2854.647217 2718.564209 2725.662598 3435.222900
2101.026611 2019.586060 1983.474731 2733.995117
3955.511963 530.352783 3829.976562 1535.276855
3955.511963 530.352783 3829.976562 1535.276855
3881.500488 1536.662476 3732.290283 2548.349365
3955.577637 1191.564941 3814.353027 2204.486572
3167.730469 404.968170 3042.016846 1399.516113
3792.408691 2149.997803 3646.053955 3059.129639
2723.903564 1662.609497 2614.571045 2383.213135
2010.123535 2470.073242 1886.500977 3173.070312
3881.027588 2634.526123 3750.051270 3390.312988
3129.815674 455.400726 3002.632812 1450.867432
2932.739990 1056.872803 2793.422119 2052.512939
2413.527588 730.558105 2321.643066 1445.492310
1043.233154 996.913940 945.831970 1684.986572
3062.310791 528.584045 2933.592285 1524.930786
3541.791504 229.125671 3421.690430 1220.288086
3792.606934 558.577820 3666.177979 1557.324341
3541.792480 1661.792847 3399.439209 2607.073975
3956.233643 848.778687 3823.432617 1857.402832
3218.628906 701.562317 3087.593262 1694.488525
3792.788086 606.593506 3664.841553 1605.910156
2854.175537 2753.140137 2740.869385 3350.564697
2815.384277 2903.350342 2683.067627 3617.022949
3166.595703 1224.567139 3025.569824 2214.834473
3542.327393 689.017273 3412.739258 1681.712646
2815.652588 2885.364258 2683.042969 3599.683350
3166.343506 1025.687378 3029.152832 2017.694824
2764.194092 2592.390137 2637.711426 3308.524170
2764.194092 2592.390137 2637.711426 3308.524170
3542.868896 190.740082 3423.805420 1181.902466
2323.037354 1365.758789 2218.560791 2085.890381
3166.121582 863.248718 3031.118164 1855.998535
3166.121582 863.248718 3031.118164 1855.998535
3957.141602 769.099121 3825.209473 1776.944214
2164.012451 1526.047607 2057.204590 2237.496094
3165.787109 587.771301 3036.233643 1582.328369
3794.980469 807.413391 3663.388916 1808.213745
3878.139404 518.846191 3753.166992 1519.634888
3878.139404 518.846191 3753.166992 1519.634888
3544.600586 284.394348 3423.418457 1275.874634
1392.666626 868.625732 1297.468506 1565.751831
3219.478027 952.715942 3083.545166 1944.358276
3165.415527 60.132072 3046.231689 1055.576050
3795.451660 803.969727 3663.616455 1804.663940
3877.729248 555.358337 3751.582031 1557.263794
1439.473633 838.477905 1345.372437 1536.683594
3473.075195 2848.500732 3340.221436 3576.807861
2817.016602 2906.607666 2684.540039 3620.481689
2104.520508 2084.401123 1987.548218 2791.605957
2324.574463 1114.760376 2225.990234 1827.879639
3165.063232 771.508667 3031.793701 1765.204468
646.325745 2902.910400 515.954407 3580.257812
3795.631348 1548.900757 3646.518066 2555.782715
1393.017456 851.622070 1297.711670 1548.000122
3545.405273 203.240402 3426.107910 1194.395020
2988.925049 1769.169922 2845.005127 2705.278809
3006.559326 1776.660645 2862.548096 2713.122314
3545.831299 1494.608154 3399.364746 2490.079102
3219.895508 371.599701 3095.229492 1365.518066
3545.892822 693.021240 3416.459961 1685.867554
4006.197998 2660.847412 3872.742920 3422.280518
2910.706055 2741.225586 2781.068848 3459.053955
3164.748047 367.385742 3039.659668 1362.257080
3618.771240 1960.817627 3475.157227 2876.994873
3220.348145 72.735016 3101.225098 1067.592163
2910.706055 2741.225586 2781.068848 3459.053955
2762.566406 2308.356689 2641.712646 3023.493896
3034.719727 276.532104 2952.333496 1003.903687
3875.715820 807.649048 3743.509277 1811.518066
3267.216553 2486.112549 3142.027100 3213.334229
3267.216553 2486.112549 3142.027100 3213.334229
3875.681641 804.240051 3743.382812 1808.514282
3164.284424 52.484112 3045.231689 1049.000244
3960.524658 724.770691 3829.749268 1732.339600
3267.216553 2486.112549 3142.027100 3213.334229
2931.471191 2607.136719 2804.281738 3326.129639
3267.210938 2382.229004 3143.306885 3112.308350
3797.151123 1144.899048 3657.642090 2148.546631
2818.443359 2205.238281 2699.600342 2921.936523
3875.260254 1541.786255 3726.616943 2553.194092
2492.446289 805.136230 2399.604004 1522.517212
2492.446289 805.136230 2399.604004 1522.517212
3548.305664 1837.203735 3408.482422 2744.064941
3617.667236 1898.660034 3475.348389 2813.624023
2818.670898 2926.398193 2685.873779 3639.647949
2761.880127 2607.294678 2635.253906 3322.366699
3163.797119 2416.539551 3040.173584 3142.021240
3875.037109 1234.462280 3733.659668 2242.883057
3163.413574 115.751328 3043.108154 1112.192505
2493.025391 388.321747 2408.025391 1104.496460
3874.233154 599.647339 3746.432129 1602.025757
3962.068359 1192.377930 3820.808594 2205.442139
3873.725830 1538.152954 3724.479004 2549.327393
1254.017334 1705.680786 1144.484619 2398.894531
3797.974365 411.757843 3674.362061 1409.192627
2760.924561 1434.539917 2655.813721 2155.551758
2326.655762 1109.692749 2227.942871 1822.955078
2403.345947 1246.356567 2301.592041 1961.094849
3162.766357 532.988281 3034.409912 1527.595947
3872.375000 253.190216 3752.616943 1251.628662
3162.709229 829.208923 3028.476074 1821.928345
3470.240479 271.800049 3348.735596 1263.362183
2402.974365 739.559692 2311.109131 1453.689819
2951.204102 642.160095 2861.655762 1367.386719
2725.642578 2367.559082 2604.373779 3082.535889
2819.855225 2199.364990 2701.300049 2915.672119
2819.855225 2199.364990 2701.300049 2915.672119
3550.299805 1109.396362 3411.524170 2103.853516
2402.523682 791.489014 2309.342773 1506.493286
491.929565 1990.378174 377.152618 2666.347656
3962.772461 727.396301 3831.359619 1735.626465
3550.443115 2515.297607 3423.603027 3248.640869
3161.909180 844.827332 3026.966309 1837.948486
3161.844482 860.189392 3027.169189 1852.492554
3059.881592 2298.417236 2938.722656 3025.684082
2012.651245 1210.440552 1906.947021 1952.450439
3222.232666 336.953674 3098.356201 1330.602905
3265.950684 319.164276 3142.809082 1312.232178
3222.239746 368.072021 3097.131348 1362.540894
3161.624268 1756.850708 3018.135986 2695.824463
2989.984375 383.584442 2905.651123 1109.775879
2912.095947 2736.017822 2783.020020 3453.272461
635.573364 2872.450928 505.452209 3549.277100
1437.278320 867.717285 1342.060181 1565.908325
2400.843506 1099.444092 2302.268066 1814.173218
3265.880127 1055.180054 3127.914795 2045.868652
3963.880615 746.566956 3832.740967 1754.893066
2329.931885 2864.149170 2193.998535 3604.836670
2541.789551 545.679688 2453.358154 1265.566040
3551.692139 1313.266602 3407.970215 2313.932617
3612.857666 2850.421875 3480.118896 3581.780762
3160.980957 368.989044 3035.522461 1363.634888
3468.613525 699.608948 3339.268311 1691.081909
2330.213379 2544.249756 2204.751709 3253.950195
3964.112305 718.403748 3833.582520 1726.425537
2820.918457 2608.583252 2693.975098 3325.600586
1257.932251 1704.039795 1148.424316 2397.408936
4003.898926 446.898773 3879.329834 1453.713135
3612.235107 882.300964 3479.095947 1877.294312
3612.235107 882.300964 3479.095947 1877.294312
3611.888672 2864.573486 3479.078857 3595.777344
3611.879395 320.473358 3490.484375 1312.680054
3611.879395 320.473358 3490.484375 1312.680054
3867.248047 1416.118774 3721.426758 2425.716064
3553.084717 2105.330566 3407.888916 3010.592529
3160.230469 472.603882 3033.091797 1467.258789
3160.127197 848.901062 3025.611084 1841.429932
2398.213379 1029.568726 2300.742188 1744.702637
2331.208984 1114.965210 2232.832031 1827.717651
3160.011963 612.716064 3030.412109 1607.592773
3467.392334 1235.663940 3326.520752 2227.953369
3436.575928 892.912964 3301.822754 1884.643799
2929.713135 337.173859 2845.998535 1061.854004
2043.889648 109.731010 1962.358521 822.526001
2043.889648 109.731010 1962.358521 822.526001
3610.941650 884.839539 3477.656494 1879.648193
3865.470703 592.541138 3737.958252 1594.659302
3610.941650 884.839539 3477.656494 1879.648193
3159.642578 851.682922 3025.022949 1844.906860
2498.021729 393.585052 2412.870605 1108.936035
2498.021729 393.585052 2412.870605 1108.936035
3004.406006 343.015747 2920.810059 1068.158203
3554.213379 239.361084 3434.102051 1230.974976
2498.458008 2087.970703 2380.866699 2804.067139
3554.438721 248.295151 3434.309082 1239.742920
3225.611328 697.590637 3094.312500 1690.182861
3159.452881 425.865479 3033.608398 1420.923584
3554.560791 1447.661987 3410.271973 2442.837891
3803.572998 807.660461 3671.786133 1808.911133
3803.572998 807.660461 3671.786133 1808.911133
3437.065430 1461.373291 3299.041748 2405.672363
2498.730469 2453.785156 2374.855469 3167.153809
1028.379517 2867.897217 890.151794 3605.620605
3159.283936 2346.383301 3035.926270 3074.991943
3804.025635 1557.645508 3654.752930 2565.102051
3226.212891 351.816559 3101.879150 1345.552856
2822.512451 2249.925537 2703.003662 2966.721680
3804.136230 586.882996 3676.294922 1586.421021
3264.658447 124.323814 3145.138672 1117.583130
3608.486328 1185.332886 3468.520752 2181.499023
3608.360596 317.061707 3486.996826 1308.861938
3967.145020 561.515320 3840.881836 1567.212769
2756.848389 1362.458618 2653.432129 2083.781982
3057.874023 567.446594 2928.060791 1564.318726
2756.848389 1362.458618 2653.432129 2083.781982
3967.145020 561.515320 3840.881836 1567.212769
3465.919189 949.130005 3330.860352 1941.651733
3226.718262 361.450897 3102.174561 1355.142700
3057.850098 105.851585 2978.953613 831.667725
3226.946045 785.939331 3094.403320 1777.941772
2395.313721 1027.354614 2297.872803 1742.433105
2395.313721 1027.354614 2297.872803 1742.433105
3967.444092 570.989624 3841.010254 1576.416504
3227.066162 1886.548096 3086.037354 2795.221924
500.130463 1992.073120 384.711395 2669.394287
2499.832031 682.790588 2409.021484 1399.526123
3158.521973 1737.863403 3015.132568 2676.547852
3555.754395 2511.441162 3429.165039 3244.070312
3967.444092 570.989624 3841.010254 1576.416504
2499.832031 682.790588 2409.021484 1399.526123
3607.796875 887.679138 3474.602783 1882.569580
3437.955811 947.314758 3303.071777 1939.152222
3437.955811 947.314758 3303.071777 1939.152222
2539.870117 217.596207 2456.968506 937.501221
3158.309814 1283.393188 3015.730957 2273.330322
2756.232178 1440.757690 2651.138184 2161.713135
3037.809814 263.167328 2956.350586 988.209106
2500.254150 691.455078 2408.953857 1408.140747
2500.254150 691.455078 2408.953857 1408.140747
3805.173096 614.658325 3676.943848 1614.238037
3805.173096 614.658325 3676.943848 1614.238037
2115.899902 1990.292358 2000.853149 2697.322998
1312.817261 1430.362915 1208.698853 2124.849854
3135.489746 2077.108643 2991.639648 2976.128174
2116.085449 2752.888428 1987.770264 3456.601074
2334.327148 1086.014160 2236.171143 1799.509033
3135.489746 2077.108643 2991.639648 2976.128174
3228.409424 581.312439 3099.192139 1575.294800
2334.327148 1086.014160 2236.171143 1799.509033
3135.489746 2077.108643 2991.639648 2976.128174
2727.956543 1542.207642 2621.008545 2262.915039
3464.545410 278.506256 3342.944580 1270.077148
3860.966553 1225.380249 3719.459961 2233.183838
3860.861816 593.656494 3733.793701 1595.425293
3860.861816 593.656494 3733.793701 1595.425293
3464.474609 2783.013428 3332.675537 3512.041016
2755.348877 1366.010742 2651.644043 2087.158936
3157.822998 836.082458 3023.334473 1828.887451
2539.520996 218.936798 2456.968506 937.501221
3438.346191 2423.528076 3313.692383 3156.729004
3968.173096 933.154602 3832.929688 1943.727417
2824.297852 1507.999634 2683.082031 2456.647705
2391.809570 1304.321777 2289.576904 2019.232056
3438.346191 2423.528076 3313.692383 3156.729004
2391.788330 1296.874512 2289.718262 2012.080688
2455.900635 708.058655 2364.727783 1423.432129
3806.397217 804.766418 3674.911865 1806.600586
2502.461670 672.092834 2411.865234 1388.987061
2502.461670 672.092834 2411.865234 1388.987061
3038.858887 275.533295 2956.572266 1002.157410
3606.360107 892.682983 3473.147949 1887.092896
3157.460205 411.984314 3032.180908 1406.065552
3807.119141 811.375977 3675.289307 1812.781860
3856.911865 1424.016602 3710.920166 2433.337402
2754.459961 2595.478027 2628.105713 3311.105469
2728.224854 1667.536743 2618.781738 2388.417480
2728.224854 1667.536743 2618.781738 2388.417480
3157.183838 394.947571 3031.697510 1389.934692
2389.976807 1316.929932 2287.172363 2032.300903
2389.976807 1316.929932 2287.172363 2032.300903
3157.068604 614.972229 3026.899414 1609.180054
1021.575989 2852.343506 884.019958 3588.255615
3136.487305 1402.438354 2992.174072 2390.905518
4002.114990 720.586426 3871.311768 1730.471436
2389.181885 1322.677490 2286.288330 2038.088501
2504.232666 2577.151123 2378.175049 3289.613037
2388.776123 1028.812134 2291.192627 1743.533691
3854.590332 2593.006104 3726.295166 3329.882812
2388.497070 1063.277466 2290.043213 1777.710938
3854.547607 277.150970 3733.723877 1275.680054
611.788818 2884.838379 482.079803 3561.143799
3461.827393 271.101562 3340.511963 1262.896484
3230.625000 675.254150 3099.709229 1668.505859
3559.971436 1395.086670 3416.139404 2390.571289
3854.547607 277.150970 3733.723877 1275.680054
3230.805176 263.483673 3107.938477 1257.790527
3808.865234 808.538208 3677.274658 1810.137695
2015.611328 2428.178955 1892.783081 3131.594482
4000.950195 449.189362 3876.582275 1455.490356
2387.965332 880.288757 2293.634766 1595.516235
2847.470459 544.575439 2759.508301 1268.878662
3156.261963 580.758972 3026.985596 1575.619385
2387.460205 1365.991333 2284.555420 2081.570312
2387.460205 1365.991333 2284.555420 2081.570312
3156.132568 611.153137 3025.711182 1605.615601
3853.228760 426.327545 3730.354004 1426.029297
2387.283691 1075.861450 2288.906738 1790.320312
3853.199951 599.018433 3725.893799 1600.678467
3809.404785 611.545776 3681.518066 1610.943848
3231.940186 1974.950928 3089.439209 2882.827393
2387.105713 876.496582 2292.588623 1591.719849
3056.377930 791.640259 2922.403320 1786.958618
3603.670166 2847.055420 3471.221191 3578.326904
3853.099609 1581.928101 3703.739990 2592.924561
3262.573730 1785.961426 3124.768799 2687.905762
3809.692139 417.312561 3686.585205 1415.295776
2122.453125 1949.020142 2007.992554 2656.988281
1433.186646 2830.693115 1304.532104 3523.272217
1433.186646 2830.693115 1304.532104 3523.272217
3972.088379 933.604614 3836.828613 1943.716309
3233.078857 273.796478 3110.452881 1267.724976
3809.917480 822.410583 3677.613770 1823.705688
3809.940674 803.797668 3678.092041 1805.257935
3459.494385 280.445770 3338.528564 1272.134033
2827.332764 2180.781982 2709.232178 2897.133301
3155.142578 417.126678 3029.082275 1412.192139
3261.804443 1455.679810 3116.774658 2445.082764
2507.718750 337.884766 2423.279785 1053.650269
2991.608887 70.523193 2912.992432 795.850220
3137.346436 434.411774 3010.543701 1430.365112
2384.929932 770.750122 2292.002441 1486.312866
3137.370605 1228.202271 2995.940430 2219.000977
3154.946289 1265.373535 3012.649414 2255.299805
3851.570312 804.637939 3719.307129 1807.430420
3851.224365 1231.934448 3709.375732 2238.766113
3154.723633 1232.900146 3012.860107 2223.146729
3850.444336 970.201172 3714.802002 1974.416870
3563.500244 2855.122559 3430.544922 3585.393066
3850.195068 976.724792 3714.964600 1981.401245
3849.988525 619.631348 3721.520752 1621.393799
3234.917725 346.455261 3110.686279 1339.984863
2827.901611 1453.347900 2688.802002 2396.240723
3041.511963 2360.520508 2918.545898 3083.520508
3234.917725 346.455261 3110.686279 1339.984863
3563.545166 1105.180420 3425.203613 2100.049316
1014.497803 2778.142578 880.576416 3499.166504
3974.122559 783.119507 3842.630371 1792.141602
3601.612305 2573.987061 3474.102051 3307.244141
3974.221436 577.617554 3847.571777 1583.647705
3154.297607 1632.229492 3012.477051 2573.599365
3564.309570 1091.028442 3426.132080 2085.573730
3137.781494 1270.801392 2995.257568 2260.942139
3812.604004 819.346436 3680.054199 1820.926270
2382.750488 1327.071289 2280.290039 2041.860840
3440.445312 680.479004 3311.382812 1671.154297
3812.845947 1724.143311 3670.604492 2674.118164
3974.780762 591.992188 3847.470459 1599.317261
3261.078125 350.022705 3136.640625 1343.174194
3974.780762 591.992188 3847.470459 1599.317261
3154.032715 1555.570190 3014.440430 2494.029785
2749.304688 1438.783936 2644.191895 2160.096680
3153.951904 412.090271 3027.741211 1407.308838
2382.575928 1365.301147 2279.421875 2081.025146
3440.548340 690.839966 3311.041748 1682.350830
3236.243896 397.927399 3110.878662 1391.419922
3260.889893 2485.865479 3135.767822 3212.863037
2035.552856 166.977707 1953.027344 879.539368
2925.423584 2767.971680 2795.435791 3485.393555
2035.552856 166.977707 1953.027344 879.539368
3813.169189 784.015503 3681.927490 1785.597290
3565.415039 1371.918823 3421.830322 2367.208008
3565.415039 1371.918823 3421.830322 2367.208008
2381.720703 1078.277710 2283.073242 1792.738770
2381.692139 791.399536 2288.414551 1506.437378
3153.728516 871.941101 3018.572510 1864.631836
2381.543457 1099.566895 2282.900879 1813.835449
2925.279785 773.402649 2832.988770 1498.897705
2151.507812 2869.857666 2019.963135 3574.323730
3260.502197 2109.470947 3116.224854 3010.544434
2511.202148 2457.713135 2387.114014 3171.466797
2748.440186 1426.591919 2643.555908 2147.946289
2748.440186 1426.591919 2643.555908 2147.946289
2511.308350 267.928864 2428.468262 983.327515
3847.999512 1427.665771 3701.408936 2436.056396
3998.523682 477.001678 3873.650146 1483.214722
3138.292969 612.667603 3007.883789 1607.566650
3237.131348 174.725479 3116.491699 1168.556885
2925.117676 2791.775879 2794.530762 3509.261719
2925.117676 2791.775879 2794.530762 3509.261719
3847.168945 818.571533 3714.545654 1821.685303
3237.364990 628.652893 3107.314941 1621.774414
1409.346436 856.192322 1314.602295 1553.310303
3998.060547 462.158691 3873.600098 1468.338257
2341.189453 2512.508301 2216.452393 3222.410400
3813.784668 1159.234497 3674.079346 2162.975098
1409.488647 2817.284180 1279.896240 3509.148682
1409.488647 2817.284180 1279.896240 3509.148682
2341.281982 1083.506958 2243.192627 1796.649902
2730.822998 1535.854980 2623.838867 2256.935059
2730.822998 1535.854980 2623.838867 2256.935059
2034.328491 1094.988159 1934.474731 1809.664673
3138.539795 1266.954102 2996.030029 2257.120117
3845.961182 1410.465820 3700.387695 2418.885498
3441.718750 2654.248047 3313.206787 3384.121338
3441.718750 2654.248047 3313.206787 3384.121338
3845.861328 981.285645 3709.785156 1985.509399
3054.678467 1203.543091 2913.489014 2194.794189
3238.873291 343.378937 3114.644775 1337.039551
3239.139893 635.961426 3109.077637 1629.052490
2830.226562 2919.691162 2697.867920 3632.573242
3152.453125 1628.683105 3010.895508 2569.770752
3977.591797 763.809143 3846.013672 1772.619141
2830.273438 2655.516113 2702.310303 3372.479980
3138.765625 450.638977 3011.690430 1446.170532
3569.184082 893.357422 3435.776367 1887.197632
2830.447510 2226.839600 2711.289551 2943.567627
3814.788330 778.473022 3683.370361 1779.920654
3239.941162 347.196411 3115.816650 1340.521484
3239.941162 347.196411 3115.816650 1340.521484
3455.361572 2743.682373 3324.351807 3472.392090
2845.078857 2661.325195 2717.156250 3378.847900
2377.280273 888.834656 2282.674072 1604.356079
2915.650391 2884.957275 2782.697021 3603.329590
3844.697266 548.317627 3718.078369 1548.980591
3844.536133 1110.543823 3705.226318 2115.898926
3241.145020 771.599182 3108.872559 1763.401245
3241.145020 771.599182 3108.872559 1763.401245
2515.078369 271.135620 2432.052979 986.843567
3259.300293 1050.391235 3121.341797 2041.407104
3598.282227 274.803650 3477.632812 1266.461304
3843.454590 626.416870 3715.693115 1627.720581
2343.552246 2546.702881 2217.920410 3256.548584
2343.552246 2546.702881 2217.920410 3256.548584
3151.553223 741.760193 3019.016357 1735.456543
2343.739502 823.691895 2249.506104 1539.539551
2831.359619 2884.952148 2699.136230 3599.548828
2831.372314 2607.993896 2704.524658 3325.261719
2831.372314 2607.993896 2704.524658 3325.261719
3979.637695 693.402161 3849.527344 1702.147095
2374.937012 893.565613 2280.183838 1608.520874
2533.652344 245.787949 2451.352539 961.622437
2533.652344 245.787949 2451.352539 961.622437
3258.620605 1672.363770 3113.736816 2618.557617
3980.001221 446.477417 3856.034668 1452.004272
2923.543701 2797.540771 2792.875488 3514.983154
2915.809814 639.011108 2826.234619 1362.952515
3139.524902 2334.317627 3016.479004 3062.427734
3572.028809 1390.233032 3428.056396 2385.931885
2831.684326 2658.926514 2703.627930 3376.351074
3842.631592 617.210205 3714.376465 1618.339966
3242.810059 1949.082642 3101.270020 2854.055908
3980.419189 1245.188110 3838.284424 2259.944092
3980.419189 1245.188110 3838.284424 2259.944092
3980.419189 1245.188110 3838.284424 2259.944092
3242.934326 328.154205 3119.426514 1321.109619
2831.945557 1120.625732 2733.030273 1844.036255
3841.064941 971.895264 3705.136963 1975.677124
2923.195068 693.431824 2832.566650 1418.666016
3258.232178 1805.297607 3120.078857 2707.121826
3573.750977 858.239319 3440.842041 1851.936523
3150.890381 1743.315308 3007.570068 2682.086670
2516.802002 287.677948 2433.607422 1003.183777
3573.932861 1387.638306 3429.777100 2383.349854
3981.501709 1507.861694 3832.231445 2525.535645
3574.134521 1519.992065 3427.580322 2516.080078
3981.501709 1507.861694 3832.231445 2525.535645
3453.346436 2727.778320 3322.120361 3456.531006
3981.593018 552.242249 3855.470703 1558.760132
3452.834961 139.289001 3333.932617 1130.468750
2371.891846 951.709351 2275.848877 1666.423218
3840.339111 294.713806 3719.637451 1292.867798
2371.891846 951.709351 2275.848877 1666.423218
3053.684326 211.958755 2972.151611 940.939941
2517.917480 276.304291 2434.839844 991.689575
3982.097412 525.847961 3855.834717 1532.624512
3575.072266 1526.160034 3428.370605 2522.678955
3575.073486 1384.216675 3431.162842 2380.138428
3982.383057 530.141357 3856.993408 1536.210327
3840.088135 613.560364 3711.817627 1614.832520
2832.833008 2843.270752 2701.550537 3558.232666
3575.199951 334.852356 3452.987305 1327.000000
2743.685059 1480.559570 2637.812500 2201.891602
1292.052612 1524.318726 1185.881348 2218.115234
3243.912109 341.082977 3120.023193 1334.097168
3243.912109 341.082977 3120.023193 1334.097168
3575.443848 1052.138306 3438.640869 2047.084595
2743.385010 1421.782715 2638.391846 2143.392090
2922.753174 2712.253906 2793.809326 3430.014404
3452.342285 157.984695 3333.330811 1148.878174
2922.753174 2712.253906 2793.809326 3430.014404
3452.342285 157.984695 3333.330811 1148.878174
2916.266113 1305.385498 2772.208496 2298.871094
3576.052734 308.483459 3454.468506 1300.566528
2518.914062 2438.373291 2395.682129 3151.063965
2916.335205 2772.130371 2786.160400 3489.526123
2131.905518 795.905823 2037.371216 1513.719238
3244.912842 187.799393 3123.102051 1181.420776
2833.565186 1059.894531 2735.562256 1783.780151
3149.678223 431.668335 3023.411865 1426.959473
3245.406006 841.081238 3111.341797 1833.124512
3577.134033 1369.792358 3433.556885 2365.687988
3577.134033 1369.792358 3433.556885 2365.687988
3140.436768 167.350418 3018.718262 1164.023804
2997.754639 2049.347168 2854.721924 2945.868652
3577.330566 1508.606812 3430.837646 2504.418945
3818.403809 1475.917114 3671.729248 2483.158447
3149.272705 427.683655 3022.459473 1422.737427
3577.330566 1508.606812 3430.837646 2504.418945
3577.370605 2855.157227 3444.758057 3586.014893
3577.568604 304.174530 3456.269287 1296.541870
3149.115234 528.412231 3021.040527 1522.490356
3246.423828 641.061401 3116.454590 1633.615967
3451.261230 183.719055 3331.792236 1174.905273
3148.934326 744.125610 3015.755615 1737.475098
3148.934326 744.125610 3015.755615 1737.475098
3246.505371 332.077850 3122.675049 1325.186646
2346.984863 1045.976685 2249.520752 1759.616333
3148.850586 1813.443848 3004.754639 2751.746582
3246.821777 1823.725464 3107.400879 2731.543457
2367.187012 1397.391968 2263.715576 2112.375488
3837.116699 591.101318 3709.369873 1591.791748
3837.112305 979.592224 3701.289551 1983.015381
3148.534424 1024.132690 3010.776611 2016.112427
3837.112305 979.592224 3701.289551 1983.015381
1288.017090 1524.269287 1182.196533 2217.260742
2741.116943 1486.815308 2635.175293 2208.052002
3985.417236 723.394775 3854.478027 1732.628662
3985.507080 779.749084 3853.776611 1789.073975
1271.588867 1589.953247 1164.742920 2283.151855
3052.804688 552.116882 2923.244873 1549.835083
2842.702881 2606.957275 2715.876709 3324.424072
965.275330 2892.550049 826.381958 3635.822021
3052.720459 217.026199 2971.504639 944.818848
3836.103760 609.547668 3707.887695 1611.011230
3443.971436 912.549194 3309.252930 1904.536499
3819.762451 818.574890 3687.756836 1820.358521
3444.082764 686.962585 3315.053955 1678.691406
3819.784424 1381.859131 3674.876221 2389.340576
3820.093750 809.869141 3687.869873 1811.800659
3835.671387 1403.445312 3690.267334 2411.069580
3148.143799 448.210266 3021.378662 1442.971191
1287.057983 1530.671997 1180.782471 2224.491943
3141.593750 1642.402344 2997.551758 2594.939941
2993.947998 1780.246582 2850.050537 2716.533691
3985.781494 1332.239624 3840.775391 2348.539551
2364.430420 1053.260742 2266.294922 1767.369873
2842.218506 1737.458496 2698.844727 2671.225586
2364.430420 1053.260742 2266.294922 1767.369873
3820.880127 1470.047852 3674.800293 2477.906006
3834.628662 817.788818 3702.695801 1819.973999
2993.969238 982.432251 2855.857910 1977.807495
3147.887695 257.388916 3024.527832 1253.061279
3834.479980 342.471924 3712.809814 1340.595703
2740.329834 1508.651978 2633.927246 2229.621338
3834.471436 421.813171 3711.193115 1420.600342
3985.835449 762.513794 3854.598633 1772.120972
3834.387939 983.348572 3698.685303 1986.906250
3834.144775 1399.738647 3688.611084 2407.150879
3593.552734 968.673035 3458.366943 1963.540527
2136.339600 1864.163452 2023.569458 2573.206299
3820.882568 815.771790 3688.304199 1817.478638
3986.018311 524.846130 3860.379150 1531.219849
3581.506836 1402.845337 3437.240479 2398.809082
3141.857910 2342.968018 3018.441162 3070.948730
2920.956055 775.672546 2827.871338 1501.681763
3141.857910 2342.968018 3018.441162 3070.948730
2362.710938 1341.609619 2260.000977 2055.817139
3256.180420 183.283890 3135.168213 1177.103027
2739.703369 1652.130615 2630.224609 2373.469238
2530.447266 647.646790 2440.253662 1365.280762
2739.703369 1652.130615 2630.224609 2373.469238
2739.658447 2514.174805 2614.638916 3229.657959
2022.477661 2900.609375 1891.344482 3601.523682
3146.884766 1557.312378 3007.004150 2495.622070
3146.873535 562.811279 3017.709961 1557.507324
3249.651123 163.837875 3129.136963 1157.996704
1425.713135 2817.977783 1296.677856 3509.901367
3831.879883 805.563904 3699.833740 1807.843018
3831.879883 805.563904 3699.833740 1807.843018
1419.145142 865.385681 1323.890137 1562.883301
3146.654541 872.848511 3011.577881 1865.564941
3146.654541 872.848511 3011.577881 1865.564941
1284.348022 1344.765991 1178.788574 2053.612305
2361.607178 1070.122559 2263.438721 1784.068237
2361.607178 1070.122559 2263.438721 1784.068237
3582.735840 1370.062622 3439.186035 2365.913330
3582.735840 1370.062622 3439.186035 2365.913330
2361.136230 2764.809326 2232.075439 3475.074463
2958.174316 2035.481445 2815.637695 2931.544189
3047.882080 874.915649 2912.504395 1869.557007
2361.055420 1330.741455 2258.381836 2046.407349
2361.055420 1330.741455 2258.381836 2046.407349
2523.839600 209.521469 2441.802734 925.525208
3249.924805 154.651398 3129.947998 1148.057129
2360.735107 1346.351807 2258.036621 2060.381592
2996.400635 63.214539 2918.192871 788.933411
3583.538818 732.218262 3453.447021 1725.813599
2837.150391 2804.872803 2706.229492 3520.898438
3583.674805 163.757965 3464.700684 1155.701294
3583.715332 732.621277 3453.447021 1725.813599
2349.343506 1379.946289 2245.144531 2099.707031
2524.051270 268.040985 2441.077637 983.873474
2524.051270 268.040985 2441.077637 983.873474
2738.565918 2331.932129 2617.369873 3047.024170
2360.287842 1334.150635 2257.344727 2049.954834
3830.429199 422.212158 3707.085449 1420.823730
3584.485107 1394.027832 3440.383545 2390.309326
3829.859375 1432.679810 3683.595215 2440.484375
2734.390137 2335.793945 2612.835938 3051.163086
2734.470947 1664.364014 2624.950195 2384.881348
2738.425537 1318.799561 2635.743164 2040.762695
2529.635986 227.718079 2447.300781 943.867310
2738.143799 1504.920166 2631.791992 2226.112305
3585.049561 327.507080 3463.077637 1320.244141
3987.227295 432.000885 3863.472900 1437.323364
3255.249756 847.457825 3121.075439 1839.127686
3448.075928 809.214722 3315.442627 1801.288940
2358.461914 1024.347778 2260.962646 1738.080933
3592.242432 1449.040527 3446.601074 2445.614258
3585.534912 316.960724 3463.933350 1308.895020
3445.068848 1006.693726 3309.056396 1998.829590
3254.836426 640.065979 3124.765869 1632.806519
2917.838379 2766.358887 2787.976074 3483.458740
3254.824463 167.179398 3134.304932 1161.102417
3145.258057 869.665649 3010.228760 1862.492920
3142.674805 722.157776 3010.500977 1715.449585
3049.188965 575.793396 2918.899658 1573.352783
3142.771729 425.500275 3016.491455 1420.486938
3049.374023 2354.876221 2926.995117 3078.612061
3988.192139 1502.478027 3839.203369 2520.909912
3988.192139 1502.478027 3839.203369 2520.909912
3251.722412 1949.492920 3109.770020 2854.440430
2525.556641 2463.483154 2401.464111 3176.717285
3988.430420 1564.127563 3838.031494 2583.132568
2737.432373 1645.659180 2628.401123 2367.094971
2737.432373 1645.659180 2628.401123 2367.094971
2525.678955 213.225128 2443.697021 929.746643
3823.515869 362.306366 3701.465332 1360.147827
3988.430420 1564.127563 3838.031494 2583.132568
3051.260986 2302.928711 2930.176514 3030.236572
3252.242676 1852.228638 3111.727783 2760.661133
2995.788818 70.338905 2917.354736 795.780457
2995.788818 70.338905 2917.354736 795.780457
3142.951660 167.247513 3021.571289 1163.533569
3142.991455 1214.627197 3001.826172 2204.952148
2355.426270 948.611206 2259.906006 1662.914062
3143.099854 187.509506 3021.149414 1184.260620
2526.250977 714.626282 2434.862061 1432.201294
3445.551514 306.023193 3323.190430 1297.477539
3143.124268 741.921265 3009.536621 1735.476318
3143.124268 741.921265 3009.536621 1735.476318
2995.711914 1189.668945 2853.504150 2182.139893
3144.657959 1209.501831 3003.712891 2199.899902
3144.516602 1753.955078 3001.076172 2692.967041
3590.469482 245.557175 3470.493896 1237.908813
3254.306885 412.645203 3128.776123 1405.305176
2351.908203 1022.885498 2254.991943 1736.618774
3824.390381 612.939148 3696.358398 1613.437988
3144.117188 772.438110 3010.943115 1765.791138
2526.769043 206.645737 2444.541016 923.082153
2142.672607 941.104614 2044.153931 1665.469238
2526.995850 254.180267 2444.527832 969.489380
3253.422119 139.527084 3133.398926 1133.088867
3254.082520 324.709320 3130.412598 1317.839722
2353.622803 941.147278 2257.979248 1655.498047
2736.096924 1631.120117 2627.557129 2352.415771
2839.733643 2602.376465 2713.033447 3319.568604
3824.842041 1412.491455 3679.286865 2419.338379
3590.039062 2879.546875 3456.567627 3610.185547
3590.039062 2879.546875 3456.567627 3610.185547
987.500549 2872.881592 849.183044 3611.636230
2024.527466 2386.792969 1902.365845 3090.523682
3143.624512 715.816223 3011.643066 1709.526733
3143.624512 715.816223 3011.643066 1709.526733
988.308289 2864.529297 850.271912 3601.361328
386.165649 848.243347 292.815979 1522.512695
386.165649 848.243347 292.815979 1522.512695
3737.595215 913.811401 3603.590576 1912.555176
3737.533447 1003.289490 3601.294678 2002.969604
1121.794434 2318.469727 1002.199219 3006.626221
3296.173584 1465.220947 3150.923828 2454.710449
3673.008057 341.781006 3551.013184 1334.834717
3673.281982 409.090271 3550.274902 1403.507568
3673.412109 1349.475342 3529.702393 2348.613525
2205.225342 1574.624146 2097.623047 2285.204590
2205.225342 1574.624146 2097.623047 2285.204590
2581.083008 2136.452148 2462.613770 2856.848633
3079.318359 745.848145 2946.399658 1740.673706
3674.652588 1053.565552 3536.879150 2051.621338
3296.666016 651.752136 3167.198975 1643.696533
1123.979980 2588.942383 998.828491 3276.869385
3407.131592 2661.091309 3277.879883 3389.769287
3296.706055 689.291199 3166.592041 1680.572021
2261.093506 1507.262085 2154.361328 2218.827637
3735.104736 1007.471802 3598.858398 2007.281250
3734.830078 1040.923096 3598.191895 2040.653320
2581.740723 473.539551 2494.392822 1192.022583
3296.974854 1268.455444 3155.976562 2258.816162
2894.517334 2335.231689 2772.495605 3055.620850
3297.006348 812.905151 3163.878418 1804.251221
3297.006348 812.905151 3163.878418 1804.251221
3734.259277 1036.368164 3597.895752 2036.175537
4039.666016 833.174133 3906.196533 1846.673950
4039.835938 620.719788 3911.627197 1631.468384
3676.895752 985.576965 3540.853027 1982.665405
3676.895752 985.576965 3540.853027 1982.665405
380.520508 2797.776123 251.436523 3468.957764
3103.440186 522.174133 2974.798828 1518.178345
2582.617920 2473.964355 2458.376709 3187.331299
3732.533936 1003.291565 3595.439209 2002.787231
2876.942139 2760.890381 2747.093994 3477.360352
3678.337646 1512.309082 3531.552002 2512.783447
3678.603027 1024.114746 3542.011475 2021.572876
1476.322021 340.687683 1386.221436 1056.330322
1192.705078 1986.839478 1078.552856 2677.849121
3679.064209 1032.277466 3541.918213 2029.657837
3102.695801 528.884766 2973.913330 1524.713745
3730.049316 599.008606 3602.613281 1596.431885
2877.586670 2181.371338 2754.551514 2928.876221
3680.122559 1050.915039 3542.692383 2048.516113
3298.607178 2501.670654 3172.721191 3229.567627
2877.911865 912.415771 2783.004639 1637.147583
4040.755127 862.746155 3906.138916 1877.017578
3101.386230 409.478607 2974.432373 1405.901245
3101.225342 806.004700 2967.328369 1800.014893
3081.316650 618.162842 2950.393555 1614.148071
3081.316650 618.162842 2950.393555 1614.148071
3727.507812 1452.626587 3581.569092 2454.874268
3081.471680 1212.969727 2939.902344 2203.623291
3100.989014 433.227264 2974.080078 1429.624756
2893.179443 453.581726 2807.154785 1177.470459
3081.844238 498.605347 2953.526367 1494.822144
3100.808105 802.663208 2966.860107 1796.883301
3100.515625 880.656189 2965.148926 1873.989502
2212.867188 2476.795898 2088.885254 3184.793457
2212.867188 2476.795898 2088.885254 3184.793457
3683.540039 1013.674072 3546.982422 2011.449829
2251.284912 1017.140686 2151.736816 1743.579102
2892.629883 834.218506 2799.275635 1558.742310
2892.629883 834.218506 2799.275635 1558.742310
3724.621582 383.563660 3602.049072 1378.267700
3724.621582 383.563660 3602.049072 1378.267700
2586.319824 2419.106445 2463.620117 3132.144043
3402.954102 2650.214355 3274.034180 3378.997070
3402.954102 2650.214355 3274.034180 3378.997070
3300.422607 2519.381836 3174.425293 3246.871582
3099.842773 421.243256 2973.156494 1417.444092
1185.389893 2026.994141 1071.031616 2717.437744
3723.462402 1025.256836 3586.815430 2024.763428
3099.522461 333.905121 2974.575684 1330.890503
4042.879883 1475.494141 3895.476562 2497.349365
4043.041016 356.178558 3921.157471 1363.210693
2586.934082 2032.839722 2469.874023 2750.227051
3099.194824 423.344543 2972.096680 1420.248047
3099.194580 412.902985 2972.528320 1409.305176
4043.041016 356.178558 3921.157471 1363.210693
4043.041016 356.178558 3921.157471 1363.210693
3722.607666 1400.878540 3577.562256 2402.677979
3722.196289 1000.018982 3586.530762 1999.005859
3721.981689 1008.014771 3585.252197 2007.322021
3301.195312 2490.685059 3175.914795 3218.463379
2247.657227 1531.053467 2140.832764 2242.510986
3687.597656 1138.947632 3548.448486 2137.690430
2891.806152 2831.900879 2760.891357 3547.548584
2880.645508 909.674683 2785.529541 1634.570190
3687.928467 1039.095459 3550.892822 2037.407837
3097.900879 445.123474 2970.703369 1441.472778
4044.041992 796.550415 3910.963379 1809.590210
2588.144043 13.546930 2509.947754 730.483765
1977.919800 1098.469360 1878.430176 1811.479980
1977.919800 1098.469360 1878.430176 1811.479980
1977.919800 1098.469360 1878.430176 1811.479980
3097.591553 439.982208 2970.242432 1436.102783
1977.907593 2567.663330 1852.540771 3270.043945
4044.303467 167.030457 3939.013184 1087.750977
3401.192627 174.428986 3281.595459 1165.451782
3719.642578 1009.989014 3582.968262 2009.122437
3719.642578 1009.989014 3582.968262 2009.122437
3719.515625 1084.422119 3581.521973 2084.349121
3719.515625 1084.422119 3581.521973 2084.349121
4044.480957 1413.717651 3897.786621 2434.719238
3084.774170 592.734802 2954.292725 1589.108154
1144.648560 2677.908691 1018.163208 3365.742432
3690.349854 1003.855225 3553.998535 2002.122314
2243.924316 1530.899292 2136.849609 2242.125977
3399.823975 642.283997 3271.167480 1633.594971
2693.139648 1711.506958 2582.875732 2431.538818
3717.225586 192.260544 3606.152344 1137.703735
3096.040283 560.766907 2966.475342 1556.873169
3716.376709 1922.123779 3576.913086 2832.969482
3399.517334 205.536530 3279.406250 1196.976562
2882.733398 2688.165527 2754.280029 3406.045410
3691.538086 1045.568970 3554.156738 2043.693726
2882.844971 2873.616699 2750.419678 3590.977783
2882.844971 2873.616699 2750.419678 3590.977783
2692.594971 2472.362549 2567.077148 3195.867432
3399.228027 128.467819 3280.793945 1119.687500
4046.687500 1409.187988 3900.058838 2430.059814
3399.186768 1210.145630 3258.691650 2201.987793
4046.687500 1409.187988 3900.058838 2430.059814
4046.807861 272.301300 3926.124023 1278.757446
3303.980225 1269.389526 3163.467285 2260.133789
4046.807861 272.301300 3926.124023 1278.757446
3714.473877 1019.787659 3577.950439 2018.747070
3304.078369 2505.868408 3178.149414 3233.762207
2890.182861 912.007812 2794.643066 1637.544922
4047.258545 838.868591 3913.433594 1852.430298
3398.093994 2641.412842 3269.367432 3370.303711
3398.093994 2641.412842 3269.367432 3370.303711
1149.907837 2140.144043 1033.792969 2829.201904
352.865875 1481.623291 246.718399 2154.965820
1485.094116 875.973328 1389.008301 1578.504761
3304.431641 2521.138916 3178.219971 3248.774170
4048.247803 809.394714 3914.984619 1822.827515
4048.247803 809.394714 3914.984619 1822.827515
3711.889160 458.574005 3587.834473 1454.161499
3711.889160 458.574005 3587.834473 1454.161499
3711.766846 1494.957153 3564.950439 2496.568359
3094.166748 374.197266 2968.080566 1371.264526
3094.166748 374.197266 2968.080566 1371.264526
3694.661621 1475.617065 3548.535889 2475.716797
4048.722900 815.477051 3915.122559 1829.264404
3396.871826 643.970215 3268.432861 1634.979492
4048.722900 815.477051 3915.122559 1829.264404
3396.767822 248.464584 3275.524414 1239.791626
3710.300049 472.838043 3586.210205 1468.372070
3710.297852 1499.136475 3563.266113 2500.683838
3710.297852 1499.136475 3563.266113 2500.683838
3396.481934 2626.231689 3268.381836 3354.994385
2884.446289 1266.149780 2741.115723 2260.426025
3093.496582 441.122131 2966.419922 1437.477051
3087.963379 115.347473 3007.750488 842.521118
3396.452148 739.120117 3265.489502 1730.897339
3396.291992 172.312149 3276.474365 1163.583984
2888.667725 2772.554199 2758.190674 3489.123779
3395.757324 2418.187012 3270.923340 3150.624512
3697.534668 926.224243 3563.177002 1923.940430
4049.768311 785.234985 3916.793213 1798.929565
345.882660 773.338623 252.495102 1446.819580
5446.928711 245.354202 5365.965820 1026.756470
3707.960693 463.598053 3584.003174 1459.130005
2227.687988 1549.863892 2120.450684 2260.792236
2227.687988 1549.863892 2120.450684 2260.792236
3394.791016 2660.623779 3265.328857 3389.039795
3394.791016 2660.623779 3265.328857 3389.039795
3698.674316 362.254852 3575.691895 1356.262817
3699.244629 1545.915161 3551.146240 2548.077637
2234.477295 1494.153809 2128.641357 2205.305176
2234.169434 1536.940796 2127.283447 2248.134521
2234.169434 1536.940796 2127.283447 2248.134521
3705.804443 1034.076660 3568.992676 2032.511108
2597.123047 2432.735596 2473.697754 3146.149658
2688.712402 2099.058105 2570.980225 2818.019043
2885.985107 2729.019287 2756.817871 3445.831055
1970.543335 2632.036621 1845.107178 3331.713867
2229.775879 1554.602417 2122.607422 2265.279297
3704.435791 1548.626831 3556.863037 2550.354248
2688.641113 2107.512695 2570.611572 2826.657959
3307.880859 1349.811523 3164.890625 2339.833740
3703.752441 471.879791 3579.727539 1466.827515
3702.333496 1537.415039 3554.699219 2538.885010
3091.302979 1726.803589 2948.108398 2667.630859
3308.191650 2537.172852 3181.599121 3264.674072
2231.315918 1558.181274 2124.050781 2268.953369
4054.967529 870.225159 3920.097900 1885.111084
1968.896484 2617.599121 1843.123413 3319.033203
5137.972656 2456.518066 5012.222656 3214.843018
2687.584229 1615.162109 2576.996826 2342.565186
4209.481934 691.669128 4077.784424 1714.643921
4210.337891 650.187988 4080.442139 1672.002930
335.477173 704.660034 242.357880 1378.004883
3390.960693 680.417725 3261.582520 1671.761719
3390.752686 1759.935547 3251.682129 2670.971680
1967.569702 2660.942383 1841.426514 3361.175293
1853.133057 1305.506714 1741.248535 2068.127197
4057.063232 733.796265 3925.211670 1747.036255
4214.895508 683.078613 4083.378906 1706.326538
2686.563721 1801.684692 2574.549805 2521.677002
4057.390381 677.339233 3927.002441 1690.127197
4216.878906 564.931091 4089.041260 1585.873047
4057.390381 677.339233 3927.002441 1690.127197
5100.701660 662.578979 5014.493652 1423.136841
4218.497559 2437.076904 4089.545898 3204.358154
3389.644775 2420.958740 3264.879883 3153.160156
4222.057129 2888.060791 4087.174072 3633.036133
1602.902222 832.211304 1508.211304 1537.630615
4226.562012 603.195312 4098.259766 1625.045288
4227.687500 569.525452 4099.687500 1591.375854
329.521027 884.917542 233.780365 1558.191772
4230.344238 492.101959 4102.940430 1513.418823
4230.810547 572.906677 4102.621094 1595.062866
2685.373291 2109.475098 2567.564453 2828.355713
3388.351074 230.726944 3267.583252 1222.496704
1605.549927 838.350281 1511.007202 1543.034058
2603.585449 20.178492 2525.653809 737.461792
1840.864258 810.722656 1746.256714 1520.494873
3312.040771 1063.976074 3174.288818 2054.785156
4061.267334 843.304504 3926.943359 1858.353271
1607.548828 846.524536 1512.640503 1551.284180
4061.267334 843.304504 3926.943359 1858.353271
4062.793457 859.208374 3928.293457 1874.461914
4237.831543 2891.823975 4102.845703 3633.771729
4062.921631 1600.324463 3911.444092 2625.020020
4238.276855 1626.800171 4083.997559 2665.392578
3312.855225 260.439941 3190.939453 1253.107300
3312.920654 1351.639648 3169.963135 2341.642822
325.274139 784.459656 231.201736 1458.112061
3313.026123 1035.527832 3175.986328 2026.057983
4239.361328 1634.395996 4085.184326 2673.485840
4063.176270 863.724548 3927.927490 1879.130371
2683.968018 32.415802 2605.789307 751.377808
4240.523438 2587.617676 4107.564453 3357.705078
4241.233887 490.215118 4114.424316 1512.396851
4241.816895 300.265625 4119.902832 1318.780273
4242.102539 537.796753 4114.385742 1561.300903
1611.341309 795.259338 1516.963989 1499.837524
1611.341309 795.259338 1516.963989 1499.837524
2683.815186 1693.614990 2574.004150 2413.342285
1497.627441 409.888763 1411.520264 1108.587891
3385.720703 311.005188 3263.062256 1302.569092
3313.635742 2081.286865 3169.193115 2982.582764
1960.406250 2667.525391 1834.073853 3367.625000
4249.878906 2348.269287 4122.366699 3117.606201
321.168518 830.922668 226.884979 1503.879028
1615.334717 791.548096 1521.593262 1496.463745
4254.717285 498.230011 4127.658691 1521.236694
4065.570312 1221.877563 3923.661865 2241.943115
2607.408936 2031.386353 2491.199951 2749.158447
1827.886841 743.598755 1734.547485 1453.449585
1827.886841 743.598755 1734.547485 1453.449585
4256.193848 1625.885132 4102.025391 2666.167969
4256.193848 1625.885132 4102.025391 2666.167969
4066.194092 1403.201904 3919.439697 2425.511475
4066.194092 1403.201904 3919.439697 2425.511475
4258.385742 1103.490356 4116.907715 2137.424072
318.853546 827.997986 224.230896 1500.964233
3314.102051 2527.908203 3187.451904 3256.080322
3384.631836 1299.350220 3242.566895 2290.517334
2608.364258 2464.971680 2482.510498 3188.483398
4260.541016 488.482452 4133.721191 1512.559937
4262.029785 2263.468262 4136.677734 3033.377930
4262.401367 2235.315186 4138.272461 3003.277588
4263.405762 376.878754 4139.380371 1398.427612
4263.644043 474.949554 4137.151367 1498.841919
4067.093018 1322.105713 3922.157227 2343.943359
2682.423340 1301.455444 2580.151367 2022.128418
2682.423340 1301.455444 2580.151367 2022.128418
2682.191895 1711.599854 2571.339111 2431.286377
316.693481 736.723694 222.826828 1409.834351
4267.001465 471.435364 4140.342285 1495.322876
4267.524414 627.049255 4138.290527 1653.172729
4940.324219 575.738831 4852.144043 1342.518921
4940.324219 575.738831 4852.144043 1342.518921
2682.015381 2011.137451 2565.912109 2730.928223
2609.771484 2031.618530 2493.985840 2749.163818
3382.928223 2017.810913 3239.581543 2920.326660
4934.041504 82.729744 4855.569824 854.219849
4934.041504 82.729744 4855.569824 854.219849
315.303253 749.238037 221.443878 1422.329712
313.917816 741.699219 220.291260 1414.719604
2610.650391 2069.320801 2493.617188 2786.264160
4276.826172 690.176697 4145.354980 1718.122559
4276.826172 690.176697 4145.354980 1718.122559
3382.207520 301.358459 3259.818115 1293.597778
4919.551758 1670.730347 4810.144043 2431.089111
3382.207520 301.358459 3259.818115 1293.597778
1625.848999 574.361389 1535.432129 1279.812988
3315.698486 248.500427 3194.178711 1241.171021
4068.823242 881.897156 3933.494629 1897.781128
4278.842773 1267.853516 4133.853516 2305.836914
4915.855469 97.285248 4836.760254 871.829773
4279.316406 494.870758 4152.542480 1519.944580
4279.316406 494.870758 4152.542480 1519.944580
3381.428467 878.487915 3247.722900 1869.966919
4280.479004 2158.878418 4156.076172 2928.703369
4069.823730 840.712708 3935.600098 1856.477661
3381.069580 1089.725952 3243.202637 2080.738281
1956.213745 2707.364746 1829.065796 3407.700439
4069.987793 1544.943726 3919.738525 2569.823486
4904.177734 2461.720947 4779.094727 3214.428711
4284.920898 1459.986938 4134.530273 2501.064697
4284.920898 1459.986938 4134.530273 2501.064697
4285.278320 2701.023682 4155.225586 3445.370117
3380.062012 304.890656 3257.702148 1296.720215
1810.550537 965.865479 1712.667725 1675.385254
4071.913086 1071.742920 3933.073730 2090.462402
4896.791504 2487.168945 4770.782227 3239.645752
4896.791504 2487.168945 4770.782227 3239.645752
306.600586 752.178467 212.930420 1424.847412
1632.073364 1996.816528 1516.552246 2698.156006
2613.812988 186.743622 2532.876709 904.055725
2613.812988 186.743622 2532.876709 904.055725
4290.417969 733.505066 4157.435059 1763.270386
4073.176758 621.649292 3944.218262 1635.152710
4291.965820 1476.696533 4140.426270 2519.141113
3317.377441 1369.877441 3173.754150 2359.920898
303.624969 752.611328 209.446259 1425.401489
3378.474121 289.072113 3255.989502 1281.692383
1635.223267 1959.702759 1520.451050 2661.436279
4073.730713 137.578812 3971.073975 1049.853516
302.725159 873.849915 206.599930 1546.549561
4881.375977 2458.201904 4756.160156 3210.385254
4881.375977 2458.201904 4756.160156 3210.385254
4880.921875 272.818817 4798.100098 1043.521851
1804.650513 636.374573 1713.491943 1345.956543
3377.150879 305.458801 3254.687012 1297.393799
4297.381348 2586.147949 4168.688965 3334.845459
4872.042480 2479.866455 4746.426270 3232.100342
1505.127686 849.928833 1409.767334 1550.825806
4870.454590 284.993042 4787.863281 1057.204956
2678.206543 1294.163086 2575.794189 2014.481323
4075.583252 1290.367798 3931.696289 2312.204102
4075.583252 1290.367798 3931.696289 2312.204102
4866.761230 374.130737 4783.014648 1142.717896
2677.776123 1753.114014 2566.689941 2472.603760
4076.359375 93.836784 3974.328613 1006.455872
4076.359375 93.836784 3974.328613 1006.455872
4304.875977 1297.078857 4158.708496 2337.495117
4076.442871 1565.272095 3925.978516 2590.371826
4076.442871 1565.272095 3925.978516 2590.371826
4077.076660 795.861755 3943.562988 1811.786621
4077.110107 1608.318604 3924.857666 2634.069824
4077.814697 823.907532 3944.116455 1839.435059
4077.814697 823.907532 3944.116455 1839.435059
4078.172852 465.659576 3953.450928 1476.481934
4854.367676 471.193695 4769.078613 1236.007446
2619.347168 2461.846924 2493.730713 3185.150391
4309.038086 2620.980957 4180.360352 3364.882324
4078.731689 1444.577026 3930.787598 2468.391602
3374.423828 307.246338 3252.006592 1298.796875
4310.574707 1235.993408 4165.477051 2276.054199
2620.654541 188.240829 2539.503418 906.992188
3373.425781 1125.652466 3234.785156 2116.198975
4311.850586 1342.799561 4163.895020 2384.961914
4079.526123 1073.278198 3940.802979 2092.538086
3373.286133 1280.079956 3231.888672 2271.347656
4079.635986 832.016724 3945.727295 1847.829224
1792.980957 1032.748169 1694.291870 1742.059937
4312.745117 2595.419678 4184.193848 3340.722168
4840.138184 376.773254 4755.956055 1148.527222
4313.722168 1322.672607 4166.182617 2364.298096
1791.985718 694.641602 1699.581421 1404.441284
4314.108887 2520.863525 4186.406250 3269.087891
3320.470215 2557.303955 3193.678711 3285.265381
1947.863281 2710.946045 1820.119995 3411.755127
4314.506348 2581.523438 4187.186035 3325.318115
2676.122314 2109.521973 2558.486572 2828.081787
4315.000000 2123.787598 4192.484375 2892.901367
4080.523682 1271.203491 3937.309814 2292.943115
4080.704346 791.974548 3948.324951 1806.956909
1648.236816 1976.245117 1533.402344 2677.766113
4080.830566 603.724426 3952.213379 1616.996216
1788.985962 712.523926 1696.476562 1421.617920
4529.784668 1111.319092 4385.531738 2169.116211
4080.830566 603.724426 3952.213379 1616.996216
4825.585449 520.900879 4739.450195 1288.491821
4080.989014 820.966797 3947.455322 1837.063354
4824.474609 462.873260 4738.244629 1234.161377
287.766724 877.622437 192.967987 1550.088623
287.766724 877.622437 192.967987 1550.088623
2675.534424 2104.914795 2557.930908 2823.898682
1509.897095 932.532288 1413.729248 1633.832275
4321.407227 95.296303 4215.445312 1036.900391
4322.744141 477.678131 4196.049316 1505.732178
4814.474609 609.142517 4727.672852 1372.053467
4813.786133 496.485382 4727.807617 1266.548584
4081.727295 1280.807007 3937.945068 2303.178223
4323.578125 872.684143 4186.462402 1907.959351
1652.864990 641.072937 1560.789429 1348.576782
4527.643066 332.541534 4402.482910 1374.371948
3322.095947 1384.470459 3177.975830 2374.887939
3322.095947 1384.470459 3177.975830 2374.887939
1511.144043 768.910706 1418.156006 1470.007202
1783.229614 830.789673 1688.553223 1539.503418
1783.229614 830.789673 1688.553223 1539.503418
1511.144043 768.910706 1418.156006 1470.007202
1945.485596 2776.810791 1816.148193 3477.333496
4526.208008 358.210541 4399.749023 1400.346313
3322.372559 1331.135132 3179.945801 2321.196777
1781.831055 53.204357 1701.206665 758.296509
4329.681641 271.238922 4224.071289 1189.574341
4332.248535 1634.942749 4305.639160 1861.481201
4332.427246 1239.341309 4186.070312 2281.098389
4083.373535 877.683777 3948.012939 1894.700073
1778.903564 841.568298 1684.072144 1550.031982
1944.499390 2783.946777 1815.808472 3483.510986
4336.539551 1280.444824 4190.638184 2323.012207
4083.849609 788.121948 3951.437744 1803.663696
4084.550537 1263.551392 3941.231445 2285.943604
4338.645996 2496.028076 4212.519531 3239.024658
4339.926270 1374.489502 4190.999023 2419.157227
4341.116699 1368.304565 4191.725586 2412.878662
4341.508789 1361.378662 4192.988770 2405.749512
4779.756348 629.994141 4691.766602 1394.243530
4779.756348 629.994141 4691.766602 1394.243530
1662.153320 518.586182 1572.393311 1223.199097
4345.445312 1219.481445 4199.609375 2262.114746
4345.451660 1236.411865 4199.972168 2279.607910
4345.451660 1236.411865 4199.972168 2279.607910
4347.652832 2368.182617 4222.083984 3119.509277
4347.652832 2368.182617 4222.083984 3119.509277
4520.079102 1150.653076 4375.005371 2209.005127
4348.408203 1223.070312 4203.352051 2266.149902
4348.408203 1223.070312 4203.352051 2266.149902
4764.329102 595.962769 4675.939941 1366.417358
4759.002441 2428.757080 4634.577637 3178.933594
1710.550415 1070.849731 1611.201904 1777.732300
4085.788818 1997.760986 3942.636719 2912.157715
3383.853271 134.224274 3264.976318 1125.199585
2775.767578 1366.998291 2672.165527 2088.513428
1748.102661 967.278625 1650.564087 1675.326660
3158.340332 817.592834 3024.050049 1810.784912
2491.704834 384.100555 2406.532715 1100.483765
2713.835693 1346.607910 2609.531738 2067.735596
4699.204102 2443.695801 4574.591797 3193.130127
1158.133057 2108.085693 1042.681396 2796.894043
2999.619873 984.028564 2861.099609 1979.074829
1785.923706 50.459034 1704.969604 755.802429
4310.964844 539.193665 4182.996582 1567.347046
4310.964844 539.193665 4182.996582 1567.347046
4021.458740 860.376221 3887.720947 1873.298340
4075.159424 1446.115967 3927.471436 2470.159912
2656.643555 2133.203125 2538.441406 2850.986572
3788.447510 1420.831421 3642.475098 2426.304443
3109.708984 467.443604 2981.358398 1463.264160
3200.652832 2392.867676 3077.416260 3119.121826
3400.434570 1629.219482 3259.881592 2571.980957
3525.972656 1822.682007 3386.618408 2729.377686
3191.696045 1036.499512 3054.474609 2028.327026
1444.817139 492.231415 1352.557495 1208.237061
2544.252686 2073.432617 2426.989014 2790.171631
3139.125244 401.957611 3012.804199 1397.643677
3461.612061 1261.563354 3319.956543 2254.899902
2338.229980 1390.787964 2233.943115 2108.477539
2826.006592 2186.906250 2707.578369 2904.030029
1842.066528 469.590332 1753.726562 1179.179443
3547.872559 2829.388916 3415.317627 3559.857910
1842.066528 469.590332 1753.726562 1179.179443
3547.872559 2829.388916 3415.317627 3559.857910
4050.862305 162.953400 3944.962158 1082.498901
2508.125977 303.650299 2424.637207 1018.928955
3131.944092 813.707458 2997.588623 1806.916992
1497.999390 377.615234 1411.586426 1075.977173
4292.074219 700.387268 4160.581055 1729.967041
3182.679688 264.350311 3059.356445 1259.344604
2799.384033 1615.064209 2658.789795 2547.891357
3147.011475 500.799927 3019.479980 1495.961914
3710.744629 998.478699 3574.172363 1997.283081
4071.473145 1270.974365 3927.787109 2292.602783
3128.956055 239.528290 3005.987061 1236.117310
3403.550293 287.768250 3281.404053 1279.523193
3823.361328 1575.058594 3673.620850 2584.020752
4575.880859 2150.577393 4455.965332 2899.885986
3204.214111 547.176392 3076.395508 1540.964722
2951.508057 2760.960205 2821.508545 3479.100342
2951.508057 2760.960205 2821.508545 3479.100342
3007.114746 340.194550 2923.939209 1066.151245
2386.235596 1370.363525 2283.041016 2085.587158
3304.372803 1058.881226 3166.880615 2050.035889
3265.556152 604.444275 3136.072021 1597.501587
3382.291748 1369.190063 3238.896729 2359.979736
3679.972900 1848.428711 3539.746094 2757.344482
1079.662476 1039.679443 982.621704 1728.363525
1622.502563 557.979736 1532.771484 1263.369385
