292342.097511 4147266.499620 40.160861
292332.056500 4147339.457033 81.594526
292326.798275 4147306.867589 73.927683
292329.862764 4147334.515973 81.418288
292326.798275 4147306.867589 73.927683
292324.162754 4147304.072761 73.892690
292304.221470 4147339.153767 39.558091
292331.921389 4147325.875563 81.046427
292357.737466 4147303.532905 84.428780
292331.970055 4147330.614402 81.236865
292331.970055 4147330.614402 81.236865
292304.221470 4147339.153767 39.558091
292303.153458 4147260.076383 40.278310
292250.457188 4147261.366510 49.954585
292361.133629 4147321.788992 86.893308
292348.910452 4147314.175989 82.494006
292351.920344 4147327.603277 83.990734
292348.925085 4147306.221364 82.045832
292326.630140 4147347.006096 43.122496
292329.784584 4147325.675873 81.002886
292318.401440 4147315.579027 41.598263
292329.726562 4147318.008363 80.548049
292329.726562 4147318.008363 80.548049
292341.098744 4147325.946564 81.645249
292324.422772 4147253.940448 38.165710
292324.422772 4147253.940448 38.165710
292349.485598 4147258.076070 39.552313
292335.788539 4147313.417849 80.478558
292275.189478 4147320.794715 48.747914
292324.464562 4147257.492064 38.568563
292324.464562 4147257.492064 38.568563
292304.278599 4147339.506923 39.593147
292304.278599 4147339.506923 39.593147
292348.959205 4147331.496011 83.417224
292342.231893 4147302.686963 74.826223
292278.467763 4147367.304331 34.420554
292357.495497 4147332.040184 86.020764
292323.190396 4147318.286099 80.840527
292329.793440 4147325.265197 80.991804
292320.489010 4147263.206275 38.945961
292263.980553 4147259.368888 39.197792
292320.489010 4147263.206275 38.945961
292325.553245 4147342.955549 42.916716
292285.426233 4147317.235575 49.088432
292325.553245 4147342.955549 42.916716
292324.440927 4147254.571482 38.309700
292326.364396 4147315.752715 80.474778
292271.508945 4147334.316484 36.789047
292292.945872 4147293.195630 39.482631
292304.288876 4147336.151402 39.562484
292304.288876 4147336.151402 39.562484
292394.409860 4147273.539448 43.480085
292361.377054 4147306.216242 85.984584
292303.267509 4147259.950255 40.158509
292324.445384 4147253.734220 38.126786
292307.882240 4147273.261646 39.626220
292361.352108 4147312.812932 86.387295
292340.981862 4147310.008756 80.784953
292320.512209 4147266.265087 39.319501
292312.983145 4147291.747079 40.605460
292312.983145 4147291.747079 40.605460
292292.863462 4147292.928809 39.393008
292307.767786 4147268.002078 39.420606
292304.355567 4147339.320305 39.586942
292325.450002 4147327.560858 81.266461
292361.402121 4147306.388274 86.021363
292357.499399 4147311.686311 84.906872
292357.499399 4147311.686311 84.906872
292357.472589 4147311.544700 84.933533
292351.883077 4147331.519673 84.157531
292320.352860 4147255.221804 38.186402
292330.217443 4147299.859869 74.141219
292351.883077 4147331.519673 84.157531
292361.245183 4147328.525308 87.344126
292361.333321 4147317.102264 86.654594
292328.656833 4147355.347779 43.407560
292351.858646 4147332.096434 84.222165
292351.858646 4147332.096434 84.222165
292349.092935 4147327.051650 83.229713
292379.537713 4147278.836381 44.291464
292379.537713 4147278.836381 44.291464
292361.369183 4147315.929251 86.592507
292372.008862 4147274.683516 46.859082
292331.882865 4147330.579973 81.260399
292329.824488 4147325.892345 81.036592
292343.192620 4147297.854507 69.884122
292357.370520 4147326.657999 85.657155
292349.106593 4147332.054877 83.529923
292357.355947 4147326.529375 85.647235
292357.298018 4147333.536967 86.069946
292329.995572 4147342.105768 81.766326
292304.430044 4147339.683149 39.384058
292331.868576 4147332.738762 81.428983
292349.107128 4147309.136710 82.277779
292341.922191 4147266.433222 40.098318
292338.462194 4147324.737791 81.284906
292338.462194 4147324.737791 81.284906
292325.489696 4147257.024453 38.678988
292335.902069 4147345.941264 82.160118
292335.902069 4147345.941264 82.160118
292325.604137 4147342.346677 42.708267
292379.942498 4147276.586764 43.471366
292325.604137 4147342.346677 42.708267
292329.916691 4147334.279119 81.441030
292335.679252 4147313.440524 80.484392
292349.133212 4147340.804131 83.985332
292349.133212 4147340.804131 83.985332
292304.811327 4147345.567728 42.052691
292304.245232 4147315.899606 40.271275
292331.945876 4147341.554933 81.780052
292329.778011 4147317.919898 80.538418
292357.381379 4147305.820193 84.471134
292275.111355 4147325.603330 37.860877
292264.311807 4147328.734305 46.818619
292326.258095 4147310.349952 80.165799
292357.203021 4147332.612399 85.992046
292325.616136 4147341.841863 42.621252
292329.987861 4147338.656831 81.625309
292335.773768 4147330.621300 81.407706
292324.519379 4147254.778956 38.209198
292329.962937 4147335.790777 81.501006
292351.826643 4147327.288563 83.940636
292351.826643 4147327.288563 83.940636
292324.508524 4147253.859799 38.139935
292361.408625 4147327.928461 87.321446
292361.408625 4147327.928461 87.321446
292349.174833 4147309.022832 82.286454
292304.561433 4147339.648659 39.499000
292349.281429 4147257.071124 39.467278
292304.587648 4147340.732386 39.637617
292304.459972 4147329.255115 39.888145
292349.281429 4147257.071124 39.467278
292304.900909 4147344.491030 42.249827
292351.805785 4147328.431185 84.005429
292320.400999 4147264.998697 39.198959
292349.201599 4147320.114309 82.857744
292351.828866 4147324.031094 83.692885
292341.844234 4147265.563740 40.034389
292318.587916 4147317.913117 41.556583
292320.240547 4147253.840135 38.022332
292361.503347 4147316.756984 86.767662
292317.901311 4147270.618599 39.258840
292337.093128 4147292.093641 69.930738
292274.430460 4147370.697503 33.389577
292361.503347 4147316.756984 86.767662
292379.602724 4147285.627448 45.109557
292327.075479 4147338.274467 75.704368
292329.769549 4147313.613021 80.294569
292329.964195 4147334.619846 81.431936
292357.137253 4147325.629088 85.560368
292325.488518 4147327.275981 81.201399
292357.224388 4147305.865301 84.407148
292351.789322 4147331.582155 84.167959
292357.116716 4147325.428475 85.536845
292357.116716 4147325.428475 85.536845
292329.872824 4147326.156275 81.071892
292349.208756 4147309.202753 82.306594
292349.208756 4147309.202753 82.306594
292349.227486 4147334.579670 83.675474
292351.789322 4147331.582155 84.167959
292349.227486 4147334.579670 83.675474
292349.227486 4147334.579670 83.675474
292340.861718 4147308.855224 80.687890
292361.535184 4147318.042140 86.806707
292329.822839 4147318.067146 80.523653
292283.455081 4147331.593112 38.365974
292335.574282 4147308.087215 80.190571
292313.443692 4147309.915144 40.899600
292335.605142 4147310.831599 80.270018
292270.758343 4147257.687168 38.826187
292317.862782 4147266.772765 39.231032
292270.758343 4147257.687168 38.826187
292349.217168 4147257.958378 39.606588
292232.869829 4147257.258788 38.650212
292232.869829 4147257.258788 38.650212
292335.818898 4147345.668795 82.158893
292349.256574 4147332.367611 83.565173
292304.654036 4147338.750524 39.607389
292349.256574 4147332.367611 83.565173
292340.852838 4147311.317603 80.828094
292357.072973 4147325.538874 85.479478
292330.016683 4147338.097374 81.613636
292304.677347 4147341.142106 39.511177
292357.072973 4147325.538874 85.479478
292340.834840 4147307.350416 80.604434
292380.255368 4147279.071181 43.661426
292357.034860 4147325.399363 85.489499
292357.050857 4147311.966177 84.806101
292340.976356 4147342.269879 82.506272
292351.766614 4147326.978596 83.928765
292357.050857 4147311.966177 84.806101
292349.270990 4147309.081343 82.320945
292351.763644 4147331.451122 84.155784
292357.086505 4147306.831799 84.457656
292357.086505 4147306.831799 84.457656
292325.874196 4147290.768488 68.644242
292351.756841 4147327.424193 83.939859
292330.260164 4147297.476956 74.301009
292320.612834 4147283.357869 39.754979
292320.612834 4147283.357869 39.754979
292380.063358 4147280.128683 44.168495
292325.652485 4147343.091528 42.847643
292304.710679 4147338.937134 39.550665
292332.685283 4147293.271004 69.909123
292379.999950 4147280.837494 44.376104
292349.161553 4147258.297186 39.600778
292349.161553 4147258.297186 39.600778
292331.741294 4147331.870653 81.367110
292329.914468 4147325.966551 80.998601
292313.514440 4147310.184441 40.912281
292313.514440 4147310.184441 40.912281
292356.993349 4147325.217580 85.456147
292308.806334 4147357.202981 39.633882
292329.976932 4147333.170390 81.418554
292283.494493 4147359.154056 36.330501
292320.160894 4147308.446708 74.956000
292308.828761 4147352.810393 40.853918
292308.829075 4147353.589141 40.694994
292351.762325 4147323.968337 83.695310
292318.092805 4147278.492451 39.500465
292278.587696 4147336.444570 37.647160
292361.692116 4147311.827988 86.494141
292318.594195 4147312.940046 41.356148
292304.767756 4147340.982018 39.570906
292317.913510 4147266.470811 39.572058
292317.913510 4147266.470811 39.572058
292325.626871 4147299.298478 73.838950
292270.578296 4147257.700390 38.850714
292380.438749 4147278.305645 43.461741
292330.057350 4147338.488273 81.596422
292330.057350 4147338.488273 81.596422
292335.668050 4147331.706327 81.463374
292331.700814 4147329.808220 81.231104
292351.740030 4147331.276267 84.127809
292331.700814 4147329.808220 81.231104
292361.715133 4147312.337156 86.547915
292340.914791 4147342.026113 82.522438
292361.715133 4147312.337156 86.547915
292320.577897 4147282.759376 39.831527
292320.098278 4147302.911311 73.591506
292307.551558 4147273.247945 39.566192
292336.994498 4147291.747573 69.898835
292270.540142 4147258.470652 38.900329
292361.547980 4147333.268720 87.764841
292308.746943 4147357.524280 39.538573
292345.909601 4147260.111920 39.649765
292351.756297 4147326.828284 83.816570
292338.545825 4147314.934254 80.736902
292379.944865 4147282.152094 44.816775
292361.726927 4147313.272920 86.602156
292329.849585 4147314.711625 80.337136
292351.720086 4147328.531179 83.985603
292349.367768 4147305.893135 82.152778
292402.964961 4147352.084061 59.941439
292351.691922 4147327.544211 84.008527
292356.894463 4147324.782382 85.412608
292283.615978 4147359.697466 36.239078
292361.759852 4147311.886715 86.535795
292361.759852 4147311.886715 86.535795
292356.890870 4147324.907585 85.376581
292340.776071 4147311.425881 80.843971
292313.267009 4147289.732242 40.584172
292324.619569 4147259.033353 38.820815
292361.814830 4147308.383704 86.284970
292335.470979 4147308.047143 80.159937
292335.470979 4147308.047143 80.159937
292331.676073 4147328.744449 81.133999
292331.676073 4147328.744449 81.133999
292351.696289 4147327.980408 83.973619
292320.293160 4147265.166383 39.227772
292320.550935 4147282.592201 39.727778
292361.745728 4147317.949572 86.876648
292324.579405 4147256.251968 38.602297
292324.579405 4147256.251968 38.602297
292349.396458 4147321.638718 82.981200
292324.579405 4147256.251968 38.602297
292325.675250 4147342.637796 42.879819
292326.250866 4147315.745580 80.491963
292329.900448 4147317.640624 80.521055
292324.654448 4147261.154149 38.869333
292340.719972 4147306.520605 80.605822
292356.835266 4147324.407364 85.376462
292324.646875 4147260.190420 38.836001
292326.513759 4147347.291858 43.180922
292361.801802 4147313.207076 86.616752
292349.419071 4147332.154283 83.603800
292349.419071 4147332.154283 83.603800
292356.821925 4147323.436962 85.297041
292340.888910 4147343.812589 82.531841
292361.866653 4147307.943242 86.268019
292340.848219 4147339.602203 82.366624
292356.831176 4147314.621972 84.854445
292380.412255 4147286.791562 44.250568
292283.807074 4147353.628413 36.886464
292283.807074 4147353.628413 36.886464
292340.736082 4147311.264161 80.815651
292356.787511 4147329.186258 85.597510
292361.828923 4147311.796236 86.543340
292361.824727 4147307.796582 86.373600
292349.443803 4147325.702765 83.231543
292349.443803 4147325.702765 83.231543
292330.138931 4147341.052035 81.690308
292320.112366 4147254.415296 38.090231
292356.780859 4147323.268872 85.262916
292330.138931 4147341.052035 81.690308
292356.780859 4147323.268872 85.262916
292351.669777 4147330.705892 84.122670
292318.755708 4147317.977725 41.563635
292318.755708 4147317.977725 41.563635
292351.681622 4147332.907252 84.213467
292351.681622 4147332.907252 84.213467
292349.468757 4147310.354669 82.383681
292330.091915 4147335.803305 81.462756
292330.091915 4147335.803305 81.462756
292392.799092 4147274.092773 43.341691
292392.799092 4147274.092773 43.341691
292318.735754 4147315.828421 41.535051
292335.458746 4147310.079823 80.248448
292270.377680 4147258.634159 38.965812
292336.180078 4147275.527296 40.591030
292351.672643 4147325.043651 83.772342
292329.945751 4147317.812339 80.509754
292361.859657 4147307.687822 86.398867
292335.665229 4147344.732262 82.135734
292335.665229 4147344.732262 82.135734
292270.375528 4147257.867567 38.956846
292270.375528 4147257.867567 38.956846
292304.945008 4147341.261382 39.456292
292304.945008 4147341.261382 39.456292
292320.499466 4147282.420871 39.676638
292324.666115 4147260.614764 38.816043
292304.814268 4147327.427056 39.896020
292320.099282 4147255.277096 38.132672
292275.938959 4147307.512328 40.689613
292335.472372 4147316.610000 80.646816
292318.093588 4147271.055308 39.304438
292318.093588 4147271.055308 39.304438
292331.602093 4147325.960802 81.052747
292304.962375 4147338.936709 39.598359
292341.572101 4147266.138129 40.089423
292304.981387 4147339.563554 39.561307
292335.661344 4147344.913415 82.087015
292233.547294 4147256.964391 38.748976
292361.702856 4147333.229584 87.815500
292320.343023 4147273.645192 39.750356
292361.702856 4147333.229584 87.815500
292335.557827 4147330.697353 81.365317
292313.450987 4147293.894913 40.660489
292313.450987 4147293.894913 40.660489
292348.960394 4147258.319791 39.588050
292318.056177 4147267.638558 39.263975
292356.720738 4147321.192144 85.128853
292380.201930 4147283.316458 44.935115
292318.056177 4147267.638558 39.263975
292318.056177 4147267.638558 39.263975
292324.649541 4147258.293805 38.736605
292356.663771 4147333.269383 85.811642
292330.230014 4147347.799346 82.073596
292331.621425 4147329.677320 81.231831
292325.475480 4147321.856290 80.944759
292283.849720 4147361.025014 36.057937
292266.009627 4147325.747669 43.341136
292356.622515 4147332.786926 85.812445
292356.622515 4147332.786926 85.812445
292356.622515 4147332.786926 85.812445
292325.724787 4147342.269913 42.726662
292318.184727 4147276.236551 41.613153
292305.053466 4147339.700383 39.560336
292305.053466 4147339.700383 39.560336
292283.904091 4147361.173982 36.137549
292336.147243 4147275.692001 40.580215
292348.779368 4147270.974227 41.098812
292329.940263 4147314.790969 80.320715
292320.438139 4147282.164544 39.691265
292335.394142 4147309.976899 80.242239
292338.626169 4147312.854994 80.678393
292305.071146 4147339.190008 39.634735
292335.408572 4147313.495014 80.465974
292335.408572 4147313.495014 80.465974
292269.853808 4147364.997139 33.286571
292362.016242 4147309.419071 86.408275
292356.650130 4147323.549323 85.253853
292362.016242 4147309.419071 86.408275
292356.650130 4147323.549323 85.253853
292325.371841 4147254.968076 38.236187
292325.371841 4147254.968076 38.236187
292335.470172 4147325.048104 81.100373
292349.536292 4147336.654811 83.871063
292356.641116 4147321.292370 85.123398
292313.504395 4147294.214500 40.624542
292313.504395 4147294.214500 40.624542
292349.536292 4147336.654811 83.871063
292356.641116 4147321.292370 85.123398
292303.871260 4147257.661234 38.893237
292349.562817 4147326.242137 83.242940
292308.586363 4147353.666968 40.647969
292261.056166 4147260.016207 39.399308
292351.589379 4147315.622019 83.292181
292329.980818 4147317.956072 80.549948
292292.203292 4147287.089923 39.302020
292330.137769 4147334.500566 81.406565
292362.053143 4147309.734402 86.459975
292338.811941 4147341.601334 82.175532
292380.921824 4147279.900628 43.616409
292349.565825 4147326.400471 83.303904
292325.732254 4147342.818757 42.839871
292351.575160 4147330.673019 84.132566
292356.600967 4147324.032835 85.289981
292340.711708 4147342.882637 82.509983
292348.811686 4147258.186180 39.585124
292330.111327 4147332.158237 81.354706
292356.600000 4147323.351072 85.210681
292348.811686 4147258.186180 39.585124
292346.097800 4147257.581943 39.375162
292380.852891 4147286.539493 44.191310
292330.191342 4147338.954856 81.647657
292329.956258 4147313.617954 80.305422
292318.107798 4147267.111881 39.264325
292356.586590 4147321.527567 85.134386
292356.508650 4147338.947735 86.111175
292319.986799 4147254.416739 38.126542
292320.148388 4147266.463585 39.327955
292261.052381 4147260.137494 39.219856
292292.158890 4147286.774789 39.333578
292330.196475 4147338.466325 81.611804
292324.643696 4147253.962016 38.170695
292324.643696 4147253.962016 38.170695
292335.327549 4147309.504833 80.222014
292305.223585 4147341.045409 39.514567
292305.223585 4147341.045409 39.514567
292356.544410 4147324.294264 85.224211
292349.625281 4147334.208814 83.695600
292348.769275 4147257.954896 39.587130
292348.769275 4147257.954896 39.587130
292329.978606 4147313.782349 80.288320
292356.523241 4147322.965164 85.175637
292349.625281 4147334.208814 83.695600
292270.107170 4147258.746113 38.974014
292284.118884 4147361.725444 36.119305
292284.118884 4147361.725444 36.119305
292318.147659 4147267.926433 39.330173
292349.626917 4147326.727427 83.252258
292331.655409 4147336.701935 81.529230
292330.098405 4147327.703686 81.099196
292326.196312 4147315.839507 80.505230
292270.085263 4147257.459402 39.026784
292349.595511 4147311.108678 82.516927
292338.750090 4147324.935477 81.355921
292324.704971 4147259.237411 38.713531
292289.967134 4147280.071639 39.099161
292356.484606 4147323.638776 85.178288
292325.573235 4147327.491568 81.263850
292318.815424 4147312.889141 41.420417
292307.241068 4147273.503520 39.472059
292323.808410 4147316.360545 80.656130
292330.011591 4147314.853678 80.344261
292318.822407 4147313.380977 41.428821
292362.093293 4147319.905955 87.140674
292305.097649 4147322.751594 40.022376
292292.829252 4147343.181733 38.955481
292270.062368 4147258.541648 39.046017
292330.204703 4147335.889451 81.474916
292270.294274 4147313.059037 37.482387
292305.323575 4147340.883113 39.536466
292305.323575 4147340.883113 39.536466
292331.518929 4147322.541497 80.782881
292331.523078 4147323.556824 80.843992
292336.191360 4147304.637304 74.462299
292340.502644 4147295.554767 70.456706
292331.581893 4147331.941281 81.393272
292362.319072 4147301.926571 86.009471
292232.282854 4147310.032412 34.494618
292381.077879 4147286.552239 44.259431
292381.077879 4147286.552239 44.259431
292356.457181 4147311.078343 84.555151
292313.501393 4147284.111518 39.738782
292356.449803 4147324.399521 85.183132
292349.640781 4147305.916245 82.227156
292324.679695 4147255.201793 38.334089
292349.659410 4147333.320859 83.702090
292330.123080 4147326.243016 81.022946
292324.723743 4147258.496006 38.636828
292356.433939 4147322.924171 85.117073
292324.723743 4147258.496006 38.636828
292308.371550 4147354.974753 39.569611
292341.363278 4147267.095891 40.129029
292330.184322 4147332.032772 81.353908
292362.055227 4147332.953788 87.936716
292330.184322 4147332.032772 81.353908
292353.402008 4147284.232409 69.091686
292313.380993 4147275.109293 39.425568
292330.120649 4147325.315725 81.011925
292330.120649 4147325.315725 81.011925
292305.381270 4147341.133851 39.522901
292349.661358 4147331.082253 83.656385
292356.387803 4147324.633742 85.224132
292304.422180 4147273.210496 39.533573
292340.467899 4147315.498429 80.993046
292305.290948 4147328.937796 40.072313
292356.409497 4147314.890939 84.667869
292356.375460 4147324.062595 85.181580
292356.375460 4147324.062595 85.181580
292325.731993 4147301.438325 74.151173
292340.587847 4147342.691516 82.439664
292380.944875 4147284.794142 44.789819
292318.203110 4147267.211048 39.234085
292331.536838 4147329.495927 81.189882
292349.705257 4147334.366972 83.761158
292325.731993 4147301.438325 74.151173
292325.788987 4147343.057403 42.903137
292330.059883 4147315.333515 80.383153
292330.059883 4147315.333515 80.383153
292305.438509 4147341.385238 39.513714
292332.541778 4147289.188973 68.814408
292313.450992 4147273.135390 41.348646
292318.874554 4147313.188549 41.335597
292318.874554 4147313.188549 41.335597
292341.296681 4147267.892616 40.183551
292292.091000 4147289.714160 39.397995
292340.492886 4147328.958156 81.725069
292263.456266 4147259.925354 39.234905
292336.689387 4147299.951931 70.542765
292336.689387 4147299.951931 70.542765
292330.049321 4147313.677825 80.309210
292307.168716 4147274.615150 39.494165
292351.487442 4147333.850112 84.148246
292335.280595 4147320.165101 80.809073
292270.296705 4147313.041765 37.963729
292349.718853 4147320.222376 82.955752
292277.533872 4147364.989317 34.510611
292290.068694 4147280.304480 39.030563
292307.121798 4147273.277530 39.569544
292307.121798 4147273.277530 39.569544
292330.060100 4147313.856125 80.294151
292305.491695 4147341.011275 39.569660
292305.491695 4147341.011275 39.569660
292348.555533 4147258.822638 39.603693
292340.506247 4147339.685087 82.325926
292325.369474 4147260.730599 38.921757
292331.531102 4147332.884342 81.421025
292348.528440 4147258.638327 39.632291
292318.249487 4147267.385572 39.240736
292340.492693 4147339.997610 82.354846
292356.277699 4147324.457211 85.162181
292331.449369 4147323.249340 80.874650
292314.021513 4147306.961878 41.953022
292331.570531 4147336.395573 81.555144
292331.514183 4147332.008438 81.413402
292283.832708 4147260.096551 39.343561
292269.596840 4147352.387106 34.470988
292335.189924 4147309.379607 80.206172
292290.155654 4147281.948126 39.262558
292341.239656 4147266.703958 40.208468
292356.294244 4147319.977549 84.840851
292341.258107 4147267.717920 40.168613
292341.258107 4147267.717920 40.168613
292362.258928 4147327.714474 87.681673
292305.538880 4147341.708773 39.626306
292341.250095 4147268.114292 40.224035
292356.242293 4147323.953329 85.098083
292361.213788 4147270.876678 43.809591
292263.367564 4147259.479333 39.208317
292367.235396 4147335.317594 90.421361
292339.144371 4147334.463160 80.706755
292330.268473 4147334.451371 81.415396
292330.280265 4147336.242268 81.520993
292330.280265 4147336.242268 81.520993
292330.270580 4147334.451165 81.424079
292356.244495 4147319.701517 84.875468
292349.740624 4147327.129082 83.409676
292381.197723 4147284.467758 44.703418
292362.252895 4147333.062645 88.000549
292338.811019 4147311.849181 80.582987
292319.957479 4147265.406727 39.195125
292319.957479 4147265.406727 39.195125
292356.226876 4147314.775593 84.616775
292356.226876 4147314.775593 84.616775
292349.754120 4147317.709472 82.843877
292352.458409 4147292.537957 72.899094
292207.523118 4147341.777430 28.823363
292207.523118 4147341.777430 28.823363
292240.911459 4147292.135805 36.650450
292338.814451 4147312.542503 80.678876
292240.911459 4147292.135805 36.650450
292240.908919 4147292.861270 36.614272
292318.281821 4147267.614373 39.318089
292381.478808 4147285.475899 44.271903
292367.129965 4147335.460998 90.380456
292284.676475 4147362.686488 36.598545
292330.355800 4147341.650017 81.722900
292330.220088 4147328.149442 81.093565
292319.787129 4147255.087230 38.421421
292330.322067 4147337.412487 81.581263
292240.781181 4147292.267878 36.593954
292367.124837 4147335.316483 90.332850
292356.172884 4147323.011273 85.020227
292356.172884 4147323.011273 85.020227
292261.385188 4147259.336201 39.276088
292270.189265 4147313.314570 38.099711
292349.805947 4147334.264538 83.723846
292331.457209 4147328.297386 81.123006
292330.363157 4147340.145362 81.643429
292356.079765 4147339.565817 85.974221
292356.079765 4147339.565817 85.974221
292291.915015 4147285.808925 39.304348
292356.160371 4147320.662280 84.885324
292362.368466 4147327.690522 87.743062
292330.647877 4147303.748253 74.558075
292381.412492 4147284.552474 44.592191
292323.408971 4147319.913789 80.989012
292330.352444 4147338.966675 81.609521
292320.019797 4147273.661646 39.801463
292291.488497 4147261.495207 38.944015
292367.091683 4147328.903600 89.996950
292212.920477 4147262.808796 37.425743
292290.221728 4147281.582004 39.234731
292290.221728 4147281.582004 39.234731
292340.454072 4147342.860398 82.451413
292340.454072 4147342.860398 82.451413
292232.068138 4147328.617852 32.599000
292308.179558 4147355.211770 39.658619
292338.864589 4147311.779964 80.594595
292330.307442 4147334.255927 81.438505
292290.413026 4147286.558890 39.790749
292331.548163 4147339.535361 81.657329
292331.548163 4147339.535361 81.657329
292340.420598 4147339.674882 82.296324
292232.055880 4147328.355368 32.604483
292330.399164 4147342.240914 81.799750
292356.100989 4147316.765578 84.669328
292325.655380 4147327.892675 81.244447
292313.755527 4147284.310663 39.968942
292313.755527 4147284.310663 39.968942
292340.263106 4147309.167042 80.683867
292313.833586 4147287.913629 40.579030
292313.833586 4147287.913629 40.579030
292307.962781 4147337.926618 40.153777
292307.962781 4147337.926618 40.153777
292346.428456 4147256.056577 39.077847
292346.428456 4147256.056577 39.077847
292355.983149 4147339.137329 85.942074
292330.270888 4147328.366085 81.146101
292356.052090 4147323.476463 85.033362
292355.983334 4147339.507806 85.936710
292349.831249 4147319.988877 83.026761
292330.245902 4147325.568818 81.015900
292232.148038 4147328.218698 32.627992
292261.510599 4147260.032260 39.363990
292208.117379 4147340.343272 28.976480
292335.319470 4147343.415214 81.999992
292232.080454 4147328.484019 32.441452
292313.634630 4147275.227484 39.409313
292313.978857 4147296.044693 40.804403
292349.852428 4147333.929163 83.785327
292340.401974 4147343.781976 82.532150
292325.887543 4147306.671236 73.906892
292348.339826 4147258.940742 39.706299
292348.339826 4147258.940742 39.706299
292318.413216 4147270.293589 39.280553
292331.495715 4147337.278297 81.553986
292325.851372 4147343.242400 42.809322
292232.192167 4147328.701100 32.560088
292232.192167 4147328.701100 32.560088
292346.402560 4147261.215776 39.752610
292361.132661 4147266.556785 44.390666
292356.049285 4147315.295787 84.562973
292331.498514 4147338.132108 81.577407
292349.891162 4147334.047977 83.706686
292339.043979 4147341.801753 82.227756
292338.883263 4147313.519223 80.782316
292319.740520 4147304.240041 73.608950
292208.207717 4147341.600206 28.857002
292318.389290 4147267.324972 39.241760
292318.389290 4147267.324972 39.241760
292389.884088 4147277.183896 43.597555
292319.819029 4147265.525600 39.235726
292330.210259 4147315.987539 80.400930
292330.210259 4147315.987539 80.400930
292366.840091 4147336.684173 90.226256
292366.840091 4147336.684173 90.226256
292331.493903 4147339.229699 81.665378
292319.800647 4147265.679602 39.213297
292331.493903 4147339.229699 81.665378
292362.676172 4147323.573236 87.597641
292319.940826 4147278.145346 41.846994
292362.607400 4147332.984213 88.149758
292335.298694 4147343.304577 81.888788
292324.761599 4147255.041621 38.276531
292304.577335 4147260.858342 39.092455
292351.336979 4147318.982577 83.348463
292284.931079 4147332.162224 38.498961
292361.106283 4147282.240864 69.642814
292330.791368 4147305.837760 74.330310
292355.861468 4147338.976146 85.935799
292330.214394 4147314.715627 80.346913
292326.199786 4147327.492716 81.253450
292330.409521 4147336.657353 81.543923
292324.776816 4147257.150187 38.795059
292362.731388 4147323.293480 87.638607
292340.237317 4147322.261263 81.361326
292307.876903 4147338.154242 40.103209
292307.876903 4147338.154242 40.103209
292338.911044 4147311.644217 80.596046
292331.446440 4147334.723527 81.447274
292323.441509 4147319.822826 80.942407
292341.387300 4147335.675375 77.057309
292335.027705 4147309.487706 80.165568
292314.070156 4147296.340351 40.720682
292335.027705 4147309.487706 80.165568
292348.265396 4147257.466602 39.390090
292331.337490 4147322.762254 80.766862
292331.337490 4147322.762254 80.766862
292348.265396 4147257.466602 39.390090
292331.486183 4147339.656276 81.663612
292305.851388 4147343.073593 39.497516
292331.486183 4147339.656276 81.663612
292325.312938 4147259.553337 38.782508
292319.676435 4147303.995154 73.699725
292362.793545 4147323.473824 87.597877
292349.938692 4147334.285741 83.791703
292328.994602 4147358.175184 43.443427
292269.667321 4147334.383650 36.485617
292331.304055 4147320.345550 80.712429
292269.667321 4147334.383650 36.485617
292334.998945 4147309.389845 80.213012
292331.304055 4147320.345550 80.712429
292319.162476 4147316.227007 41.491930
292319.162476 4147316.227007 41.491930
292335.757981 4147277.017678 41.184126
292324.779461 4147254.570842 38.164575
292355.896555 4147314.961202 84.562473
292355.896145 4147307.629040 84.168161
292355.896145 4147307.629040 84.168161
292330.354605 4147328.601071 81.131847
292353.754026 4147284.128383 69.066298
292349.968883 4147335.412405 83.902193
292358.511675 4147347.558459 79.165221
292330.466297 4147338.117612 81.585582
292340.988779 4147267.594743 40.193112
292349.975209 4147332.023605 83.742346
292335.134188 4147330.895717 81.396549
292330.479410 4147338.945625 81.611003
292306.877059 4147262.899027 42.334733
292331.331734 4147325.024563 80.937738
292208.762210 4147341.466644 28.949766
292319.554850 4147254.215011 38.401768
292306.941310 4147279.415345 39.787896
292306.941310 4147279.415345 39.787896
292340.985855 4147267.265101 40.121392
292313.531749 4147259.715526 38.778282
292313.531749 4147259.715526 38.778282
292331.456901 4147339.013810 81.627485
292331.456901 4147339.013810 81.627485
292319.213310 4147317.728698 41.643914
292350.015225 4147334.637498 83.861713
292351.247155 4147318.582358 83.312563
292324.862589 4147260.994242 38.893450
292318.593852 4147276.389024 41.721039
292350.015225 4147334.637498 83.861713
292340.959506 4147268.548335 40.274592
292285.050157 4147334.177112 38.302834
292362.873722 4147325.597957 87.813820
292319.541991 4147255.177121 38.567619
292350.005690 4147332.223396 83.749303
292269.447773 4147340.687282 35.792584
292346.501946 4147260.954925 39.746291
292319.188270 4147315.542086 41.564134
292346.501946 4147260.954925 39.746291
292340.160759 4147327.338357 81.684039
292355.817554 4147327.596297 85.189954
292338.955034 4147311.781566 80.630600
292338.955034 4147311.781566 80.630600
292330.429949 4147332.075132 81.370578
292269.496594 4147336.916900 36.170572
292351.221380 4147318.914136 83.317942
292355.824302 4147324.583583 85.013100
292334.990925 4147313.531138 80.413144
292319.214868 4147316.463174 41.507164
292319.214868 4147316.463174 41.507164
292319.344871 4147325.882708 43.071173
292313.580036 4147260.284591 38.676239
292313.580036 4147260.284591 38.676239
292313.580036 4147260.284591 38.676239
292330.293888 4147314.777589 80.338865
292265.718301 4147325.201876 43.851902
292330.339840 4147320.599535 80.719102
292340.939339 4147267.939843 40.089209
292340.939339 4147267.939843 40.089209
292330.505153 4147338.011690 81.596213
292330.886741 4147305.801884 74.335042
292326.043299 4147315.857354 80.502649
292324.856435 4147259.876779 38.845574
292351.191544 4147331.938809 84.042478
292355.815913 4147307.701965 84.121095
292314.081159 4147288.788077 40.606247
292331.298507 4147326.014417 81.064299
292355.803677 4147314.921834 84.511915
292351.191544 4147331.938809 84.042478
292366.492653 4147334.646990 90.029747
292348.108661 4147258.576395 39.626367
292348.108661 4147258.576395 39.626367
292325.839203 4147299.250000 73.857658
292330.341937 4147317.039348 80.470849
292320.454287 4147321.977252 41.864557
292325.839203 4147299.250000 73.857658
292331.843757 4147305.586467 74.396050
292331.843757 4147305.586467 74.396050
292339.157242 4147344.034688 82.368945
292363.020278 4147328.296409 88.070423
292355.806663 4147318.223298 84.653095
292346.591774 4147257.020406 39.236648
292304.782971 4147260.922408 38.975877
292389.317354 4147272.438982 43.054823
292389.317354 4147272.438982 43.054823
292351.176094 4147330.711196 83.948687
292319.762708 4147273.740207 39.721732
292342.012497 4147299.114007 70.766225
292366.449745 4147333.887843 89.911988
292330.582272 4147341.698275 81.732591
292342.012497 4147299.114007 70.766225
292313.624032 4147259.156442 38.647010
292355.707004 4147339.493213 85.840503
292330.583265 4147341.824424 81.742765
292269.439485 4147333.864010 36.420188
292269.439485 4147333.864010 36.420188
292331.264505 4147322.438458 80.742058
292318.553129 4147267.489637 39.415549
292319.275629 4147317.583827 41.644025
292353.853844 4147284.662626 69.185346
292331.264505 4147322.438458 80.742058
292323.900186 4147301.882225 74.118092
292355.752121 4147324.365607 84.974678
292383.763043 4147265.337208 41.542820
292351.169745 4147308.513651 82.783331
292355.685602 4147339.774507 85.838360
292330.485821 4147331.944017 81.350115
292339.170357 4147344.219812 82.384662
292355.685602 4147339.774507 85.838360
292355.736741 4147324.504150 84.992444
292325.915821 4147343.092594 42.848178
292290.477974 4147282.064102 39.138350
292331.419537 4147340.043993 81.650248
292331.298487 4147328.396015 81.161299
292335.042150 4147330.803755 81.380498
292331.298487 4147328.396015 81.161299
292335.151048 4147344.838006 82.054248
292351.160084 4147331.835698 84.007693
292335.151048 4147344.838006 82.054248
292355.756865 4147318.784085 84.666167
292307.742081 4147343.226334 39.842419
292355.753940 4147318.327442 84.644554
292355.753940 4147318.327442 84.644554
292363.213796 4147327.475154 88.066842
292350.069785 4147336.333926 83.983074
292306.712610 4147273.996018 39.414824
292351.158324 4147318.700793 83.293616
292351.142777 4147329.475110 83.893035
292363.154770 4147336.112801 88.603053
292330.569277 4147338.538528 81.592925
292330.569277 4147338.538528 81.592925
292363.346692 4147315.261422 87.376668
292346.615278 4147260.662269 39.676241
292346.615278 4147260.662269 39.676241
292331.241778 4147322.000188 80.737884
292346.697167 4147254.805724 38.924634
292346.697167 4147254.805724 38.924634
292355.687236 4147321.775863 84.829981
292305.919786 4147326.071666 40.114728
292363.374807 4147317.305867 87.512670
292355.701841 4147314.926139 84.465049
292346.635222 4147261.104851 39.768381
292304.897569 4147260.780970 39.058859
292346.635222 4147261.104851 39.768381
292350.112079 4147313.388553 82.738733
292325.240785 4147256.640997 38.638821
292388.887215 4147280.317279 43.647682
292388.887215 4147280.317279 43.647682
292306.123167 4147343.130781 39.549076
292304.886621 4147257.374261 38.872990
292306.673210 4147273.717182 39.490601
292263.103167 4147259.381279 39.352594
292363.257427 4147335.087568 88.561737
292319.329050 4147316.941874 41.529369
292325.946530 4147343.746190 42.814161
292351.147728 4147319.021943 83.278289
292350.166562 4147336.020646 83.942029
292350.166562 4147336.020646 83.942029
292325.671440 4147321.535354 80.896068
292355.665584 4147307.703957 84.070123
292347.910985 4147262.256912 39.976733
292330.659180 4147341.599065 81.727762
292350.145453 4147335.475012 83.966489
292331.196143 4147320.289066 80.699711
292350.151416 4147336.477707 84.032489
292319.369744 4147255.107308 38.521270
292330.651572 4147339.941915 81.549008
292331.217072 4147322.239488 80.750663
292355.635544 4147324.371995 84.934397
292330.651572 4147339.941915 81.549008
292324.856180 4147254.898566 38.189359
292269.273908 4147333.507960 36.461325
292307.766261 4147348.186339 40.831514
292307.766261 4147348.186339 40.831514
292355.636501 4147322.920766 84.829289
292355.644213 4147314.959167 84.427162
292355.621320 4147324.474204 84.970570
292351.123549 4147331.337038 83.968360
292351.123549 4147331.337038 83.968360
292331.361512 4147339.581231 81.655694
292340.372297 4147338.722420 80.765846
292388.625997 4147280.245834 43.693795
292325.228972 4147257.067245 38.600427
292336.382387 4147290.278564 68.834502
292366.142848 4147336.118445 89.957457
292336.382387 4147290.278564 68.834502
292350.192749 4147313.558267 82.739953
292346.782992 4147254.390074 38.859839
292324.916204 4147259.518845 38.809586
292330.678704 4147341.737355 81.732625
292330.678704 4147341.737355 81.732625
292319.503253 4147265.773169 39.227107
292319.503253 4147265.773169 39.227107
292320.288952 4147321.878999 41.868942
292355.573117 4147323.144781 84.847011
292319.380749 4147317.129444 41.577171
292351.103797 4147331.450151 83.976246
292266.642995 4147322.647957 46.868122
292314.570562 4147305.976875 42.353222
292331.329711 4147336.863302 81.487707
292351.076893 4147331.901068 84.052825
292328.563238 4147277.192503 40.327704
292350.216338 4147336.380485 84.028399
292355.576508 4147317.197565 84.544029
292339.915613 4147313.587481 80.853269
292334.933836 4147330.929968 81.410085
292351.085621 4147335.780669 84.211729
292331.756650 4147305.716483 74.375441
292341.142734 4147293.867120 69.487330
292313.827047 4147259.870044 38.586190
292313.827047 4147259.870044 38.586190
292330.487255 4147320.565818 80.740846
292319.358426 4147315.341757 41.584646
292355.531003 4147323.594293 84.889555
292355.533128 4147324.159649 84.896857
292363.559907 4147329.558509 88.341348
292355.517047 4147324.766906 84.913741
292330.595527 4147331.868206 81.359270
292330.595527 4147331.868206 81.359270
292271.634876 4147315.331559 44.606932
292277.193822 4147308.269586 38.434550
292331.151916 4147320.386749 80.686407
292331.151916 4147320.386749 80.686407
292330.657452 4147336.588685 81.512734
292355.516310 4147312.532858 84.280786
292319.303870 4147255.214404 38.489546
292319.303870 4147255.214404 38.489546
292331.193128 4147326.055029 81.055251
292355.501178 4147313.892396 84.373655
292355.501178 4147313.892396 84.373655
292331.282924 4147334.693879 81.434509
292351.056540 4147329.286615 83.849566
292355.505585 4147316.844966 84.493560
292330.590928 4147329.678820 81.187325
292306.166231 4147327.045788 40.089643
292266.406501 4147329.611079 46.150240
292313.884274 4147260.404363 38.737232
292334.905557 4147330.758962 81.359549
292334.905557 4147330.758962 81.359549
292313.877444 4147259.750046 38.696676
292350.233428 4147333.020531 83.870840
292323.697052 4147316.289561 80.675371
292339.873271 4147314.255681 80.876139
292330.574291 4147326.313421 81.089307
292318.801931 4147300.362647 73.459956
292355.530922 4147303.393233 83.712114
292330.574291 4147326.313421 81.089307
292369.136181 4147344.392311 77.359898
292350.253260 4147336.114899 84.029983
292323.697052 4147316.289561 80.675371
292319.432956 4147317.571269 41.614094
292319.432956 4147317.571269 41.614094
292305.074581 4147257.126715 38.871361
292331.282366 4147337.077364 81.607479
292216.126828 4147260.700415 38.439816
292330.745552 4147341.527378 81.739173
292340.643581 4147268.278207 40.176781
292331.282366 4147337.077364 81.607479
292340.643581 4147268.278207 40.176781
292330.745552 4147341.527378 81.739173
292355.453881 4147322.041448 84.719592
292331.236823 4147333.184591 81.447976
292355.444480 4147316.422094 84.446318
292355.444480 4147316.422094 84.446318
292284.545644 4147256.289621 38.585671
292319.261678 4147254.954223 38.559675
292330.688845 4147335.745494 81.467875
292319.433871 4147317.370858 41.632466
292265.879964 4147329.516347 47.036751
292319.433548 4147316.867046 41.597152
292305.103057 4147257.324423 38.843937
292305.103057 4147257.324423 38.843937
292355.428130 4147325.095558 84.908470
292355.450333 4147316.295372 84.385626
292350.275630 4147330.935021 83.743958
292307.671962 4147349.303996 40.881688
292355.439639 4147307.846685 83.999264
292320.202545 4147321.753258 41.831211
292324.954080 4147259.784164 38.858651
292324.954080 4147259.784164 38.858651
292319.452254 4147316.989308 41.553919
292319.432507 4147315.477980 41.603251
292319.432507 4147315.477980 41.603251
292330.746760 4147339.842872 81.644712
292330.746760 4147339.842872 81.644712
292363.704948 4147329.605468 88.437677
292290.667782 4147283.700788 39.279630
292334.971684 4147344.616888 82.047641
292306.451952 4147273.721290 39.492795
292355.376907 4147324.773558 84.887215
292290.667782 4147283.700788 39.279630
292351.048675 4147318.631785 83.253120
292359.055976 4147349.779443 76.245803
292307.618585 4147349.128965 40.883732
292326.227488 4147301.311760 74.181411
292351.048675 4147318.631785 83.253120
292355.373047 4147324.853888 84.887953
292340.592469 4147267.876225 40.150357
292291.376560 4147286.312682 39.259359
292313.950886 4147259.896404 38.539415
292340.288379 4147303.145438 74.755327
292331.106142 4147303.829709 74.243525
292314.415289 4147286.835716 40.920654
292325.716003 4147321.646624 80.913837
292318.849023 4147300.606943 73.479778
292330.776345 4147341.788040 81.729852
292330.776345 4147341.788040 81.729852
292324.977854 4147259.966764 38.852933
292350.340374 4147329.817632 83.651059
292305.235159 4147260.656733 39.027565
292319.198919 4147254.752469 38.463472
292350.340374 4147329.817632 83.651059
292334.835228 4147330.865015 81.361661
292363.784880 4147329.914725 88.540366
292331.259594 4147339.117760 81.580946
292331.259594 4147339.117760 81.580946
292305.309956 4147259.636559 40.061895
292323.675776 4147316.456986 80.689469
292355.391196 4147304.879517 83.786929
292323.658765 4147301.954097 74.110349
292353.284944 4147299.937396 75.359654
292363.803072 4147329.656326 88.499412
292363.803072 4147329.656326 88.499412
292323.513650 4147316.403736 80.762499
292355.359036 4147307.643115 83.967484
292323.675776 4147316.456986 80.689469
292330.600701 4147320.333133 80.694469
292330.584806 4147317.525170 80.476520
292355.334744 4147323.040751 84.771557
292307.513789 4147352.486025 39.639476
292266.147762 4147321.813728 47.840680
292266.147762 4147321.813728 47.840680
292339.807211 4147320.877709 81.252218
292354.872117 4147294.829840 70.273390
292331.243946 4147338.362709 81.601672
292330.731285 4147331.929481 81.305391
292331.203410 4147336.447417 81.617887
292331.203410 4147336.447417 81.617887
292324.979246 4147259.364771 38.775720
292324.979246 4147259.364771 38.775720
292330.834218 4147341.700431 81.764274
292326.044112 4147345.067616 43.028387
292330.834218 4147341.700431 81.764274
292363.882809 4147329.910287 88.530111
292330.746733 4147333.289017 81.424228
292326.044112 4147345.067616 43.028387
292330.678315 4147326.135594 81.057556
292331.169283 4147333.384115 81.370551
292353.820625 4147296.019458 71.150954
292331.178050 4147333.855122 81.429659
292320.014946 4147316.098091 42.364617
292355.285722 4147324.992903 84.848379
292355.285722 4147324.992903 84.848379
292340.522218 4147268.162646 40.237578
292319.514631 4147315.816340 41.522914
292331.089659 4147325.135299 80.987883
292355.283607 4147315.622935 84.387392
292355.283607 4147315.622935 84.387392
292306.588840 4147345.475310 39.599943
292314.440175 4147285.458677 40.118610
292331.187477 4147333.936297 81.549388
292279.597214 4147315.528288 50.207177
292350.977586 4147331.289473 83.950130
292350.387061 4147315.792045 82.911978
292330.826350 4147338.458476 81.592979
292326.004668 4147341.306430 42.921273
292355.276002 4147315.511487 84.319485
292358.931798 4147349.206773 76.141800
292358.931798 4147349.206773 76.141800
292268.703563 4147340.876366 35.658107
292340.862732 4147333.096223 76.849846
292355.229639 4147323.956990 84.802383
292314.064539 4147260.333181 38.727069
292314.515841 4147287.723777 40.732046
292358.899958 4147349.861997 76.217742
292331.216398 4147339.437792 81.643108
292284.834000 4147259.876879 38.723179
292319.967882 4147315.286775 41.962798
292306.432454 4147328.128258 40.145463
292350.954384 4147307.470082 82.676841
292319.566922 4147316.946874 41.549380
292272.878839 4147323.103913 48.894933
292272.878839 4147323.103913 48.894933
292325.190751 4147260.108609 38.770219
292355.214377 4147324.876983 84.817346
292350.967582 4147333.569233 84.032312
292358.873980 4147350.047774 76.208727
292306.650781 4147345.713481 39.643415
292331.174362 4147336.289060 81.524917
292306.650781 4147345.713481 39.643415
292331.066065 4147326.136891 81.065630
292331.066065 4147326.136891 81.065630
292331.130412 4147333.277657 81.412938
292339.687891 4147314.080915 80.847394
292350.946905 4147330.956529 83.910157
292355.199083 4147324.097503 84.752142
292285.688055 4147369.261743 35.704979
292285.688055 4147369.261743 35.704979
292334.707625 4147322.708508 80.912616
292350.465413 4147330.906106 83.785966
292355.192418 4147324.535049 84.794720
292266.118291 4147327.303775 45.925896
292355.192418 4147324.535049 84.794720
292319.597723 4147317.447162 41.583248
292306.782865 4147348.792217 40.293578
292350.485692 4147325.406830 83.462455
292330.890121 4147338.551020 81.596577
292306.731096 4147347.343143 39.655638
292331.133335 4147334.836692 81.404852
292262.689404 4147259.698561 39.179251
292306.719596 4147345.561768 39.699920
292331.096190 4147331.695575 81.313937
292368.991485 4147262.309648 44.900340
292306.662056 4147342.582858 39.655551
292326.425081 4147290.634901 68.639668
292291.222684 4147285.767867 39.314449
292284.820579 4147254.092665 38.547629
292330.885334 4147336.842235 81.515781
292347.054542 4147256.641759 39.235319
292340.805870 4147333.174586 76.864551
292334.837368 4147342.186229 81.945740
292307.418686 4147348.799831 41.088207
292334.837368 4147342.186229 81.945740
292354.013353 4147295.979828 71.162102
292350.919799 4147336.185023 84.194359
292355.116979 4147323.812310 84.747013
292353.304671 4147295.008881 73.300301
292353.304671 4147295.008881 73.300301
292291.237708 4147286.331983 39.384010
292330.946607 4147341.490558 81.759277
292350.528185 4147336.384433 84.143523
292350.528185 4147336.384433 84.143523
292330.946607 4147341.490558 81.759277
292331.209364 4147345.695599 81.961712
292340.073880 4147338.735855 80.640117
292325.041816 4147259.620840 38.799934
292325.041816 4147259.620840 38.799934
292331.139627 4147338.156119 81.570294
292306.791668 4147347.215034 39.664836
292306.791668 4147347.215034 39.664836
292330.904807 4147334.086981 81.339101
292358.780638 4147348.409291 76.028230
292330.954119 4147339.554776 81.615844
292334.587206 4147309.351908 80.105727
292331.085906 4147333.825167 81.412268
292331.158722 4147339.806029 81.593086
292355.085492 4147324.445474 84.782939
292350.902793 4147335.669239 84.176343
292331.320581 4147303.634020 74.247181
292334.716875 4147330.904948 81.356821
292319.926741 4147319.833194 41.704869
292319.926741 4147319.833194 41.704869
292339.387680 4147318.587336 81.071239
292306.782041 4147342.457997 39.720243
292340.387068 4147269.788965 40.350633
292285.019162 4147259.983396 38.712006
292209.706109 4147375.548047 24.396265
292329.231397 4147358.124925 43.481985
292268.521915 4147340.763049 35.654722
292285.032523 4147259.835380 38.709420
292340.692640 4147303.063595 74.789988
292325.072236 4147260.611682 38.798167
292325.897509 4147330.078969 81.385599
292306.869333 4147347.076665 39.689591
292306.869333 4147347.076665 39.689591
292355.028584 4147324.006654 84.721250
292340.360173 4147268.447935 40.280023
292331.114997 4147338.503981 81.642865
292318.981805 4147300.295095 73.471333
292330.753720 4147314.664232 80.310707
292306.867795 4147345.647391 39.752285
292329.452099 4147365.565140 43.686199
292330.900163 4147314.617154 80.335172
292329.452099 4147365.565140 43.686199
292329.452099 4147365.565140 43.686199
292359.824112 4147292.056304 70.191397
292268.473746 4147337.421625 35.907476
292307.215715 4147347.861877 39.730126
292291.148436 4147285.990841 39.365411
292209.886481 4147375.410617 24.398268
292209.832069 4147375.440444 24.299607
292325.981692 4147330.167061 81.307649
292340.349791 4147269.921000 40.265398
292364.542425 4147321.637365 88.274561
292385.892605 4147271.953648 42.433027
292385.892605 4147271.953648 42.433027
292285.109824 4147260.183030 38.657720
292319.869418 4147319.581239 41.729159
292306.935028 4147347.273346 39.724999
292329.345485 4147358.215506 43.504523
292354.145616 4147296.084686 71.221757
292334.603918 4147322.087359 80.879797
292325.118274 4147259.459420 38.764054
292330.977171 4147335.486697 81.448621
292325.118274 4147259.459420 38.764054
292350.854320 4147325.260739 83.528386
292306.934270 4147346.702524 39.666034
292331.018459 4147339.795073 81.666502
292306.934270 4147346.702524 39.666034
292331.007328 4147338.699117 81.627129
292385.853842 4147271.416760 42.562166
292340.308437 4147268.088280 40.228948
292334.517866 4147309.291285 80.113488
292364.567749 4147321.521698 88.305181
292306.103817 4147273.969929 39.503839
292306.103817 4147273.969929 39.503839
292364.647502 4147314.855909 87.929334
292330.887922 4147326.150538 81.036525
292354.911221 4147326.234508 84.787362
292330.849656 4147320.715263 80.730844
292335.127963 4147276.671513 41.226215
292335.127963 4147276.671513 41.226215
292319.102358 4147301.061702 73.610357
292319.102358 4147301.061702 73.610357
292330.801836 4147314.568382 80.340595
292306.948974 4147346.909448 39.577035
292306.948974 4147346.909448 39.577035
292330.850681 4147320.457509 80.726966
292306.945113 4147345.503499 39.706016
292330.953907 4147331.928958 81.373172
292307.141313 4147347.609416 39.670641
292268.322749 4147340.948065 35.561994
292307.141313 4147347.609416 39.670641
292306.936975 4147343.311706 39.690459
292364.587317 4147323.647332 88.503102
292354.866189 4147324.156631 84.678335
292323.595456 4147316.254737 80.635637
292330.987185 4147334.021789 81.436772
292262.477262 4147260.047415 39.337195
292331.011601 4147331.811772 81.327008
292262.477262 4147260.047415 39.337195
292334.624471 4147329.296661 81.281780
292331.067429 4147341.676453 81.768931
292365.330196 4147327.937173 89.059096
292276.767905 4147328.400927 37.820274
292354.841009 4147323.775924 84.651472
292339.802867 4147337.018359 80.850433
292314.554522 4147275.063912 39.491747
292314.554522 4147275.063912 39.491747
292325.119903 4147260.924658 38.934962
292350.744051 4147335.871522 84.127678
292365.231095 4147336.699350 89.528279
292213.480524 4147340.139494 29.616202
292350.744051 4147335.871522 84.127678
292364.682381 4147324.470381 88.487628
292350.704323 4147330.812789 83.860295
292319.774786 4147319.734160 41.765242
292319.774786 4147319.734160 41.765242
292291.021834 4147285.489842 39.294319
292350.732477 4147325.221508 83.478599
292307.137707 4147349.870748 40.512584
292347.270788 4147255.033015 38.981852
292364.693844 4147324.119413 88.502094
292307.137707 4147349.870748 40.512584
292354.831763 4147312.996197 84.125793
292330.993111 4147333.089221 81.447942
292334.489334 4147312.035014 80.297118
292334.710908 4147344.356056 82.048651
292350.732477 4147325.221508 83.478599
292307.010573 4147342.901086 39.854372
292325.100164 4147259.896502 38.877949
292307.010573 4147342.901086 39.854372
292319.059486 4147300.839364 73.609408
292354.762330 4147332.158433 85.133106
292334.534952 4147321.996645 80.839539
292314.603782 4147274.070397 41.296806
292340.219541 4147269.805357 40.305141
292334.550651 4147327.144641 81.154553
292334.560820 4147329.003643 81.260334
292334.515131 4147321.782131 80.835770
292334.436138 4147309.245240 80.103376
292360.781451 4147333.486318 87.496318
292274.648959 4147292.268657 38.953337
292380.299482 4147255.878324 40.030606
292360.892121 4147313.366509 86.263791
292360.845728 4147314.499214 86.313596
292370.171539 4147351.219905 78.513130
292360.865911 4147313.114443 86.154593
292360.773934 4147313.713212 86.224287
292364.886399 4147317.211131 88.197225
292360.773934 4147313.713212 86.224287
292315.148955 4147307.521357 41.047259
292315.148955 4147307.521357 41.047259
292379.063626 4147272.107748 42.810226
292354.754817 4147313.336854 84.048835
292274.500272 4147333.774372 37.175826
292274.500272 4147333.774372 37.175826
292274.500272 4147333.774372 37.175826
292386.414477 4147271.848151 42.666510
292386.414477 4147271.848151 42.666510
292379.062771 4147271.474891 42.574291
292285.385726 4147259.391307 38.706178
292360.670665 4147312.755642 86.117665
292334.501445 4147326.992844 81.150533
292334.501445 4147326.992844 81.150533
292354.684756 4147335.330520 85.240429
292354.707214 4147325.390237 84.677218
292340.132686 4147269.423498 40.391315
292354.670386 4147332.091526 85.099793
292354.670386 4147332.091526 85.099793
292214.122902 4147339.994737 29.722048
292214.122902 4147339.994737 29.722048
292359.446335 4147293.574121 70.274483
292379.697357 4147255.763233 40.013285
292379.697357 4147255.763233 40.013285
292334.589228 4147340.998472 81.936722
292360.575893 4147312.675521 86.099811
292360.575893 4147312.675521 86.099811
292334.485691 4147326.839902 81.125877
292334.485691 4147326.839902 81.125877
292279.766140 4147338.375362 37.660083
292276.543194 4147306.052162 38.521568
292360.490116 4147313.882663 86.135346
292276.543194 4147306.052162 38.521568
292360.599435 4147302.363337 85.375933
292376.084324 4147290.390451 49.172827
292334.379911 4147311.879573 80.294019
292273.966532 4147351.238165 35.456437
292354.660543 4147325.897078 84.704438
292354.660543 4147325.897078 84.704438
292360.391243 4147309.849643 85.838342
292286.304104 4147370.302569 35.669138
292283.015182 4147319.227024 50.476377
292334.603470 4147345.448968 82.051786
292360.299092 4147310.567184 85.896496
292360.211898 4147322.859069 86.618424
292340.070189 4147269.732842 40.372617
292360.286274 4147313.918629 86.046944
292340.070189 4147269.732842 40.372617
292280.012351 4147342.997105 37.347177
292397.853897 4147273.268609 43.710917
292392.027835 4147345.507321 56.241876
292359.359627 4147293.157525 70.244035
292360.107867 4147333.528885 87.157956
292214.228770 4147340.976272 29.374380
292214.228770 4147340.976272 29.374380
292360.225723 4147310.045144 85.800804
292360.206481 4147313.847021 86.021700
292360.206481 4147313.847021 86.021700
292354.610644 4147329.765544 84.918881
292354.610644 4147329.765544 84.918881
292360.210233 4147312.753884 85.958688
292360.216523 4147311.980735 85.926431
292360.216523 4147311.980735 85.926431
292335.826009 4147310.939885 80.346476
292335.826009 4147310.939885 80.346476
292375.899359 4147286.692075 48.424064
292360.194899 4147311.872084 85.887450
292360.194899 4147311.872084 85.887450
292268.138361 4147260.023472 39.253550
292268.138361 4147260.023472 39.253550
292360.206561 4147309.792288 85.722756
292360.206561 4147309.792288 85.722756
292312.517174 4147274.058723 39.427152
292273.298229 4147366.409228 33.618422
292378.255262 4147267.615919 42.156864
292340.035269 4147270.192473 40.372782
292340.035269 4147270.192473 40.372782
292340.035269 4147270.192473 40.372782
292268.002504 4147337.411182 35.807403
292335.859433 4147310.807765 80.328256
292342.186897 4147266.718416 40.148999
292342.186897 4147266.718416 40.148999
292391.973295 4147347.273947 57.180554
292315.223836 4147302.742601 41.058633
292392.590261 4147346.537765 56.311616
292396.211356 4147304.286023 48.839697
292334.298496 4147309.121957 80.076550
292396.211356 4147304.286023 48.839697
292359.941034 4147332.654748 87.046946
292359.941034 4147332.654748 87.046946
292339.996282 4147269.143827 40.362880
292339.996282 4147269.143827 40.362880
292354.540124 4147331.497137 84.995708
292342.196203 4147265.318223 40.084167
292392.113468 4147349.830988 57.655029
292392.113468 4147349.830988 57.655029
292391.988340 4147350.021244 57.904837
292391.988340 4147350.021244 57.904837
292354.568281 4147312.932611 84.023537
292354.568281 4147312.932611 84.023537
292354.579840 4147325.076422 84.549719
292285.724075 4147263.181503 38.808184
292342.229852 4147266.195320 40.090969
292354.536377 4147324.129892 84.539006
292354.536377 4147324.129892 84.539006
292335.956890 4147318.514256 80.703193
292334.394961 4147326.584057 81.098560
292273.794767 4147293.218763 39.044743
292354.566481 4147306.839424 83.656474
292214.711536 4147340.872912 29.601033
292354.566481 4147306.839424 83.656474
292334.354484 4147321.128596 80.788614
292340.002471 4147268.559766 40.091098
292359.814470 4147332.677039 86.989750
292340.002471 4147268.559766 40.091098
292354.554582 4147309.361548 83.759181
292335.977871 4147319.148005 80.770620
292359.799681 4147332.382358 86.968026
292342.257852 4147266.350880 40.136504
292354.533802 4147313.294787 84.009141
292312.600484 4147286.503886 40.480725
292359.938524 4147308.562833 85.577322
292359.778284 4147332.494721 87.003766
292313.702515 4147362.521659 40.250469
292313.702515 4147362.521659 40.250469
292359.802894 4147328.468367 86.743259
292312.638460 4147289.895501 40.497345
292312.638460 4147289.895501 40.497345
292359.750503 4147332.779836 86.997231
292354.495067 4147331.184367 84.913237
292391.351986 4147354.644340 59.882889
292399.398661 4147272.508159 43.778216
292399.398661 4147272.508159 43.778216
292359.881121 4147308.647627 85.550885
292392.304224 4147351.971876 58.406052
292359.874491 4147308.471885 85.508662
292392.373132 4147351.820026 58.403776
292392.373132 4147351.820026 58.403776
292359.738738 4147323.331150 86.419315
292354.491282 4147318.196792 84.268633
292359.715081 4147328.462931 86.696978
292214.434683 4147346.367950 28.770155
292215.141485 4147337.240451 30.007119
292392.493696 4147352.211501 58.475697
292392.493696 4147352.211501 58.475697
292359.804196 4147308.562397 85.500743
292359.804196 4147308.562397 85.500743
292312.529960 4147286.665196 40.464967
292312.529960 4147286.665196 40.464967
292359.849057 4147303.037572 85.156730
292215.205612 4147337.705044 29.984846
292374.954539 4147290.638706 48.954139
292354.489694 4147309.645826 83.749884
292358.023963 4147349.805136 75.991171
292375.006685 4147289.585526 48.739536
292267.849006 4147337.312389 35.828507
292312.523428 4147289.457643 40.462668
292336.223392 4147345.391597 82.175423
292280.810885 4147332.073877 38.054645
292336.223392 4147345.391597 82.175423
292400.105211 4147272.349861 43.903112
292400.105211 4147272.349861 43.903112
292336.026899 4147313.319811 80.499034
292285.842884 4147261.304450 38.862972
292315.144284 4147290.289206 40.705761
292339.911761 4147270.426581 40.383947
292315.094533 4147287.099946 40.700199
292214.912584 4147343.228335 29.227020
292267.814889 4147336.511259 35.858488
292359.487456 4147327.062710 86.535746
292215.195428 4147338.130099 29.645166
292359.621801 4147306.828711 85.292203
292359.621801 4147306.828711 85.292203
292215.324724 4147337.853230 29.856319
292359.582356 4147308.028452 85.409713
292359.582356 4147308.028452 85.409713
292359.454058 4147326.789755 86.488387
292359.454058 4147326.789755 86.488387
292359.577016 4147307.134967 85.359178
292359.577016 4147307.134967 85.359178
292374.847166 4147282.899914 48.313123
292336.221837 4147341.099415 82.012323
292336.221837 4147341.099415 82.012323
292337.566229 4147292.873687 70.022221
292267.771019 4147337.136532 35.785777
292215.399823 4147339.451293 29.793460
292215.399823 4147339.451293 29.793460
292336.164298 4147335.717349 81.909402
292215.453744 4147337.974760 29.859781
292374.611299 4147289.778916 48.627163
292312.397493 4147289.591972 40.542236
292359.302318 4147328.485047 86.540575
292359.409537 4147308.908980 85.407589
292215.477365 4147339.726413 29.799252
292359.409537 4147308.908980 85.407589
292359.427927 4147305.860108 85.207859
292315.606485 4147318.627894 41.233330
292315.606485 4147318.627894 41.233330
292359.371582 4147306.277323 85.176594
292336.102553 4147313.233463 80.457762
292215.507738 4147340.156027 29.737724
292286.907283 4147347.830781 37.727389
292286.907283 4147347.830781 37.727389
292339.851128 4147270.248487 40.404801
292359.184012 4147328.720661 86.485967
292359.124093 4147330.312051 86.567796
292359.124093 4147330.312051 86.567796
292334.437785 4147345.682911 82.026619
292267.854882 4147260.115446 39.253202
292359.046079 4147333.956237 86.786973
292336.218737 4147329.055613 81.328296
292393.626754 4147359.610808 60.316067
292359.174973 4147306.321214 85.127782
292359.174973 4147306.321214 85.127782
292273.001057 4147290.837643 38.997287
292354.355603 4147305.863289 83.539091
292359.024726 4147330.348565 86.507660
292272.955485 4147334.155837 37.008780
292285.988846 4147263.242142 38.754670
292358.883668 4147337.303263 86.850529
292358.883668 4147337.303263 86.850529
292354.296720 4147324.784491 84.513201
292215.595324 4147340.138295 29.634467
292359.023754 4147306.349416 85.090224
292354.325810 4147305.625823 83.524055
292312.069642 4147272.736318 41.359623
292215.335769 4147343.683918 29.166261
292374.104722 4147278.044766 47.623423
292215.376519 4147343.415788 29.219923
292312.252838 4147288.330534 40.331131
292312.252838 4147288.330534 40.331131
292336.343273 4147341.663742 82.033353
292400.433932 4147303.049100 49.085512
292400.433932 4147303.049100 49.085512
292358.683064 4147333.961452 86.572057
292267.672332 4147336.418377 35.902832
292373.769118 4147283.157556 47.962139
292272.837778 4147338.731159 37.374207
292215.489237 4147343.531446 29.180075
292373.672452 4147282.102524 47.795270
292373.672452 4147282.102524 47.795270
292339.776475 4147269.809785 40.326147
292312.098625 4147283.441783 39.703854
292354.261370 4147311.434441 83.837370
292339.776475 4147269.809785 40.326147
292376.254541 4147256.094655 40.384763
292312.098625 4147283.441783 39.703854
292336.200713 4147311.954928 80.383765
292215.376465 4147346.268944 28.853741
292354.246472 4147314.725268 83.980942
292358.438598 4147332.662280 86.396148
292358.558814 4147304.879940 84.796547
292354.237983 4147314.532943 83.977748
292358.535289 4147304.970555 84.824972
292358.540357 4147305.052113 84.818461
292373.663181 4147274.396289 46.702913
292354.237983 4147314.532943 83.977748
292354.237983 4147314.532943 83.977748
292373.581052 4147274.307027 46.871481
292398.320038 4147345.470203 57.280464
292354.192437 4147326.492547 84.618760
292218.823844 4147296.259897 34.786004
292215.660624 4147344.027456 29.161691
292334.336828 4147342.401753 81.925624
292358.343030 4147332.245570 86.379840
292358.343030 4147332.245570 86.379840
292267.457765 4147341.161056 35.380628
292358.467659 4147305.548053 84.817906
292358.338100 4147328.749897 86.154355
292358.338100 4147328.749897 86.154355
292342.709147 4147266.174503 39.971271
292342.709147 4147266.174503 39.971271
292354.205959 4147305.070249 83.436095
292282.119626 4147331.910210 38.246420
292375.600826 4147255.657343 40.645063
292354.188589 4147311.359886 83.766875
292281.856904 4147366.494666 35.241015
292281.856904 4147366.494666 35.241015
292358.179375 4147339.241511 86.744272
292336.436249 4147341.293954 82.020820
292336.436249 4147341.293954 82.020820
292271.858062 4147354.899213 34.613953
292271.858062 4147354.899213 34.613953
292358.217612 4147332.271177 86.299753
292358.217612 4147332.271177 86.299753
292358.210762 4147331.870861 86.274496
292354.153975 4147326.294758 84.554502
292311.841475 4147274.606760 39.394959
292358.221606 4147330.939149 86.144607
292358.161757 4147332.159758 86.309264
292373.201669 4147277.360303 47.064450
292339.685775 4147269.471873 40.295528
292336.275933 4147310.953939 80.326969
292354.120914 4147326.639246 84.561348
292358.115268 4147334.028176 86.406727
292358.226136 4147312.233987 85.189278
292354.100586 4147331.339986 84.851035
292354.083028 4147339.929153 85.322811
292358.114915 4147328.895008 86.091599
292354.129057 4147311.097717 83.756555
292375.097533 4147255.827115 40.983468
292358.017521 4147330.633394 86.116856
292315.339693 4147287.000287 40.666365
292354.131796 4147305.181524 83.426187
292357.963850 4147328.873197 86.073758
292287.364043 4147361.332561 37.523918
292336.492094 4147342.661686 82.043108
292336.492094 4147342.661686 82.043108
292342.664349 4147274.702390 41.471211
292357.950407 4147311.523010 85.070957
292357.979285 4147303.608491 84.485789
292336.492241 4147342.295953 82.102027
292357.916566 4147305.706006 84.645422
292283.014690 4147340.325509 39.506480
292354.082525 4147322.438362 84.300653
292336.442142 4147330.545696 81.435454
292357.872875 4147311.465728 85.041567
292342.807429 4147265.677360 40.093283
292357.857829 4147311.552373 85.056074
292357.859299 4147310.442922 84.975499
292334.111329 4147326.633908 81.089682
292334.111329 4147326.633908 81.089682
292354.025252 4147339.583162 85.250735
292354.025252 4147339.583162 85.250735
292354.046887 4147324.088526 84.415827
292336.526328 4147342.187954 82.062541
292357.807560 4147312.353376 85.080303
292334.240017 4147341.887015 81.831665
292336.517020 4147340.980358 82.040397
292357.778738 4147318.615576 85.390507
292336.541223 4147342.844876 82.087764
292357.778738 4147318.615576 85.390507
292357.874833 4147303.658411 84.462079
292285.163104 4147316.990180 49.133201
292357.708430 4147332.087104 86.115135
292357.708430 4147332.087104 86.115135
292357.692788 4147332.277275 86.146429
292357.652496 4147339.209115 86.518009
292285.405588 4147319.532970 49.786141
292213.740283 4147374.676521 24.897939
292342.872394 4147265.504634 40.100682
292311.875326 4147285.745485 40.261157
292357.628712 4147328.940277 85.911566
292344.913686 4147308.602762 81.315575
292328.075126 4147338.960152 81.677517
292344.928011 4147305.966435 81.143529
292322.980520 4147285.559552 45.875950
292327.832842 4147315.332154 80.375943
292222.000516 4147254.673777 39.690009
292297.641869 4147309.698368 39.552466
292334.225887 4147344.769842 82.020408
292297.514233 4147306.341055 39.473468
292311.630523 4147274.224419 39.419051
292297.548038 4147309.424181 39.369715
292354.018399 4147304.890705 83.351370
292328.020224 4147335.072644 81.513414
292298.240146 4147328.079786 41.921220
292322.832545 4147257.123419 38.436254
292336.594424 4147342.746580 82.073800
292336.594424 4147342.746580 82.073800
292342.917982 4147264.426595 39.949640
292344.989393 4147320.722284 81.969755
292353.962013 4147326.360570 84.514188
292323.891944 4147335.471341 42.411303
292339.568868 4147270.444618 40.371312
292297.565852 4147311.309797 39.410353
292267.152014 4147341.256854 35.252130
292322.919074 4147261.753093 38.875202
292322.919074 4147261.753093 38.875202
292334.190092 4147341.693519 81.872724
292286.579914 4147266.607605 38.889120
292322.848318 4147259.419615 38.543061
292311.600365 4147274.326543 39.387571
292216.153321 4147347.510037 28.821755
292334.186825 4147342.448285 81.946660
292334.186825 4147342.448285 81.946660
292322.873872 4147256.968373 38.411338
292297.527423 4147310.996976 39.419541
292336.430041 4147314.363565 80.591624
292353.897432 4147325.542158 84.488469
292315.704025 4147302.599003 41.084657
292315.704025 4147302.599003 41.084657
292323.841777 4147340.505535 44.244500
292342.947985 4147264.940028 40.019498
292345.012484 4147306.411689 81.176430
292345.012484 4147306.411689 81.176430
292297.435729 4147306.228899 39.508100
292345.045989 4147320.116896 81.950505
292344.830721 4147317.148546 81.745694
292344.803026 4147317.129917 81.845473
292344.818130 4147317.123339 81.773048
292344.818130 4147317.123339 81.773048
292323.930965 4147336.535796 42.510922
292218.651794 4147312.744544 33.139510
292323.930965 4147336.535796 42.510922
292339.517958 4147269.826055 40.307313
292336.629219 4147342.896794 82.110063
292344.818441 4147319.961709 81.929314
292353.897008 4147326.449073 84.479807
292297.472777 4147311.139209 39.459359
292297.801687 4147310.375064 39.453946
292345.087357 4147319.884539 81.939174
292323.045386 4147285.716406 45.828814
292323.887128 4147332.488502 42.470971
292323.887128 4147332.488502 42.470971
292339.510436 4147269.425519 40.155949
292297.406235 4147308.662193 39.418201
292345.064000 4147306.519743 81.235283
292344.805373 4147323.351828 82.113616
292345.064000 4147306.519743 81.235283
292322.918730 4147256.860077 38.462006
292336.670601 4147344.506889 82.183387
292336.672208 4147343.048090 82.070171
292297.343232 4147306.104348 39.482490
292344.775685 4147308.132033 81.184248
292311.472934 4147274.241604 39.417080
292311.472934 4147274.241604 39.417080
292322.844179 4147263.781908 39.101494
292322.844179 4147263.781908 39.101494
292297.367542 4147309.891715 39.458829
292327.937449 4147334.758864 81.511908
292297.302136 4147306.370465 39.411987
292297.408137 4147276.666738 39.492040
292344.760174 4147320.918974 81.944509
292312.663650 4147353.282746 40.447636
292344.747693 4147317.009971 81.767661
292333.952763 4147319.448621 80.696666
292328.159772 4147339.038955 81.654586
292343.038989 4147265.088884 40.054798
292336.614260 4147330.304841 81.435254
292344.723036 4147321.163387 81.940266
292334.141217 4147344.492267 82.013727
292334.141217 4147344.492267 82.013727
292336.501467 4147315.761884 80.730999
292336.566221 4147324.784160 81.134541
292323.994219 4147336.886198 42.567582
292297.972452 4147311.111045 39.548022
292322.865732 4147283.903773 45.751523
292322.865732 4147283.903773 45.751523
292357.844197 4147299.674833 72.073702
292357.844197 4147299.674833 72.073702
292336.702698 4147343.251790 82.096118
292328.157014 4147337.931611 81.627266
292334.109850 4147341.792734 81.924697
292327.943336 4147338.397380 81.681551
292297.308292 4147311.168873 39.545694
292322.862209 4147284.706349 45.850287
292336.592283 4147324.696718 81.126973
292298.005349 4147310.697210 39.518434
292344.679583 4147317.123631 81.763640
292344.679583 4147317.123631 81.763640
292297.284104 4147310.864057 39.613494
292297.284104 4147310.864057 39.613494
292324.009575 4147335.576519 42.471770
292315.764120 4147300.338727 41.001686
292345.241402 4147320.750870 82.036454
292336.734322 4147342.974617 82.073975
292298.635077 4147329.554573 42.012163
292353.858021 4147313.324418 83.766473
292298.635077 4147329.554573 42.012163
292328.185622 4147338.933760 81.680598
292322.797205 4147264.090656 39.243814
292322.797205 4147264.090656 39.243814
292334.107756 4147343.390086 81.957500
292344.643745 4147310.120871 81.386205
292345.237853 4147309.827445 81.463241
292345.237853 4147309.827445 81.463241
292327.916300 4147337.972698 81.590703
292336.741948 4147340.863547 81.975616
292298.080783 4147310.942677 39.516852
292353.810391 4147325.616879 84.407207
292344.655364 4147320.850402 81.895330
292333.965222 4147326.593884 81.093354
292333.965222 4147326.593884 81.093354
292297.149983 4147307.754343 39.355810
292344.622511 4147307.407236 81.122114
292336.756022 4147342.700061 82.094762
292322.638289 4147255.883265 39.124267
292336.772858 4147343.814946 82.150291
292344.636468 4147323.554275 82.073937
292311.332921 4147273.462883 39.457445
292297.155983 4147310.928493 39.537185
292298.145879 4147310.791517 39.497202
292343.175674 4147265.224181 40.019942
292344.592469 4147317.182610 81.742235
292322.696501 4147259.514586 38.577318
292311.292837 4147273.672892 39.397979
292353.801326 4147304.732462 83.287333
292345.346243 4147310.143874 81.457018
292353.788979 4147324.896466 84.318701
292336.798534 4147343.630883 82.121864
292353.749926 4147325.297830 84.427886
292322.627210 4147256.675426 38.537471
292346.063584 4147301.773133 75.024851
292323.067078 4147259.348734 38.542097
292316.138048 4147320.766902 41.325852
292336.753982 4147338.257585 81.937887
292336.753982 4147338.257585 81.937887
292297.102259 4147310.312936 39.626827
292336.812567 4147343.010889 82.128903
292344.533065 4147306.987483 81.166917
292345.400778 4147320.429183 82.035641
292322.681926 4147261.597593 38.908848
292336.839413 4147342.915391 82.059399
292328.195510 4147333.409378 81.447243
292334.037102 4147342.487245 81.957781
292353.733983 4147331.642268 84.731692
292323.842385 4147349.083086 42.571293
292255.260623 4147265.144649 39.100253
292286.677215 4147255.968377 38.678324
292298.872271 4147329.493660 42.029653
292298.872271 4147329.493660 42.029653
292328.278938 4147339.027997 81.639420
292345.427719 4147308.502644 81.386933
292344.533039 4147320.013252 81.800972
292333.886888 4147326.700361 81.095734
292324.044082 4147333.175364 42.637152
292333.886888 4147326.700361 81.095734
292344.495216 4147317.060463 81.746258
292333.792856 4147313.901724 80.384107
292311.200815 4147273.536957 39.456137
292328.308647 4147338.738627 81.555509
292347.237952 4147290.992106 69.438825
292344.493076 4147321.318415 81.933627
292339.285817 4147270.892764 40.446209
292336.855872 4147343.102501 82.122895
292336.855872 4147343.102501 82.122895
292315.936918 4147302.568837 41.058730
292345.494625 4147321.079095 82.100287
292353.697761 4147325.394028 84.422296
292336.788221 4147331.222481 81.485506
292353.697761 4147325.394028 84.422296
292353.722042 4147325.870648 84.363147
292322.624564 4147261.132350 38.329547
292321.916255 4147305.620616 74.051949
292355.677045 4147269.432177 41.344816
292353.702998 4147316.833904 83.916668
292323.563355 4147333.651486 42.402805
292345.538047 4147320.372039 82.048898
292353.729113 4147309.275416 83.498907
292343.290242 4147265.411974 40.095268
292343.290242 4147265.411974 40.095268
292345.901507 4147301.800847 75.035590
292336.878382 4147343.874690 82.139305
292323.580091 4147340.696082 44.245238
292253.316993 4147264.782824 38.967503
292253.316993 4147264.782824 38.967503
292344.409515 4147319.918796 81.827411
292353.692625 4147317.054628 83.909795
292323.170664 4147263.206799 38.995383
292353.685795 4147332.595068 84.705125
292333.885588 4147328.917990 81.178415
292344.369736 4147307.097585 81.124272
292345.585734 4147329.242774 82.603371
292328.346972 4147338.913067 81.625232
292333.966321 4147343.081772 81.965589
292333.966321 4147343.081772 81.965589
292336.768233 4147322.814398 81.059900
292327.732023 4147332.171129 81.418597
292312.494528 4147369.509746 39.946301
292327.732023 4147332.171129 81.418597
292344.401146 4147326.980123 82.224371
292327.779809 4147336.938237 81.565072
292333.813068 4147325.495173 81.039810
292315.792483 4147288.658955 40.646610
292323.522359 4147333.935351 42.402267
292345.621333 4147327.491855 82.476845
292345.621333 4147327.491855 82.476845
292328.223745 4147324.486800 80.927126
292333.941537 4147341.748848 81.889592
292355.866831 4147268.428460 41.229804
292324.246414 4147343.186698 42.660844
292323.524309 4147334.739031 42.563739
292255.378678 4147293.142477 37.646181
292328.352562 4147336.909837 81.609609
292344.316311 4147321.261228 81.924522
292347.282681 4147301.480285 75.062111
292353.652263 4147325.166729 84.343767
292328.352495 4147334.414358 81.458242
292344.295644 4147317.152302 81.667989
292311.058842 4147274.293064 39.414204
292324.504310 4147316.262601 80.593666
292345.759042 4147338.382452 83.109889
292311.036577 4147274.152470 39.436387
292311.029468 4147273.573891 39.389288
292328.172229 4147315.325223 80.408471
292345.749272 4147332.773901 82.802568
292353.645405 4147325.632918 84.386888
292353.645405 4147325.632918 84.386888
292345.711061 4147310.112591 81.581800
292345.711061 4147310.112591 81.581800
292336.955397 4147344.292942 82.133378
292344.249663 4147320.744468 81.835817
292353.647826 4147324.718634 84.331952
292266.904579 4147259.381219 39.282483
292344.209367 4147306.653963 81.087842
292328.438746 4147339.731773 81.675494
292326.370952 4147256.766372 38.798129
292252.938626 4147268.365831 38.802155
292339.152439 4147271.575233 40.435523
292343.421155 4147265.589793 40.091527
292344.268219 4147326.801339 82.150020
292323.466686 4147334.426795 42.402958
292353.617036 4147338.263886 85.070248
292255.779631 4147264.400318 39.132959
292339.144751 4147271.382884 40.421561
292345.778474 4147309.870140 81.544521
292348.750563 4147290.885115 69.537246
292356.835417 4147348.198820 76.485598
292323.455225 4147334.603245 42.448217
292286.924316 4147256.060945 38.678237
292339.132938 4147271.774947 40.398831
292328.606629 4147300.696848 74.337408
292255.838277 4147264.734686 39.124107
292255.838277 4147264.734686 39.124107
292339.132938 4147271.774947 40.398831
292323.898543 4147254.471499 19.814651
292345.869915 4147326.584788 82.495397
292337.002469 4147344.451466 82.171065
292298.871440 4147310.482543 39.512309
292344.150724 4147319.901748 81.738378
292323.446667 4147340.654936 44.249384
292323.446667 4147340.654936 44.249384
292344.133288 4147320.963926 81.848570
292344.133288 4147320.963926 81.848570
292345.906987 4147320.796057 82.149572
292344.110344 4147319.792648 81.766783
292316.122805 4147302.542349 41.062549
292337.010526 4147344.168169 82.187621
292328.432430 4147335.139936 81.458573
292345.919009 4147320.439486 82.149256
292344.157797 4147338.963050 82.812627
292344.099977 4147320.805710 81.825882
292316.152924 4147304.619291 41.125155
292323.425904 4147340.332472 44.373573
292252.723044 4147268.277742 38.884782
292344.084102 4147320.568220 81.831163
292324.619713 4147322.040264 81.028275
292345.931972 4147327.102958 82.506481
292316.160218 4147304.073060 41.132105
292316.160218 4147304.073060 41.132105
292322.498166 4147267.412379 39.332419
292322.498166 4147267.412379 39.332419
292353.603726 4147324.819872 84.313993
292310.882090 4147273.842610 39.382712
292327.681773 4147335.758447 81.523233
292353.583869 4147328.050580 84.486444
292337.042252 4147344.329270 82.163318
292353.570973 4147325.438474 84.334712
292333.635844 4147312.730330 80.325549
292299.031002 4147314.392106 39.428665
292323.376946 4147333.391186 42.400174
292353.570973 4147325.438474 84.334712
292324.903007 4147293.255650 68.724543
292344.033183 4147306.654673 81.034934
292323.380666 4147334.079210 42.509707
292345.970274 4147328.935085 82.622367
292345.973461 4147329.048704 82.637519
292345.969094 4147321.132463 82.180772
292343.537571 4147264.951835 40.003374
292266.717785 4147258.365533 39.231900
292266.778600 4147259.547831 39.399806
292328.470894 4147336.154641 81.534535
292345.984372 4147329.287694 82.658060
292328.469901 4147335.941362 81.544232
292328.469901 4147335.941362 81.544232
292328.485230 4147336.953158 81.577486
292328.485230 4147336.953158 81.577486
292322.346932 4147300.074497 73.732214
292312.192717 4147367.219769 39.742801
292312.192717 4147367.219769 39.742801
292344.033689 4147319.902943 81.740914
292333.730238 4147330.339452 81.319087
292353.542566 4147328.179897 84.497517
292346.018585 4147329.174909 82.646167
292333.856194 4147346.633533 82.049095
292333.714861 4147330.161414 81.266602
292333.714861 4147330.161414 81.266602
292339.009333 4147271.453779 40.444425
292250.898998 4147340.566956 33.039315
292353.576948 4147312.194140 83.643961
292327.650756 4147334.613881 81.501637
292250.949146 4147338.536034 33.256372
292339.000508 4147271.255757 40.445425
292250.949146 4147338.536034 33.256372
292353.553904 4147316.337217 83.838665
292321.586465 4147312.269469 80.585473
292322.410551 4147264.282473 39.281592
292250.809297 4147340.060277 33.044949
292343.595279 4147270.719900 40.515480
292250.809297 4147340.060277 33.044949
292346.028536 4147309.777085 81.600641
292323.318232 4147333.149988 42.386832
292353.526920 4147327.742930 84.446575
292353.526920 4147327.742930 84.446575
292323.260394 4147257.607764 38.474508
292333.521585 4147308.186141 80.037539
292333.521585 4147308.186141 80.037539
292343.944632 4147317.525106 81.624610
292356.729389 4147347.629400 76.401053
292356.729389 4147347.629400 76.401053
292328.547025 4147338.508394 81.630486
292328.175084 4147292.567119 68.654233
292266.261727 4147341.195600 35.085137
292266.275365 4147341.477359 35.089187
292343.628502 4147270.869371 40.577682
292327.602752 4147333.590781 81.470221
292336.978527 4147323.664802 81.113704
292346.152729 4147335.244453 83.069971
292327.625745 4147335.434141 81.514730
292346.166541 4147327.826915 82.573850
292346.166541 4147327.826915 82.573850
292343.927864 4147320.054097 81.758599
292343.927864 4147320.054097 81.758599
292334.907258 4147288.633835 68.816612
292299.309492 4147313.891444 39.499498
292338.959042 4147271.888191 40.379440
292333.642169 4147327.928543 81.124437
292333.661787 4147331.184719 81.332767
292337.139241 4147345.106735 82.228366
292353.487545 4147330.858610 84.603083
292353.487545 4147330.858610 84.603083
292316.247766 4147302.317798 41.099991
292316.247766 4147302.317798 41.099991
292310.721320 4147273.685755 39.389779
292353.527071 4147307.935607 83.376440
292353.487205 4147330.061276 84.581082
292336.948744 4147313.508041 80.585840
292322.408402 4147302.261625 74.089814
292346.214124 4147335.126649 83.032577
292343.896230 4147320.187041 81.731341
292316.274568 4147302.477546 41.142302
292333.637827 4147330.093281 81.271534
292312.065333 4147367.399780 39.733818
292346.214124 4147335.126649 83.032577
292333.731151 4147342.487866 81.893658
292316.289671 4147303.464032 40.937104
292316.289671 4147303.464032 40.937104
292312.058232 4147368.136982 39.543362
292333.717733 4147342.827592 81.911007
292343.867149 4147317.324495 81.623130
292310.678561 4147273.906151 39.399241
292346.204384 4147352.654522 74.686246
292321.612837 4147300.359362 73.731891
292326.482978 4147253.987355 38.086290
292353.458844 4147330.618278 84.635944
292266.542327 4147258.687674 39.220616
292321.525412 4147312.060592 80.581594
292343.833216 4147320.549770 81.811622
292324.432642 4147343.247150 42.757868
292324.432642 4147343.247150 42.757868
292322.360435 4147266.887884 39.350764
292312.026176 4147367.814050 39.682248
292326.482978 4147253.987355 38.086290
292322.275378 4147259.684590 38.564919
292322.275378 4147259.684590 38.564919
292327.554944 4147331.142593 81.345982
292321.520000 4147312.191856 80.615812
292353.463361 4147331.852403 84.670928
292333.579808 4147327.753485 81.120479
292353.463361 4147331.852403 84.670928
292250.568775 4147335.922166 33.426168
292328.575972 4147337.155066 81.573298
292333.600981 4147329.924733 81.214874
292343.724507 4147264.908021 40.038634
292343.724507 4147264.908021 40.038634
292311.993735 4147367.128101 39.731840
292311.993735 4147367.128101 39.731840
292337.189444 4147345.285009 82.208666
292295.695719 4147273.730516 39.443958
292327.614168 4147336.395882 81.534374
292346.271611 4147320.950172 82.240410
292353.466241 4147327.454225 84.378970
292346.299836 4147329.148230 82.688948
292346.299836 4147329.148230 82.688948
292328.372429 4147315.278202 80.398434
292346.299836 4147329.148230 82.688948
292328.814146 4147304.046612 74.473896
292333.542170 4147325.548989 81.049662
292323.309622 4147257.485860 38.552746
292287.644761 4147275.223940 39.730623
292353.411444 4147338.772348 85.059151
292222.494388 4147292.746886 35.427084
292250.437062 4147338.743568 33.179249
292322.203856 4147257.041730 38.458492
292310.594243 4147273.522544 39.378553
292343.804624 4147317.495858 81.622065
292322.203856 4147257.041730 38.458492
292346.320531 4147326.490763 82.593834
292346.320531 4147326.490763 82.593834
292337.171457 4147341.808037 82.131999
292337.171457 4147341.808037 82.131999
292333.560450 4147330.028856 81.288017
292328.583411 4147335.759153 81.523278
292328.583411 4147335.759153 81.523278
292346.341638 4147328.854278 82.678042
292324.375129 4147338.693426 42.523739
292328.395630 4147316.201638 80.470913
292353.444217 4147310.047844 83.465164
292222.625881 4147292.844391 35.477789
292343.759648 4147306.150046 80.954003
292327.584863 4147335.297773 81.519770
292328.590269 4147334.722049 81.481950
292328.605033 4147336.155684 81.545017
292300.110417 4147327.622483 41.919621
292343.736746 4147306.828842 80.972810
292287.474974 4147270.649106 39.063919
292343.777822 4147270.501565 40.523554
292343.760775 4147319.966200 81.725659
292343.760775 4147319.966200 81.725659
292333.630955 4147342.883588 81.940016
292328.628742 4147337.467435 81.596610
292324.647242 4147356.300492 42.742739
292250.264262 4147337.377028 33.303433
292343.707230 4147306.929177 80.976288
292337.243180 4147345.508940 82.258640
292298.966508 4147266.702458 39.302947
292327.680072 4147351.205311 43.248501
292346.418934 4147335.928133 83.155779
292334.760585 4147290.659851 68.810143
292353.379968 4147324.579420 84.278762
292328.622388 4147334.202441 81.439754
292338.723576 4147271.061062 40.422165
292337.212942 4147341.542995 82.098999
292338.723576 4147271.061062 40.422165
292250.254194 4147335.749503 33.485706
292328.634215 4147335.014689 81.485018
292338.730153 4147272.540121 40.439160
292250.260711 4147333.960071 33.653453
292250.260711 4147333.960071 33.653453
292338.730153 4147272.540121 40.439160
292337.256746 4147345.224777 82.248502
292296.567603 4147327.802158 41.585571
292346.479647 4147326.458290 82.597265
292316.454570 4147303.631529 41.010788
292353.359689 4147327.118112 84.386032
292324.490092 4147343.404545 42.687325
292346.454034 4147309.416373 81.694274
292322.109821 4147257.150333 38.422631
292323.379361 4147257.710061 38.495538
292328.658453 4147334.907455 81.462794
292328.653450 4147334.614549 81.472317
292266.386252 4147258.729030 39.227536
292322.228608 4147267.462704 39.359545
292323.305995 4147346.989642 42.608829
292266.386252 4147258.729030 39.227536
292346.530973 4147336.447354 83.182191
292343.590797 4147306.193490 80.902351
292322.084799 4147257.293184 38.424055
292299.201935 4147267.533163 39.376602
292223.089635 4147292.816392 35.503680
292327.508642 4147335.459209 81.574510
292346.552645 4147335.442808 83.120586
292353.328598 4147336.314808 84.862699
292353.326719 4147331.862030 84.631015
292353.326719 4147331.862030 84.631015
292327.700008 4147304.374805 74.433484
292346.567135 4147336.711314 83.211685
292316.367914 4147295.378794 40.960230
292249.825840 4147339.021956 33.076113
292249.825840 4147339.021956 33.076113
292323.479135 4147262.507408 38.944494
292327.503603 4147335.134686 81.496731
292326.148590 4147253.822038 38.027931
292324.953390 4147304.920744 74.118451
292322.105389 4147261.007788 38.747463
292346.577130 4147305.891841 81.463075
292287.618623 4147270.857494 39.051124
292343.914537 4147270.112127 40.515673
292333.547343 4147342.794433 81.947645
292343.914537 4147270.112127 40.515673
292346.605217 4147326.518549 82.645567
292346.637449 4147336.981666 83.188341
292333.304638 4147311.054138 80.196323
292323.044885 4147332.619724 42.322115
292343.521968 4147315.892562 81.483914
292346.637449 4147336.981666 83.188341
292343.505778 4147307.015362 80.929717
292343.519705 4147316.248838 81.490521
292249.945335 4147331.795581 33.874072
292249.945335 4147331.795581 33.874072
292323.501972 4147262.964785 38.978079
292266.275390 4147259.195087 39.234471
292300.085344 4147319.766998 39.357908
292346.631653 4147306.376247 81.541437
292249.624230 4147339.175903 33.048512
292249.624230 4147339.175903 33.048512
292346.691671 4147337.190322 83.190092
292343.936666 4147268.674529 40.361320
292338.786166 4147299.679779 70.593625
292343.487779 4147317.719669 81.533185
292249.691580 4147335.360307 33.393252
292322.127813 4147266.037193 39.321292
292251.273862 4147263.800997 38.914556
292251.273862 4147263.800997 38.914556
292328.722215 4147334.551997 81.435302
292346.698829 4147336.762409 83.191386
292346.698829 4147336.762409 83.191386
292300.166078 4147319.367875 39.494199
292322.135331 4147267.216554 39.365562
292357.885567 4147285.614579 69.316227
292357.885567 4147285.614579 69.316227
292316.616451 4147306.391154 42.513614
292311.439832 4147348.838554 40.404208
292300.208763 4147319.816708 39.541709
292353.320196 4147305.295276 83.167868
292346.716381 4147333.160726 83.024430
292249.546636 4147337.778258 33.199813
292249.546636 4147337.778258 33.199813
292310.280232 4147274.132858 39.470466
292321.414223 4147300.291728 73.734709
292346.729165 4147333.483976 83.053386
292353.316511 4147306.814835 83.243227
292331.301955 4147363.341786 44.243915
292328.775441 4147337.848968 81.602881
292311.610090 4147366.147642 39.717814
292337.211734 4147318.653418 80.818398
292337.211734 4147318.653418 80.818398
292327.475534 4147335.622820 81.477464
292249.408909 4147339.828678 32.975445
292249.408909 4147339.828678 32.975445
292328.563596 4147315.224878 80.384860
292343.380628 4147307.098444 80.948942
292343.380628 4147307.098444 80.948942
292343.977565 4147263.120390 40.006521
292322.540346 4147300.048915 73.773050
292346.724694 4147310.163072 81.779420
292346.761593 4147326.648708 82.675365
292316.592819 4147303.182020 41.135482
292344.025981 4147268.286770 40.199871
292300.739830 4147329.022900 42.064624
292326.108996 4147254.761718 38.352681
292346.739791 4147309.994959 81.772458
292333.357202 4147326.876990 81.078678
292337.373193 4147341.644409 82.047158
292311.551828 4147366.000106 39.758648
292249.358318 4147339.122894 33.002347
292322.958655 4147331.648578 42.300703
292322.958655 4147331.648578 42.300703
292346.739791 4147309.994959 81.772458
292327.449986 4147335.243726 81.527921
292295.167174 4147272.954427 39.363107
292346.739791 4147309.994959 81.772458
292300.331903 4147319.484036 39.570769
292338.557391 4147272.545415 40.434827
292316.614390 4147302.420145 41.088875
292333.378216 4147331.266169 81.331672
292333.378216 4147331.266169 81.331672
292322.954777 4147332.488471 42.401617
292295.563196 4147302.712930 39.376413
292338.530078 4147270.798962 40.393250
292316.526088 4147296.090413 40.973780
292300.320167 4147314.743207 39.578241
292300.434740 4147323.921250 39.423848
292353.251677 4147306.660437 83.216789
292353.251677 4147306.660437 83.216789
292324.551192 4147338.199306 42.701391
292328.715566 4147326.656824 81.068041
292265.770321 4147339.328080 35.219440
292343.290319 4147307.255430 80.928528
292265.770321 4147339.328080 35.219440
292265.770321 4147339.328080 35.219440
292343.324093 4147321.617872 81.773497
292267.829728 4147332.292409 41.411132
292323.517695 4147258.112162 38.590765
292343.285158 4147315.968047 81.453779
292236.344277 4147341.423802 4.704643
292266.122345 4147258.954405 39.301160
292321.480335 4147309.420269 73.827423
292249.177051 4147338.357108 33.044790
292353.223804 4147306.766667 83.217649
292249.157960 4147338.895874 33.015665
292327.331925 4147327.159574 81.159943
292327.331925 4147327.159574 81.159943
292323.538426 4147258.231506 38.524747
292310.107172 4147273.442328 39.365999
292353.194748 4147304.136556 83.046333
292323.529413 4147257.416662 38.556784
292346.821212 4147333.157190 83.060106
292333.329092 4147329.815530 81.238272
292333.329092 4147329.815530 81.238272
292249.176212 4147336.442721 33.254316
292249.176212 4147336.442721 33.254316
292331.067779 4147359.831287 45.421914
292343.235287 4147316.052856 81.435156
292295.091522 4147273.854367 39.455112
292343.247984 4147316.147668 81.405671
292343.247984 4147316.147668 81.405671
292300.560623 4147322.766913 39.310027
292344.078514 4147264.306286 40.063616
292344.108062 4147268.124222 40.238066
292346.822673 4147306.733294 81.557407
292344.108062 4147268.124222 40.238066
292346.815708 4147309.680415 81.813393
292322.008001 4147267.130951 39.395127
292328.864258 4147336.341061 81.526325
292329.533583 4147292.113566 68.767399
292343.219031 4147313.226710 81.287939
292343.192998 4147315.770390 81.475221
292343.192998 4147315.770390 81.475221
292344.114631 4147269.052786 40.392446
292344.114631 4147269.052786 40.392446
292327.349566 4147330.946295 81.344653
292327.349566 4147330.946295 81.344653
292249.131407 4147334.579420 33.469625
292249.131407 4147334.579420 33.469625
292249.041482 4147337.347138 33.202206
292249.041482 4147337.347138 33.202206
292300.623448 4147323.792766 39.171200
292300.623448 4147323.792766 39.171200
292268.514723 4147342.462852 43.389504
292346.871720 4147333.489350 83.093405
292266.108254 4147263.277141 39.389685
292345.514533 4147295.671175 70.594210
292343.200796 4147321.640057 81.717795
292344.122838 4147267.238641 40.299726
292343.169481 4147310.509092 81.107460
292338.434235 4147272.758100 40.496771
292344.122838 4147267.238641 40.299726
292344.142948 4147269.532576 40.379658
292248.964656 4147338.146662 33.065604
292248.964656 4147338.146662 33.065604
292344.142948 4147269.532576 40.379658
292327.388608 4147335.634079 81.482420
292249.178625 4147331.896318 33.748016
292249.178625 4147331.896318 33.748016
292323.589134 4147259.221361 38.571464
292333.135154 4147310.286705 80.104469
292327.388624 4147336.030747 81.521324
292344.148128 4147266.752478 40.249270
292344.148128 4147266.752478 40.249270
292337.454310 4147341.752902 82.135575
292249.175796 4147330.696950 33.894501
292249.175796 4147330.696950 33.894501
292337.454310 4147341.752902 82.135575
292322.823637 4147331.067305 42.265145
292327.362724 4147334.455129 81.458803
292346.897052 4147310.731046 81.806835
292353.139671 4147305.857434 83.115008
292343.105913 4147310.236905 81.142775
292343.122566 4147317.794593 81.556465
292343.122566 4147317.794593 81.556465
292309.987952 4147273.324227 39.412694
292325.009350 4147299.456229 73.824862
292328.810924 4147326.703674 81.091986
292346.942156 4147338.287432 83.339080
292346.927985 4147333.587673 83.111871
292345.437783 4147295.257763 70.551676
292265.930178 4147259.102268 39.311939
292345.437783 4147295.257763 70.551676
292289.729887 4147310.966251 45.116552
292327.154074 4147349.118533 43.173179
292327.363868 4147335.281882 81.475705
292327.154074 4147349.118533 43.173179
292343.084502 4147316.236415 81.445931
292343.084502 4147316.236415 81.445931
292353.103874 4147304.067453 83.035136
292326.021312 4147254.356478 38.191725
292338.352577 4147271.694145 40.424665
292346.903569 4147309.468195 81.810772
292346.934366 4147308.133580 81.716255
292346.934366 4147308.133580 81.716255
292353.056954 4147328.236588 84.357232
292353.056954 4147328.236588 84.357232
292343.062181 4147315.761405 81.440602
292343.062181 4147315.761405 81.440602
292337.404873 4147328.217120 81.418851
292321.841157 4147260.945184 38.668527
292333.220118 4147329.381255 81.212134
292333.220118 4147329.381255 81.212134
292346.925260 4147309.655554 81.791764
292346.939205 4147310.597896 81.845873
292300.924178 4147325.816286 39.565787
292248.721725 4147336.301482 33.215465
292321.894318 4147266.343792 39.258152
292248.726701 4147335.856126 33.240818
292248.726701 4147335.856126 33.240818
292226.491186 4147257.526855 39.139973
292334.423206 4147294.086105 69.129489
292334.423206 4147294.086105 69.129489
292300.893688 4147322.926936 39.479467
292333.048053 4147310.126662 80.107904
292346.954492 4147315.032883 82.113747
292311.093166 4147352.343285 41.227330
292333.048053 4147310.126662 80.107904
292248.720702 4147336.403111 33.260484
292346.954181 4147311.203347 81.893710
292346.954181 4147311.203347 81.893710
292353.031512 4147313.871074 83.604238
292329.036142 4147342.652873 81.769507
292256.838941 4147315.106971 35.960926
292309.849825 4147274.096740 39.455504
292327.277411 4147329.867465 81.285651
292352.981011 4147335.683043 84.747693
292343.011064 4147310.159879 81.085201
292337.374220 4147315.559944 80.722803
292347.008307 4147333.679553 83.147535
292329.046377 4147342.812242 81.775324
292337.424866 4147324.460297 81.190608
292333.029668 4147310.276415 80.115125
292347.004724 4147327.395213 82.815534
292345.252828 4147297.304843 70.934471
292345.303093 4147294.898998 70.605255
292300.928517 4147323.817576 39.248102
292344.276558 4147266.002430 40.052782
292348.802877 4147301.655608 75.121969
292321.744279 4147257.378988 38.452317
292347.052049 4147327.624525 82.798922
292301.031604 4147326.204377 39.529478
292301.069347 4147327.303718 39.528594
292327.233489 4147327.130139 81.105145
292342.967112 4147316.125262 81.397887
292257.599438 4147263.722366 39.195254
292295.238242 4147302.577992 39.575672
292257.606107 4147263.559708 39.188284
292342.950820 4147310.264998 81.081831
292250.215892 4147262.158217 38.915092
292337.559541 4147343.899155 82.227466
292338.238592 4147271.823498 40.422229
292329.033483 4147339.530784 81.637767
292344.282560 4147268.524950 40.344261
292269.136416 4147322.327538 46.680480
292352.984869 4147326.850585 84.226996
292329.229585 4147297.907766 73.878942
292321.782522 4147262.422601 38.956376
292250.132092 4147262.597206 38.843346
292343.032515 4147339.643118 82.656375
292327.298110 4147335.574003 81.539726
292324.964779 4147356.319718 42.748668
292343.039747 4147339.648353 82.614905
292329.087610 4147342.999508 81.827227
292321.821371 4147266.129308 39.289289
292324.964779 4147356.319718 42.748668
292321.704596 4147257.162117 38.419127
292321.704596 4147257.162117 38.419127
292248.497979 4147334.046698 33.427808
292316.991534 4147307.043211 41.242445
292347.090022 4147311.762296 81.940905
292344.333031 4147267.122767 40.187652
292344.333031 4147267.122767 40.187652
292347.090022 4147311.762296 81.940905
292295.147116 4147302.297613 39.425625
292248.495517 4147333.847623 33.528211
292327.085469 4147349.282486 43.172631
292311.044226 4147363.877501 39.847680
292311.044226 4147363.877501 39.847680
292329.040868 4147335.488350 81.482864
292321.651986 4147256.032073 38.773364
292327.287503 4147335.258132 81.425176
292337.475177 4147318.891489 80.849341
292337.475177 4147318.891489 80.849341
292248.366047 4147334.235385 33.402590
292253.291404 4147262.303404 46.066252
292342.881827 4147315.900915 81.370231
292350.423621 4147287.267677 69.087598
292321.763998 4147265.855289 39.318030
292347.158078 4147309.180193 81.829084
292358.474140 4147255.525267 39.387772
292321.171206 4147302.440958 74.051931
292350.461761 4147287.403327 69.155733
292352.892406 4147335.793954 84.758333
292342.915118 4147333.655637 82.345603
292321.762596 4147266.276306 39.273321
292327.208785 4147330.887475 81.362699
292248.298185 4147332.784836 33.553055
292347.201910 4147307.967736 81.752674
292347.222355 4147320.627416 82.442161
292352.084926 4147256.544576 39.503055
292301.278446 4147326.718039 39.472701
292322.581025 4147328.082394 42.221019
292342.830432 4147309.047337 80.990133
292342.882591 4147333.755528 82.434438
292323.717596 4147256.805645 38.474203
292249.840411 4147266.352688 38.752325
292342.835985 4147313.373568 81.210878
292248.346645 4147330.942889 33.775371
292248.346645 4147330.942889 33.775371
292248.346645 4147330.942889 33.775371
292329.169740 4147342.880264 81.819887
292352.915430 4147311.543041 83.413607
292322.647049 4147316.828815 80.842592
292347.235229 4147309.251477 81.851067
292347.235668 4147309.082476 81.847481
292323.796583 4147261.499789 38.868794
292352.915430 4147311.543041 83.413607
292321.657098 4147261.811611 38.738628
292329.126829 4147337.631504 81.610943
292337.611511 4147330.053182 81.463613
292332.905119 4147314.130533 80.352645
292337.669658 4147341.758577 82.132919
292329.993571 4147276.392210 40.524707
292248.118164 4147332.114526 33.640524
292309.547813 4147272.996446 39.436421
292257.995151 4147263.751331 39.235508
292347.305744 4147315.029536 82.180766
292347.305051 4147306.012268 81.620353
292347.320275 4147306.311091 81.687043
292327.211785 4147334.616292 81.462216
292321.094861 4147302.545921 74.030333
292347.321049 4147309.356492 81.882669
292342.780345 4147333.668462 82.363635
292351.895451 4147256.492769 39.473119
292351.784281 4147265.936259 40.502904
292329.229760 4147342.759524 81.783567
292351.745852 4147266.545346 40.692675
292332.911003 4147319.930492 80.751031
292328.926701 4147309.711782 80.020298
292321.182271 4147308.682688 73.830751
292225.877636 4147292.115239 35.770625
292225.877636 4147292.115239 35.770625
292352.851912 4147308.859085 83.233010
292352.851912 4147308.859085 83.233010
292321.633668 4147265.779558 39.329707
292351.836470 4147256.283937 39.492969
292347.386272 4147314.945417 82.189076
292300.755806 4147270.334381 39.394530
292337.429470 4147311.368316 81.071841
292347.423626 4147305.387326 81.624896
292294.722495 4147300.488902 39.498321
292321.542986 4147261.044801 38.747546
292327.088487 4147327.164469 81.148183
292322.651751 4147312.439184 80.584486
292322.651751 4147312.439184 80.584486
292352.801324 4147326.891570 84.169770
292342.628585 4147316.104107 81.373994
292322.709358 4147316.707631 80.769807
292309.446196 4147272.872243 39.490572
292350.726277 4147290.065957 69.576354
292329.281609 4147342.624058 81.810732
292347.474346 4147305.624366 81.622655
292325.014979 4147323.139043 81.062506
292347.474346 4147305.624366 81.622655
292342.664042 4147338.684666 82.648636
292329.281609 4147342.624058 81.810732
292342.635999 4147325.335032 81.848052
292347.473250 4147310.041797 81.951794
292327.102465 4147329.797007 81.262717
292301.653441 4147326.012904 39.417932
292342.551221 4147307.734721 80.851397
292347.513017 4147332.573561 83.185270
292321.516662 4147261.531237 38.803028
292347.513017 4147332.573561 83.185270
292334.021568 4147297.604123 70.235923
292344.780917 4147293.537137 70.532434
292347.526816 4147327.270051 82.876410
292329.271781 4147339.413730 81.642649
292347.514078 4147309.169034 81.916602
292327.041010 4147327.272115 81.152410
292327.041010 4147327.272115 81.152410
292342.486564 4147307.872266 80.890468
292301.751115 4147326.474791 39.491150
292301.751115 4147326.474791 39.491150
292329.050664 4147315.546178 80.395911
292327.253585 4147301.071243 74.261300
292333.055063 4147344.594965 81.937394
292333.055063 4147344.594965 81.937394
292342.472859 4147307.486083 80.848293
292321.541164 4147265.958057 39.295609
292321.529535 4147265.540694 39.336251
292329.237283 4147336.607855 81.576780
292321.467921 4147261.236630 38.858930
292323.890505 4147258.024969 38.600320
292347.565942 4147333.483645 83.250113
292325.416427 4147290.869335 68.682147
292347.594987 4147338.136705 83.452756
292321.464311 4147261.676355 38.805341
292344.612269 4147265.912121 40.117157
292326.105651 4147277.762589 40.238217
292310.581216 4147352.055916 41.273255
292326.105651 4147277.762589 40.238217
292322.384956 4147330.360878 42.400357
292322.384956 4147330.360878 42.400357
292329.373207 4147344.118338 81.813997
292322.341877 4147328.105292 42.172686
292268.807959 4147322.680383 46.731836
292301.879590 4147327.405703 39.487709
292342.380914 4147307.543869 80.812735
292347.622264 4147315.970612 82.327258
292342.366591 4147307.833687 80.868864
292347.639309 4147314.198043 82.182161
292329.234947 4147332.201081 81.395086
292329.234947 4147332.201081 81.395086
292347.639309 4147314.198043 82.182161
292347.655689 4147326.973888 82.896623
292329.275810 4147335.399007 81.506121
292342.334278 4147307.664243 80.842833
292226.621709 4147292.087123 36.039643
292253.488861 4147261.110896 48.602490
292332.860669 4147326.941214 81.062868
292329.194701 4147326.681385 81.047468
292317.232336 4147304.455955 41.231884
292317.232336 4147304.455955 41.231884
292332.970145 4147340.475812 81.733931
292344.646531 4147263.266971 39.968085
292347.678562 4147335.152532 83.313146
292317.254546 4147305.385546 41.258463
292258.146071 4147304.184307 37.202050
292294.450589 4147298.994877 39.331605
292294.450589 4147298.994877 39.331605
292334.094095 4147299.352792 69.488304
292342.310167 4147307.511704 80.797834
292342.310167 4147307.511704 80.797834
292344.687702 4147264.504357 39.999750
292317.326776 4147309.903811 41.205585
292351.177643 4147268.149537 40.712342
292347.714954 4147314.838403 82.223464
292351.177643 4147268.149537 40.712342
292352.733266 4147303.979126 82.912433
292310.548407 4147360.757639 39.699681
292352.733266 4147303.979126 82.912433
292332.868653 4147331.408265 81.383440
292329.299737 4147334.043670 81.444544
292248.812340 4147262.212644 38.955175
292321.440404 4147267.189617 39.408064
292309.280812 4147274.021040 39.502581
292328.131169 4147353.456313 43.382519
292328.131169 4147353.456313 43.382519
292326.980113 4147253.953047 38.143044
292342.268075 4147307.354359 80.774644
292330.768297 4147363.365551 44.052540
292288.139948 4147255.994145 38.641996
292248.644987 4147262.398424 38.835304
292347.728851 4147310.019310 82.001450
292324.909765 4147339.919764 44.470982
292342.218857 4147307.065348 80.770742
292342.218857 4147307.065348 80.770742
292329.272249 4147328.635660 81.135851
292253.458414 4147260.745192 49.356515
292302.095741 4147327.347520 39.468025
292337.743026 4147323.047337 81.162079
292337.743026 4147323.047337 81.162079
292342.086540 4147317.847237 82.011170
292351.069865 4147267.796820 40.692526
292351.069865 4147267.796820 40.692526
292329.367177 4147338.149636 81.611446
292352.677377 4147308.193502 83.139551
292321.337926 4147262.411020 38.998524
292337.897625 4147345.339149 82.314026
292343.308104 4147348.673047 78.926275
292343.308104 4147348.673047 78.926275
292352.649896 4147325.969667 84.092661
292352.651029 4147325.969573 84.087139
292332.812019 4147331.320449 81.309335
292332.812019 4147331.320449 81.309335
292347.813700 4147326.869758 82.954720
292352.627318 4147335.317520 84.632406
292342.161700 4147306.865384 80.816375
292347.851515 4147338.134974 83.544124
292342.192285 4147314.587766 81.172354
292342.192285 4147314.587766 81.172354
292347.855344 4147316.476923 82.327319
292329.134518 4147310.209522 80.049619
292324.007564 4147260.274832 38.810486
292347.859544 4147314.802299 82.273815
292351.083156 4147256.886581 39.533296
292329.299598 4147329.009390 81.143648
292351.083156 4147256.886581 39.533296
292347.878246 4147331.865942 83.186425
292329.299598 4147329.009390 81.143648
292347.878246 4147331.865942 83.186425
292337.777552 4147323.163740 81.148462
292317.362961 4147306.354767 41.437934
292352.629609 4147303.883804 82.943778
292310.419695 4147360.941751 39.650641
292310.419695 4147360.941751 39.650641
292347.856852 4147307.606729 81.880194
292302.723354 4147346.153597 41.824612
292302.723354 4147346.153597 41.824612
292310.384948 4147360.681201 39.623931
292310.354197 4147352.201333 41.148719
292337.700684 4147272.390196 40.396435
292320.946797 4147309.024084 73.809157
292227.039394 4147293.441003 35.666276
292342.153057 4147324.479620 81.741997
292347.905902 4147326.813506 82.924031
292332.629046 4147314.118600 80.340750
292342.153057 4147324.479620 81.741997
292329.192136 4147315.209593 80.417106
292288.235434 4147254.209131 38.632935
292329.192136 4147315.209593 80.417106
292328.201913 4147353.287008 43.392226
292301.471962 4147270.402258 39.459641
292309.093112 4147273.760799 39.475967
292351.023101 4147255.680859 39.300750
292302.376951 4147331.675170 39.637456
292347.898181 4147304.991818 81.785208
292347.952348 4147338.107904 83.559308
292294.173584 4147297.323949 39.283346
292329.422571 4147338.483389 81.585232
292321.304377 4147267.128906 39.266330
292329.422398 4147337.526250 81.574973
292329.422398 4147337.526250 81.574973
292321.291947 4147266.704724 39.282026
292352.549905 4147335.798513 84.635555
292329.422398 4147337.526250 81.574973
292347.957160 4147337.090797 83.499215
292310.127240 4147343.132104 40.270334
292350.890907 4147268.305114 40.647927
292350.890907 4147268.305114 40.647927
292347.925488 4147306.266418 81.800536
292329.310141 4147325.543174 80.986795
292347.954478 4147326.964017 82.948148
292310.364739 4147363.083203 39.660827
292329.310141 4147325.543174 80.986795
292329.342780 4147328.553732 81.095650
292316.979253 4147276.637666 39.547521
292326.918292 4147329.097941 81.206529
292301.539820 4147270.712826 39.451623
292301.539820 4147270.712826 39.451623
292352.555009 4147327.295982 84.143949
292310.327812 4147361.103342 39.619756
292329.265927 4147320.877692 80.736473
292310.355751 4147363.097373 39.601898
292329.319840 4147326.504714 81.094124
292329.319840 4147326.504714 81.094124
292329.453470 4147338.390339 81.601108
292302.396900 4147315.352992 41.047787
292332.710032 4147331.305530 81.309711
292267.523513 4147324.643932 43.756202
292329.516394 4147343.932429 81.848266
292352.544242 4147319.275854 83.707474
292329.516394 4147343.932429 81.848266
292342.009308 4147306.465954 80.700142
292344.430684 4147286.367480 68.953855
292329.699602 4147299.987855 74.139162
292329.699602 4147299.987855 74.139162
292320.857246 4147307.250703 73.735031
292320.857246 4147307.250703 73.735031
292320.878880 4147308.761196 73.803588
292310.273075 4147360.904476 39.434913
292294.122874 4147297.061746 39.310333
292317.591695 4147315.829123 41.487196
292330.636288 4147362.879581 44.024567
292264.977196 4147258.902218 39.187575
292321.209816 4147264.322924 39.153005
292348.015901 4147326.743793 82.982329
292321.177967 4147262.693801 38.894353
292321.166705 4147261.765211 38.811327
292341.998400 4147314.633267 81.182488
292324.035875 4147256.724691 38.489058
292321.166705 4147261.765211 38.811327
292352.523403 4147311.692880 83.288866
292329.362420 4147326.619968 81.046295
292288.355029 4147255.549546 38.663224
292329.252037 4147313.824294 80.296088
292329.252037 4147313.824294 80.296088
292337.920998 4147330.319994 81.530756
292332.628970 4147326.087951 81.044397
292341.962482 4147307.353367 80.743941
292320.736425 4147300.369193 73.669888
292332.789473 4147344.463410 81.928410
292321.206965 4147266.158983 39.221246
292341.948251 4147307.956279 80.787307
292330.600193 4147363.092960 43.980242
292330.600193 4147363.092960 43.980242
292327.363423 4147290.417960 68.666999
292342.084442 4147342.193505 82.624765
292324.112277 4147261.408451 38.876580
292321.328841 4147280.498514 41.807207
292321.180183 4147265.795369 39.294434
292321.180183 4147265.795369 39.294434
292302.564647 4147329.613391 39.640736
292308.957935 4147273.876560 39.500447
292252.766470 4147260.584466 49.519703
292350.820279 4147255.521506 39.264061
292350.820279 4147255.521506 39.264061
292350.820279 4147255.521506 39.264061
292341.959097 4147314.543261 81.149073
292341.959097 4147314.543261 81.149073
292341.956192 4147315.057822 81.190150
292258.575351 4147308.112448 36.865853
292320.706549 4147300.723662 73.721381
292294.041179 4147297.232323 39.303938
292341.953053 4147316.260408 81.252817
292310.169007 4147353.034365 41.178467
292329.753033 4147299.903770 74.140457
292310.169007 4147353.034365 41.178467
292326.893400 4147333.054564 81.499967
292352.456576 4147328.385882 84.206959
292341.955634 4147314.325985 81.111294
292302.647446 4147332.787321 39.664063
292341.918034 4147310.714019 80.963991
292308.895922 4147272.125691 39.608475
292308.895922 4147272.125691 39.608475
292337.953076 4147329.892272 81.521765
292352.444301 4147336.366960 84.640867
292341.902735 4147307.268094 80.719149
292341.930197 4147314.401345 81.110461
292341.930197 4147314.401345 81.110461
292341.901192 4147310.238146 80.908887
292341.901192 4147310.238146 80.908887
292348.116949 4147314.738730 82.331870
292293.969524 4147296.975687 39.291538
292322.854424 4147312.652942 80.562392
292341.880872 4147308.373283 80.788877
292322.854424 4147312.652942 80.562392
292341.874162 4147307.792538 80.772980
292348.135350 4147326.253311 82.971670
292337.494887 4147272.197420 40.382655
292324.165130 4147262.455496 38.951553
292289.007471 4147280.876865 39.640119
292341.905857 4147314.697558 81.111855
292350.687845 4147257.359325 39.588869
292324.165130 4147262.455496 38.951553
292317.529387 4147305.797769 41.191233
292302.721991 4147332.638282 39.680129
292308.888715 4147274.548865 39.563922
292308.888715 4147274.548865 39.563922
292352.411363 4147335.829225 84.569920
292329.414264 4147326.533645 81.033740
292324.151260 4147261.305813 38.941175
292348.168444 4147326.756990 82.959083
292332.559370 4147325.806521 81.058941
292321.111677 4147265.529226 39.331523
292341.886596 4147316.368125 81.273243
292332.559370 4147325.806521 81.058941
292321.103651 4147265.670766 39.324932
292321.103651 4147265.670766 39.324932
292348.159460 4147332.436825 83.326243
292348.157513 4147309.386694 82.038926
292324.352563 4147277.235305 40.249434
292332.685258 4147341.335320 81.801800
292352.410230 4147327.211074 84.113235
292352.405134 4147334.355821 84.517500
292325.154428 4147338.989609 42.843648
292352.405134 4147334.355821 84.517500
292229.502290 4147257.042870 38.905785
292329.622971 4147345.198028 81.932910
292302.769522 4147330.389441 39.683652
292302.769522 4147330.389441 39.683652
292352.393028 4147328.486442 84.182713
292341.868083 4147314.466546 81.086502
292321.033240 4147261.207821 38.760263
292321.033240 4147261.207821 38.760263
292352.381108 4147336.303264 84.607275
292348.182859 4147309.842025 82.100347
292343.995055 4147290.928012 70.208871
292332.691997 4147344.370480 81.919940
292332.691997 4147344.370480 81.919940
292252.668340 4147260.174005 50.156903
292341.803335 4147309.238306 80.864316
292288.546168 4147255.886767 38.754894
292332.678303 4147344.214815 81.940504
292341.799218 4147309.711622 80.893037
292332.678303 4147344.214815 81.940504
292332.684665 4147344.715909 81.959918
292348.218672 4147309.705734 81.998133
292341.786076 4147307.738206 80.745620
292341.790294 4147309.096022 80.825470
292350.581605 4147256.220394 39.422390
292348.231931 4147326.538375 83.007574
292350.484290 4147268.747501 40.638856
292329.491225 4147276.557583 40.465119
292329.562990 4147336.815270 81.581790
292302.860156 4147331.432302 39.561460
292337.962805 4147323.917982 81.229061
292324.143186 4147256.654095 38.510704
292348.233055 4147311.019395 82.161092
292288.901826 4147276.109948 39.031493
292302.878194 4147329.803211 39.595227
292341.801038 4147321.766041 81.510933
292329.575489 4147336.507950 81.528653
292329.575489 4147336.507950 81.528653
292352.355959 4147303.927735 82.821516
292350.522988 4147256.019409 39.371629
292350.522988 4147256.019409 39.371629
292329.851677 4147299.955574 74.158537
292350.522988 4147256.019409 39.371629
292348.251873 4147308.659350 82.027771
292348.260322 4147305.695861 81.842821
292317.788002 4147315.742278 41.414261
292329.372565 4147313.988489 80.304895
292329.382291 4147314.928420 80.394266
292329.663448 4147344.469070 81.914225
292329.663448 4147344.469070 81.914225
292310.009562 4147362.606189 39.680866
292337.997263 4147323.636736 81.145712
292317.813588 4147315.960067 41.415572
292341.715957 4147309.165133 80.819636
292303.015001 4147331.515684 39.603852
292324.238857 4147262.714658 38.980436
292308.713242 4147273.893344 39.522845
292308.713242 4147273.893344 39.522845
292303.046232 4147333.494588 39.572966
292329.441302 4147320.834839 80.755122
292329.441302 4147320.834839 80.755122
292293.794363 4147296.775624 39.447505
292303.046232 4147333.494588 39.572966
292293.794363 4147296.775624 39.447505
292348.280507 4147309.839603 82.130813
292341.712022 4147311.036147 80.919044
292303.063391 4147331.004209 39.799683
292321.000640 4147265.984765 39.265262
292317.266027 4147277.691282 39.490664
292330.397087 4147358.595685 43.709570
292317.266027 4147277.691282 39.490664
292324.239502 4147261.197726 38.908459
292309.910125 4147358.756468 39.642031
292348.343508 4147309.550850 82.089777
292348.337142 4147309.343422 82.121066
292348.357078 4147320.357133 82.664918
292348.357078 4147320.357133 82.664918
292320.935635 4147263.233618 38.959377
292329.706461 4147344.625064 81.895660
292348.372952 4147321.318607 82.744380
292348.372952 4147321.318607 82.744380
292320.923999 4147262.803646 38.886571
292320.923999 4147262.803646 38.886571
292320.954841 4147265.776293 39.375745
292352.313882 4147327.099730 84.061291
292324.220206 4147257.528873 38.545251
292341.737438 4147340.637375 82.536064
292332.539528 4147339.695549 81.696619
292317.884613 4147315.835453 41.445650
292329.428228 4147314.253952 80.339113
292348.375264 4147305.459955 81.866194
292329.539103 4147326.496609 81.050732
292332.505289 4147336.841506 81.593005
292348.401253 4147339.695384 83.781622
292332.406142 4147325.845444 81.039318
292332.406142 4147325.845444 81.039318
292317.737326 4147305.845754 41.262267
292341.622422 4147310.997509 80.919233
292321.799605 4147328.176269 42.060128
292348.419513 4147332.731984 83.396404
292350.320459 4147256.113766 39.358626
292288.656169 4147255.718947 38.744416
292309.882309 4147361.708852 39.491314
292322.944245 4147312.142353 80.491235
292303.024742 4147314.337657 39.959720
292303.024742 4147314.337657 39.959720
292333.479425 4147298.130209 70.224089
292332.542981 4147344.107849 81.970010
292329.745517 4147345.187999 81.921269
292324.231811 4147257.005776 38.486751
292329.745609 4147344.411030 81.860558
292252.204689 4147259.961015 50.578218
292321.763590 4147327.976315 42.116858
292348.483234 4147321.345172 82.738033
292348.483234 4147321.345172 82.738033
292261.286570 4147340.904968 41.205217
292348.489236 4147312.167584 82.266094
292329.579650 4147327.460036 81.078119
292341.534090 4147306.851753 80.668825
292303.338732 4147332.789452 39.667560
292332.484593 4147339.779609 81.689238
292294.208636 4147304.934495 42.762139
292329.629347 4147332.265805 81.388445
292324.241361 4147256.507873 38.519663
292329.476374 4147314.367353 80.340736
292303.386957 4147333.055246 39.702372
292264.685918 4147258.002559 39.638003
292327.239633 4147253.847774 38.064307
292259.556437 4147261.137597 39.296699
292259.556437 4147261.137597 39.296699
292342.760130 4147302.559334 74.893512
292320.740050 4147256.498854 38.447381
292309.768568 4147358.676517 39.568375
292327.154641 4147290.464796 68.631725
292320.740050 4147256.498854 38.447381
292352.279290 4147329.457663 84.147145
292325.401614 4147299.349758 73.813677
292326.716047 4147333.084684 81.508549
292348.503380 4147326.907859 83.105590
292288.699756 4147255.976069 38.713631
292329.493155 4147314.979899 80.386248
292309.805643 4147361.873804 39.536017
292293.617194 4147299.692178 39.795850
292352.269776 4147305.155662 82.844078
292341.503826 4147310.295773 80.876496
292324.373530 4147291.116340 68.724078
292338.080274 4147323.684358 81.205856
292350.182687 4147255.960313 39.335965
292350.182687 4147255.960313 39.335965
292329.505532 4147314.790956 80.373984
292352.236833 4147327.033262 84.019931
292259.610375 4147260.989939 39.342565
292352.219241 4147336.143359 84.537730
292259.610375 4147260.989939 39.342565
292303.445331 4147332.680147 39.665491
292303.445331 4147332.680147 39.665491
292338.079503 4147323.947613 81.246206
292338.138826 4147329.686341 81.492961
292341.486309 4147306.733755 80.643276
292338.138826 4147329.686341 81.492961
292350.142680 4147257.623993 39.570036
292332.446030 4147340.559168 81.667833
292309.544367 4147342.449587 40.236198
292329.502959 4147313.831556 80.270237
292350.142680 4147257.623993 39.570036
292320.707957 4147255.037479 38.259166
292337.056758 4147275.957159 41.220382
292337.056758 4147275.957159 41.220382
292321.672370 4147325.921189 41.961099
292321.067157 4147281.854832 39.611145
292352.229461 4147311.744641 83.232144
292348.543766 4147334.496756 83.504500
292341.587973 4147340.404081 82.469340
292325.643287 4147256.145839 38.481115
292348.543766 4147334.496756 83.504500
292348.543766 4147334.496756 83.504500
292332.417625 4147344.228778 82.038744
292329.512268 4147313.728526 80.305443
292309.635170 4147348.278083 41.028907
292341.567508 4147341.034866 82.502630
292341.567508 4147341.034866 82.502630
292332.418243 4147343.567418 81.885519
292341.567508 4147341.034866 82.502630
292325.321578 4147327.615918 81.287982
292332.414392 4147343.450076 81.879448
292303.543925 4147332.818929 39.675181
292303.543925 4147332.818929 39.675181
292303.331950 4147314.880349 40.015979
292352.203301 4147313.742715 83.366950
292308.723420 4147290.771112 40.334582
292348.584053 4147326.714380 83.086394
292288.755822 4147256.216464 38.606174
292288.755822 4147256.216464 38.606174
292308.427309 4147274.327756 39.610488
292341.422633 4147310.815983 80.875587
292303.619874 4147336.743642 39.594179
292329.788951 4147340.224160 81.648097
292320.669895 4147255.727698 38.289666
292338.133416 4147324.237002 81.262129
292341.503448 4147340.206005 82.525860
292320.756155 4147263.104454 38.877196
292348.601587 4147326.901886 83.102292
292341.528001 4147343.097617 82.592735
292302.598059 4147260.350433 40.022821
292308.385465 4147273.872393 39.533031
292293.382847 4147295.127755 39.453969
292341.376431 4147306.524903 80.637686
292329.727413 4147334.362317 81.421478
292329.727413 4147334.362317 81.421478
292332.415040 4147345.339527 81.937244
292341.497304 4147344.522003 82.725769
292349.945250 4147257.646315 39.613019
292352.136041 4147334.450444 84.430220
292336.962272 4147276.125899 41.249237
292309.412182 4147342.447264 40.289158
292288.817483 4147255.803712 38.734167
292329.659839 4147327.809373 81.119263
292293.277964 4147291.418728 39.290924
292324.374566 4147261.246027 38.915666
292337.014228 4147272.298287 40.277003
292341.317250 4147306.371026 80.663901
292341.327971 4147310.523477 80.881214
292308.391050 4147275.349705 39.602248
292308.391050 4147275.349705 39.602248
292329.817254 4147342.159510 81.770122
292326.663404 4147333.201393 81.444433
292303.737881 4147336.638235 39.509212
292303.737881 4147336.638235 39.509212
292293.322258 4147294.858611 39.361889
292348.651528 4147309.531055 82.143086
292348.666087 4147340.863256 83.880031
292317.555734 4147277.989348 39.480188
292325.422872 4147342.063131 42.765614
292324.400433 4147262.126642 38.996760
292324.400433 4147262.126642 38.996760
292338.265324 4147340.871070 82.117832
292349.879019 4147257.875494 39.559217
292349.879019 4147257.875494 39.559217
292345.299020 4147263.871964 40.077427
292332.172667 4147325.701127 81.076230
292349.875926 4147257.174990 39.505348
292338.294333 4147345.124368 82.370755
292332.334369 4147343.488042 81.868255
292348.700579 4147331.522573 83.360040
292338.294333 4147345.124368 82.370755
292348.697624 4147326.705172 83.141558
292288.837383 4147256.078941 38.653821
292341.297651 4147310.487421 80.865198
292352.125645 4147333.910615 84.371091
292325.347352 4147327.785170 81.294106
292329.867961 4147345.816920 81.968291
292329.867961 4147345.816920 81.968291
292352.108336 4147326.778937 83.994965
292328.490968 4147355.285931 43.370678
292328.490968 4147355.285931 43.370678
292320.570150 4147254.460801 38.033214
292320.570150 4147254.460801 38.033214
292332.284603 4147340.255049 81.714063
292318.099587 4147313.175402 41.409770
292352.109881 4147313.763365 83.296514
292348.697986 4147331.686811 83.393597
292348.697986 4147331.686811 83.393597
292308.546726 4147288.196020 40.431082
292332.302687 4147344.232527 81.918777
292332.319141 4147345.282834 81.892202
292332.051181 4147315.265027 80.416041
292332.051181 4147315.265027 80.416041
292329.769677 4147334.634307 81.412944
292303.848359 4147337.779886 39.489583
292303.848359 4147337.779886 39.489583
292324.337005 4147253.937911 38.205362
292321.549283 4147326.099525 42.038574
292324.050186 4147322.116839 81.063983
292326.701205 4147347.240831 43.207377
292324.428363 4147262.389325 38.929790
292303.848074 4147334.759164 39.674113
292349.776715 4147257.036277 39.471751
292324.369839 4147257.283918 38.643951
292293.998149 4147304.716879 43.014761
292320.568216 4147255.819933 38.377644
292320.708682 4147266.052777 39.236911
292348.736507 4147326.163350 83.091376
292348.736507 4147326.163350 83.091376
292320.336646 4147299.992583 73.517114
292352.055319 4147332.591154 84.294354
292320.336646 4147299.992583 73.517114
292325.446854 4147341.691193 42.705834
292321.521991 4147325.832939 42.031164
292352.049069 4147327.144740 83.995393
292321.521991 4147325.832939 42.031164
292352.049069 4147327.144740 83.995393
292320.554673 4147255.635226 38.278848
292230.126434 4147294.223663 35.730721
292318.150421 4147313.396202 41.320555
292348.743588 4147326.252970 83.132229
292303.920242 4147334.985091 39.685458
292352.064137 4147307.937247 82.968694
292320.533957 4147253.639877 37.944103
292332.118770 4147333.195374 81.557667
292332.118770 4147333.195374 81.557667
292329.976904 4147305.291670 75.832926
292328.514283 4147355.407624 43.381981
292348.732827 4147331.562138 83.439684
292338.344162 4147344.609214 82.351953
292338.344162 4147344.609214 82.351953
292251.465827 4147259.733392 51.106706
292251.465827 4147259.733392 51.106706
292317.481983 4147267.401266 39.214790
292317.481983 4147267.401266 39.214790
292352.051279 4147332.886194 84.301789
292352.051279 4147332.886194 84.301789
292348.776098 4147341.157832 83.902730
292352.051279 4147332.886194 84.301789
292308.220925 4147275.128578 39.575113
292308.220925 4147275.128578 39.575113
292329.697395 4147325.128495 80.991247
292320.810953 4147279.581256 41.826084
292348.792246 4147340.821632 83.908923
292225.790933 4147371.713496 26.513918
292225.790933 4147371.713496 26.513918
292330.173110 4147358.240480 43.594170
292338.242844 4147324.100332 81.220755
292303.974496 4147335.321785 39.670028
292348.797589 4147321.972551 82.852358
292348.804378 4147333.854022 83.505007
292293.166440 4147293.770179 39.377537
292341.167765 4147311.531076 80.914945
292348.804983 4147338.809345 83.816417
292259.938680 4147260.371626 39.163858
292330.129936 4147300.442340 74.058825
292348.802245 4147325.827612 83.103718
292348.802245 4147325.827612 83.103718
292329.728091 4147325.943390 80.995695
292308.266024 4147266.889954 43.130352
292341.299291 4147344.075969 82.581255
292348.810058 4147340.926099 83.917473
292341.154714 4147310.592630 80.822021
292317.718518 4147278.286228 39.456249
292317.718780 4147278.144677 39.467053
292317.718780 4147278.144677 39.467053
292332.071851 4147331.300110 81.272800
292226.071551 4147371.748501 26.575591
292320.635260 4147266.370310 39.437308
292304.016763 4147335.559691 39.544802
292304.016763 4147335.559691 39.544802
292329.892044 4147340.190212 81.582330
292260.075983 4147261.126676 39.313344
292343.396260 4147297.808436 69.886489
292264.115592 4147329.028632 47.355123
292329.803540 4147333.202227 81.416191
292351.996507 4147315.150430 83.366029
292351.996507 4147315.150430 83.366029
292320.510107 4147257.851766 38.545916
292317.568748 4147266.783426 39.149770
292332.127193 4147339.507723 81.674588
292351.983877 4147328.413896 84.044192
292331.998439 4147325.727970 81.025682
292331.998439 4147325.727970 81.025682
292324.397578 4147254.705049 38.254816
292309.319323 4147359.944541 39.508321
292309.319323 4147359.944541 39.508321
292348.866376 4147340.551265 83.923430
292345.484684 4147262.542391 39.842403
292345.484684 4147262.542391 39.842403
292338.395628 4147341.488491 82.186148
292348.869855 4147340.699859 83.963078
292341.093330 4147311.266441 80.898340
292325.503414 4147341.939913 42.749677
292293.774027 4147340.904124 39.689280
292293.774027 4147340.904124 39.689280
292329.919333 4147342.205663 81.796688
292321.443776 4147326.261536 42.137018
292320.596052 4147266.162951 39.305961
292348.891048 4147340.983143 83.941539
292318.285777 4147312.802840 41.313396
292325.413616 4147327.688001 81.281470
292348.896083 4147321.332052 82.834855
292320.441169 4147255.093352 38.175094
292351.939474 4147327.379268 83.988079
292348.898160 4147326.299004 83.139353
292351.925231 4147335.265630 84.422495
292332.099499 4147342.074329 81.821842
292351.925231 4147335.265630 84.422495
292351.948472 4147332.968309 84.259020
292351.948472 4147332.968309 84.259020
292304.150060 4147336.133141 39.414003
292304.150060 4147336.133141 39.414003
292348.913991 4147321.776919 82.860035
292332.052253 4147339.584303 81.706929
292339.370983 4147271.139122 40.355675
292272.580165 4147292.481162 41.343363
292361.278259 4147304.287519 85.809725
292271.680606 4147334.322317 36.797954
292271.680606 4147334.322317 36.797954
292335.996529 4147340.959737 81.951354
292335.822916 4147315.495027 80.565004
292313.983190 4147368.919792 40.210852
292408.791205 4147273.419421 45.263777
292357.568253 4147332.493433 86.143208
292379.801580 4147274.800385 42.924032
292279.035982 4147330.339535 37.988817
292344.106327 4147321.408143 81.866017
292344.106327 4147321.408143 81.866017
292274.250820 4147369.792453 33.442441
292344.076914 4147311.126301 81.309712
292335.942410 4147340.787623 81.977006
292278.935854 4147330.088439 37.993032
292344.159785 4147339.313189 82.813844
292275.114329 4147320.581888 48.812929
292356.312166 4147268.447506 41.274293
292335.796966 4147325.082501 81.120868
292324.673993 4147299.063376 73.689109
292333.862130 4147343.067883 81.937600
292333.756303 4147330.433907 81.324327
292345.923867 4147309.830555 81.587623
292353.559436 4147325.208568 84.344375
292357.994568 4147294.354677 70.346012
292357.994568 4147294.354677 70.346012
292323.190537 4147255.915846 38.690644
292341.946761 4147266.662475 40.052275
292357.354843 4147330.452589 85.858311
292341.946761 4147266.662475 40.052275
292410.578098 4147267.567116 44.293779
292353.550368 4147330.739661 84.620164
292313.045348 4147291.862170 40.510786
292313.045348 4147291.862170 40.510786
292353.550368 4147330.739661 84.620164
292315.748502 4147275.797739 39.559675
292362.688663 4147293.246528 70.622051
292388.276314 4147341.043646 55.828474
292251.014073 4147338.418705 33.236485
292251.014073 4147338.418705 33.236485
292322.395534 4147260.930853 38.700372
292361.515594 4147311.850054 86.442395
292361.515594 4147311.850054 86.442395
292323.467956 4147276.822239 40.027660
292357.182244 4147330.655434 85.853665
292335.635477 4147310.666350 80.317689
292393.748512 4147273.885919 43.403834
292357.279314 4147305.763188 84.432268
292357.279314 4147305.763188 84.432268
292357.154472 4147330.580839 85.827879
292333.814055 4147341.701725 81.843888
292388.178236 4147340.794411 55.479015
292219.182915 4147339.472542 30.159468
292313.148688 4147291.448170 40.556698
292379.710525 4147282.015880 44.755601
292333.795880 4147342.633582 81.941205
292296.444999 4147310.594791 39.587541
292357.064284 4147325.730989 85.568938
292327.680117 4147337.125102 81.561265
292393.530543 4147273.398066 43.273568
292393.530543 4147273.398066 43.273568
292328.485062 4147334.701551 81.464807
292380.450329 4147277.156920 43.110517
292356.974705 4147334.057723 86.002512
292323.314423 4147263.889387 39.276785
292299.082243 4147310.554183 39.543806
292299.082243 4147310.554183 39.543806
292312.180901 4147367.946879 39.702478
292322.335853 4147257.361137 38.280434
292322.335853 4147257.361137 38.280434
292346.046831 4147327.053873 82.575036
292337.002924 4147330.121924 81.445790
292343.950487 4147306.778418 81.025452
292310.785080 4147274.095124 39.406430
292409.584183 4147289.295980 48.022748
292361.639867 4147314.295352 86.669028
292338.974512 4147270.866623 40.404641
292252.459511 4147264.584954 38.968972
292252.459511 4147264.584954 38.968972
292393.275418 4147273.681696 43.356780
292393.275418 4147273.681696 43.356780
292335.782136 4147345.408339 82.060881
292380.220682 4147286.850251 44.217028
292312.999640 4147273.072541 41.386378
292321.653826 4147300.578318 73.754206
292321.653826 4147300.578318 73.754206
292327.657007 4147336.679581 81.559237
292322.428122 4147267.150476 39.365500
292313.291593 4147292.031631 40.580324
292356.911344 4147325.157054 85.416353
292380.348627 4147279.868528 43.826570
292335.702846 4147340.789155 81.938585
292250.794875 4147339.522579 33.166898
292356.911344 4147325.157054 85.416353
292327.831122 4147304.289335 74.451939
292335.637252 4147330.587403 81.353186
292283.775006 4147331.372875 38.407035
292356.880655 4147322.204402 85.249251
292347.602805 4147345.406029 78.351598
292327.648820 4147337.155688 81.609500
292335.510805 4147315.217314 80.571582
292274.806889 4147255.511084 39.353992
292380.198043 4147285.957861 44.578834
292353.520595 4147325.366475 84.322875
292356.859620 4147324.995478 85.342355
292298.616805 4147269.737868 39.375851
292361.507944 4147298.672596 72.175776
292392.879266 4147273.988612 43.438355
292343.909710 4147310.581411 81.260918
292335.483430 4147310.205615 80.243142
292278.419300 4147327.109711 38.085691
292343.659828 4147273.838269 40.706249
292403.371605 4147351.872406 59.928727
292353.515874 4147312.294029 83.669633
292403.371605 4147351.872406 59.928727
292328.512571 4147334.815738 81.507179
292356.784845 4147322.229915 85.208744
292356.691810 4147333.479262 85.874727
292387.542630 4147340.538241 55.305824
292299.223614 4147307.230573 39.620713
292299.223614 4147307.230573 39.620713
292316.061569 4147290.016258 40.577558
292331.311300 4147359.866363 45.809127
292361.867242 4147312.125264 86.603660
292361.867242 4147312.125264 86.603660
292361.869888 4147312.735616 86.641385
292346.204868 4147326.619105 82.579932
292361.823587 4147317.959887 86.934346
292392.668556 4147273.460938 43.290814
292392.579699 4147274.394542 43.417414
292335.509970 4147326.295438 81.148991
292338.575786 4147299.730813 70.604282
292341.554750 4147267.726424 40.159375
292361.841288 4147319.661984 87.068249
292278.239780 4147308.025286 38.583644
292380.781544 4147279.097968 43.570788
292380.467910 4147286.216977 44.539309
292356.659136 4147323.179458 85.239213
292335.498584 4147326.166663 81.122926
292278.308749 4147335.969792 37.553453
292361.975533 4147312.671456 86.630623
292366.840857 4147333.670589 93.094863
292361.989065 4147309.844920 86.498363
292219.244070 4147343.243125 29.605150
292335.373517 4147308.072554 80.086627
292361.971936 4147319.567304 87.015570
292356.633796 4147323.029533 85.174710
292324.682210 4147321.941833 81.013208
292313.464587 4147289.855570 40.616361
292362.096734 4147309.892455 86.458993
292324.730791 4147325.308247 81.195049
292362.058950 4147314.023598 86.740511
292391.966700 4147272.097171 43.051464
292346.248401 4147328.779889 82.723019
292250.641502 4147336.404145 33.384179
292356.605060 4147324.210985 85.243411
292356.605060 4147324.210985 85.243411
292343.824826 4147315.814850 81.529109
292356.527126 4147332.961831 85.792161
292356.527126 4147332.961831 85.792161
292356.558618 4147328.455044 85.482317
292356.553715 4147323.903820 85.240200
292250.619999 4147336.018297 33.384231
292346.254770 4147332.049420 82.871263
292380.654880 4147283.456651 44.733759
292380.654880 4147283.456651 44.733759
292346.262135 4147329.251399 82.709890
292328.357554 4147315.904098 80.487062
292269.670051 4147365.128481 33.307296
292356.501989 4147321.025331 85.056314
292356.467564 4147329.260945 85.522705
292316.314114 4147302.623564 41.115165
292287.337193 4147267.501605 38.878332
292337.031604 4147323.856803 81.157957
292299.343941 4147307.532047 39.625345
292348.466438 4147294.679115 72.715475
292323.368343 4147262.428016 38.961795
292356.466224 4147323.389320 85.159132
292356.472496 4147314.803849 84.736575
292341.405259 4147267.690369 40.242132
292362.256187 4147301.541285 86.062466
292278.114620 4147332.209025 37.720452
292338.829658 4147271.723285 40.502156
292362.251496 4147310.063872 86.581992
292362.098237 4147327.769422 87.599349
292346.285894 4147335.318213 83.067730
292362.336460 4147301.742978 86.038208
292332.562141 4147365.951931 46.938974
292356.416706 4147321.008442 85.012682
292205.841882 4147348.841484 27.554666
292298.830537 4147270.265134 39.402181
292367.519664 4147331.465989 90.344958
292278.054325 4147326.920854 38.046255
292335.218073 4147309.713656 80.217580
292362.223605 4147322.265006 87.349834
292356.281311 4147331.056263 85.614762
292314.757900 4147361.630059 40.631795
292333.569960 4147330.828246 81.305555
292362.282990 4147321.955183 87.327121
292362.305637 4147320.949226 87.255178
292362.305637 4147320.949226 87.255178
292313.511307 4147273.228295 41.396528
292219.433946 4147344.639100 29.452259
292219.433946 4147344.639100 29.452259
292358.884146 4147349.463331 79.433530
292250.295158 4147340.319295 33.018518
292335.269226 4147325.355248 81.089319
292381.147574 4147284.808932 44.761252
292338.782990 4147271.312058 40.477155
292341.218293 4147267.151953 40.140190
292277.953114 4147332.175125 37.776443
292362.350411 4147321.303502 87.353021
292362.446312 4147312.465554 86.874575
292316.401727 4147304.537307 41.177196
292356.191514 4147317.062359 84.743676
292362.460236 4147312.651928 86.886925
292346.180405 4147290.563858 70.206673
292343.737126 4147317.657790 81.670079
292337.323625 4147335.671429 80.865884
292337.323625 4147335.671429 80.865884
292337.323625 4147335.671429 80.865884
292356.188258 4147316.933903 84.705229
292336.610547 4147299.837461 70.525687
292327.574487 4147335.690312 81.542064
292278.477892 4147322.955365 47.788038
292207.942295 4147340.388799 29.096606
292269.102025 4147367.215068 32.752256
292270.060145 4147280.683911 39.129671
292331.446877 4147363.206959 44.179464
292250.230885 4147338.675804 33.089778
292250.230885 4147338.675804 33.089778
292310.534179 4147274.057842 39.428081
292284.849995 4147328.655387 39.008959
292266.431677 4147258.503599 39.175142
292362.599598 4147312.282465 86.873177
292310.530743 4147274.544009 39.485283
292322.198864 4147259.946998 38.630849
292314.899937 4147361.520309 40.676130
292333.378224 4147308.328686 80.011183
292266.179300 4147337.976937 35.493430
292208.145569 4147340.620604 28.957856
292353.382177 4147328.241304 84.469934
292361.172683 4147282.075862 69.720480
292356.046936 4147325.106916 85.093596
292335.167915 4147324.976030 81.052556
292381.946611 4147284.879894 44.210138
292251.785545 4147264.285955 38.826066
292251.785545 4147264.285955 38.826066
292333.619991 4147342.057768 81.897458
292343.699838 4147315.406888 81.520486
292355.962990 4147329.408603 85.354824
292366.760887 4147334.782380 90.230844
292382.183109 4147284.310795 43.955428
292208.306424 4147342.627818 28.745521
292362.643897 4147332.868966 88.198428
292208.487506 4147340.943423 29.016118
292328.619105 4147335.104194 81.448946
292355.928623 4147324.611030 85.073839
292335.058160 4147313.778040 80.510565
292314.081714 4147296.966482 40.800662
292314.081714 4147296.966482 40.800662
292335.252119 4147343.491600 82.077274
292387.253976 4147316.930984 49.638530
292355.884391 4147335.488816 85.644691
292324.382335 4147336.921025 42.575862
292311.610988 4147348.964918 40.403923
292311.610988 4147348.964918 40.403923
292343.812540 4147264.739699 40.038058
292343.822491 4147271.039415 40.530953
292343.816758 4147270.034884 40.517665
292362.692461 4147332.945467 88.226220
292250.132345 4147338.803119 33.133980
292355.896158 4147324.704613 85.063566
292355.800880 4147338.808802 85.890767
292355.796698 4147338.902343 85.911126
292322.177698 4147261.369704 38.876599
292389.521938 4147279.948506 43.607848
292251.665314 4147276.117590 38.405094
292323.088738 4147330.194456 42.412376
292322.227154 4147265.880053 39.427434
292323.428244 4147262.643876 38.941655
292269.626763 4147334.553006 36.550416
292323.428244 4147262.643876 38.941655
292250.117386 4147338.588108 33.200395
292327.553448 4147334.735494 81.479523
292387.040012 4147316.717749 49.609302
292355.770516 4147339.532405 85.926860
292277.511810 4147307.314904 38.419151
292323.106461 4147332.264723 42.483501
292355.756551 4147339.013209 85.849035
292355.756551 4147339.013209 85.849035
292335.215541 4147343.349462 81.993865
292323.106461 4147332.264723 42.483501
292355.832605 4147324.053754 84.943523
292343.633588 4147310.453676 81.210200
292343.640605 4147315.707036 81.511680
292363.056899 4147315.307450 87.216853
292268.682173 4147366.137469 32.623846
292355.788298 4147324.213478 84.989492
292285.120463 4147354.007406 37.095837
292386.846202 4147315.922091 49.566148
292209.290079 4147339.136693 29.230347
292209.290079 4147339.136693 29.230347
292363.105969 4147316.334694 87.357670
292340.837900 4147274.726559 41.408092
292314.474800 4147314.024520 41.102636
292336.527520 4147290.912020 68.809830
292285.116497 4147351.526600 37.169574
292269.480331 4147334.023057 36.462437
292355.742411 4147339.691166 85.810632
292355.808483 4147314.797538 84.468977
292389.086834 4147277.436448 43.583751
292333.619547 4147346.327219 82.050855
292363.191211 4147316.370043 87.392118
292355.794598 4147318.110684 84.615147
292355.794598 4147318.110684 84.615147
292316.451543 4147303.245890 40.993970
292355.707338 4147324.848249 85.105701
292269.295418 4147340.799504 35.782126
292389.046206 4147280.440716 43.610577
292333.468301 4147328.915944 81.227297
292355.709783 4147327.555920 85.179927
292269.376771 4147334.664157 36.402047
292383.938253 4147266.383601 41.695968
292366.345163 4147331.835034 89.809945
292334.939969 4147318.240467 80.627704
292355.728748 4147318.650162 84.636104
292355.623623 4147339.415885 85.845013
292326.421798 4147279.489308 40.390743
292314.477940 4147306.203308 42.400202
292334.910618 4147315.161379 80.507828
292271.827132 4147315.498232 44.642899
292214.670766 4147262.003659 37.558502
292366.252623 4147332.185076 89.927139
292323.032216 4147329.283983 42.510828
292328.690687 4147337.165795 81.593233
292355.645465 4147323.237466 84.898414
292355.645465 4147323.237466 84.898414
292369.712163 4147262.469850 44.976958
292363.552908 4147308.820513 87.055290
292369.712163 4147262.469850 44.976958
292366.336226 4147324.579510 89.334935
292368.840813 4147343.907248 77.266018
292388.774913 4147280.492870 43.611946
292269.222157 4147335.216839 36.292126
292355.617058 4147323.857033 84.923796
292355.617058 4147323.857033 84.923796
292355.557447 4147338.916257 85.743311
292363.425051 4147327.539613 88.246567
292343.876420 4147269.279737 40.405618
292386.062548 4147319.007461 50.152807
292343.586895 4147317.511561 81.587516
292355.631458 4147313.795097 84.379516
292334.971035 4147331.909146 81.445943
292322.188192 4147266.307913 39.295858
292346.549296 4147333.085411 83.019667
292368.906181 4147345.462521 77.495906
292368.906181 4147345.462521 77.495906
292363.478577 4147329.175457 88.350300
292355.564932 4147323.371858 84.868731
292363.502221 4147327.529098 88.287281
292363.502221 4147327.529098 88.287281
292322.304547 4147276.414575 40.007261
292363.527128 4147328.824446 88.347433
292269.367401 4147277.509466 39.203599
292355.565066 4147303.291688 83.736745
292295.804283 4147304.491024 39.354560
292277.188876 4147307.166380 38.507459
292321.492541 4147303.429285 74.055253
292352.964238 4147272.783488 41.159888
292384.431248 4147269.506287 42.364794
292334.878412 4147328.809193 81.245137
292355.448097 4147316.964341 84.509374
292224.323333 4147260.130775 38.007721
292296.466321 4147327.984500 41.764320
292333.423911 4147325.496132 81.024070
292355.432411 4147316.786108 84.418020
292284.586333 4147256.150561 38.573387
292346.581576 4147306.720059 81.508017
292355.403898 4147323.218843 84.787702
292346.629657 4147336.390397 83.131118
292334.955176 4147342.249317 81.910438
292334.848160 4147328.906852 81.278773
292334.726437 4147311.910139 80.339840
292334.726437 4147311.910139 80.339840
292316.697195 4147317.138203 41.231743
292334.782945 4147322.786951 80.951196
292387.953147 4147279.603580 43.957141
292265.999351 4147339.007456 35.330732
292288.480820 4147355.755649 37.511125
292288.480820 4147355.755649 37.511125
292299.973300 4147314.077402 39.521925
292355.375525 4147307.254982 83.961281
292216.133630 4147262.383771 37.693681
292321.565746 4147308.494043 73.851162
292210.701775 4147349.155006 28.112974
292249.773856 4147335.851920 33.375086
292338.651237 4147270.552350 40.231770
292316.727504 4147316.958497 41.287360
292365.830830 4147330.487400 89.448197
292333.443655 4147331.166199 81.306475
292353.343338 4147307.019374 83.279077
292327.271617 4147349.221925 43.181124
292285.720809 4147354.836132 37.105978
292285.720809 4147354.836132 37.105978
292334.760289 4147322.596159 80.850809
292334.760289 4147322.596159 80.850809
292355.292562 4147323.841763 84.802805
292358.950901 4147349.560730 76.208551
292216.373732 4147262.296618 37.638878
292314.790026 4147306.642769 42.330291
292369.449695 4147345.167043 77.576622
292327.483006 4147335.703464 81.559645
292353.284677 4147327.206064 84.418012
292355.262665 4147307.905291 83.919812
292268.694056 4147341.063945 35.693384
292346.649277 4147310.097326 81.715368
292322.077632 4147261.847915 38.858426
292321.541154 4147307.954674 73.802555
292346.034171 4147293.821147 69.724852
292355.215952 4147325.060278 84.803356
292355.231927 4147311.520436 84.096874
292358.877728 4147349.383679 76.131285
292265.967064 4147337.929194 35.398078
292295.115174 4147264.917584 39.269748
292275.662251 4147369.221086 33.770487
292275.662251 4147369.221086 33.770487
292364.167943 4147324.689201 88.319104
292346.711595 4147336.922315 83.238303
292323.275543 4147350.804993 42.371220
292353.309961 4147311.277165 83.519442
292300.278458 4147324.036963 39.550407
292276.860359 4147307.218121 38.486250
292355.097773 4147324.865303 84.786794
292343.419992 4147316.255598 81.482178
292346.740905 4147337.429905 83.206115
292276.236250 4147305.979571 38.512941
292364.249149 4147332.817888 88.848907
292276.797264 4147307.734515 38.425052
292387.855938 4147270.140984 42.318689
292387.855938 4147270.140984 42.318689
292364.265244 4147332.924500 88.898731
292346.738796 4147336.645087 83.214536
292314.968913 4147307.490981 41.018814
292314.968913 4147307.490981 41.018814
292252.427070 4147284.119317 41.187281
292340.345863 4147269.121101 40.335040
292268.489849 4147337.285838 35.900277
292314.900242 4147302.139588 41.079279
292256.713729 4147298.866826 37.388207
292354.965956 4147324.300596 84.725777
292353.302274 4147307.231950 83.265348
292334.650645 4147327.238797 81.138114
292359.797508 4147292.245896 70.205118
292359.797508 4147292.245896 70.205118
292337.333558 4147341.531960 82.121173
292354.972384 4147313.136160 84.148910
292346.757461 4147326.309004 82.642859
292359.754473 4147292.153375 70.205047
292354.948045 4147319.940952 84.472547
292354.917965 4147324.831937 84.699329
292354.917965 4147324.831937 84.699329
292328.760436 4147334.648465 81.508952
292338.504384 4147275.796288 41.270575
292287.736069 4147270.834467 39.066041
292287.736069 4147270.834467 39.066041
292359.695085 4147291.907411 70.153809
292316.503143 4147295.943019 41.020233
292354.859921 4147325.168050 84.714863
292316.117323 4147270.778841 39.328636
292354.891658 4147309.524610 83.878622
292334.500117 4147311.809196 80.291055
292354.850502 4147325.001843 84.681572
292315.073472 4147307.605528 41.075288
292315.073472 4147307.605528 41.075288
292306.997955 4147342.121394 39.684343
292307.067533 4147347.816657 39.590621
292343.332642 4147306.163071 80.875328
292250.931564 4147272.262462 38.441260
292350.720026 4147336.342745 84.182226
292339.543597 4147330.091255 81.654186
292350.720026 4147336.342745 84.182226
292331.071431 4147338.592956 81.598759
292330.893188 4147320.376674 80.711333
292331.071431 4147338.592956 81.598759
292330.901988 4147320.561894 80.746581
292331.051709 4147338.803423 81.624635
292305.786795 4147263.104313 39.154016
292331.433386 4147303.586013 74.258388
292346.778699 4147332.926162 83.065027
292319.165745 4147277.395951 41.809570
292346.778699 4147332.926162 83.065027
292326.115827 4147341.137191 42.933113
292344.037501 4147269.796060 40.476113
292344.037501 4147269.796060 40.476113
292331.015168 4147335.682583 81.437950
292307.057199 4147341.758250 39.856604
292307.046376 4147341.944159 39.662766
292307.046376 4147341.944159 39.662766
292307.043709 4147341.623648 39.796057
292330.949692 4147325.245668 80.980914
292236.984529 4147280.505499 37.306377
292236.984529 4147280.505499 37.306377
292350.653936 4147336.443602 84.167860
292306.902059 4147342.619881 39.694498
292306.902059 4147342.619881 39.694498
292339.518195 4147313.902668 80.788279
292353.255903 4147306.937385 83.224909
292340.515648 4147303.093517 74.802072
292347.150183 4147258.674370 39.599982
292300.342248 4147314.588769 39.523496
292341.591825 4147299.696799 69.912664
292300.342248 4147314.588769 39.523496
292343.308700 4147310.533061 81.126817
292319.167881 4147279.729261 39.467198
292331.045013 4147341.419768 81.760543
292331.045013 4147341.419768 81.760543
292350.832019 4147319.788216 83.234575
292331.041435 4147333.221342 81.384894
292237.436765 4147258.332879 38.456153
292319.812409 4147316.953036 41.567203
292339.887683 4147337.035003 81.004636
292249.243519 4147338.580078 33.059708
292346.813418 4147326.484152 82.639977
292323.579934 4147316.496711 80.685059
292326.148824 4147304.779911 74.294311
292249.309971 4147337.220043 33.271441
292327.100654 4147343.720807 43.773182
292319.004519 4147300.462869 73.488779
292331.054934 4147333.945488 81.408669
292325.881046 4147327.481242 81.249025
292307.018611 4147350.004970 40.449316
292307.018611 4147350.004970 40.449316
292337.594952 4147333.679957 80.367683
292331.054494 4147333.513483 81.431204
292346.797820 4147315.116183 82.049485
292346.797820 4147315.116183 82.049485
292306.908117 4147347.810318 39.738998
292306.992321 4147348.998306 40.632803
292330.959166 4147336.917262 81.536106
292331.062285 4147333.690398 81.443934
292310.374793 4147288.841308 40.385086
292350.873539 4147336.310975 84.164501
292343.235223 4147310.376497 81.168494
292290.793925 4147261.900871 39.091475
292331.326138 4147303.260051 74.270717
292327.417600 4147334.697168 81.460423
292331.542404 4147305.840892 74.367866
292354.457964 4147296.178171 71.223400
292341.213066 4147295.897338 70.482967
292341.213066 4147295.897338 70.482967
292340.762288 4147333.306755 76.901599
292319.949260 4147319.453323 41.677648
292325.242495 4147294.708456 68.786348
292341.375753 4147294.301994 69.469848
292306.732107 4147345.166657 39.622282
292324.764287 4147316.189901 80.584651
292346.822212 4147310.080726 81.792822
292331.162770 4147339.258465 81.605823
292341.173176 4147295.385766 70.452038
292319.575680 4147315.548831 41.613248
292331.142744 4147337.133327 81.593765
292353.254223 4147294.838621 73.361033
292334.973380 4147277.170998 41.226215
292334.973380 4147277.170998 41.226215
292325.986440 4147301.269606 74.146886
292329.396234 4147356.909727 43.684529
292353.222858 4147300.040411 75.300102
292307.250581 4147342.001584 39.853668
292330.758745 4147326.202345 81.047262
292331.239820 4147345.593650 81.929219
292330.758745 4147326.202345 81.047262
292353.982574 4147293.064122 70.874315
292341.753164 4147299.886443 69.929744
292331.281960 4147305.822375 74.337854
292346.831190 4147310.558020 81.840747
292350.935747 4147329.053907 83.812818
292332.053133 4147289.388783 68.792231
292327.342352 4147330.308577 81.269247
292265.740780 4147330.106558 46.184654
292321.933255 4147262.461921 38.942453
292327.411869 4147336.219746 81.524910
292291.291793 4147286.943176 39.353988
292319.592331 4147318.014528 41.600173
292330.868061 4147338.363105 81.575997
292300.632587 4147321.881236 39.511039
292290.793454 4147256.423917 38.981922
292347.565524 4147258.224108 39.552477
292331.693941 4147289.403496 68.791711
292300.591785 4147317.287954 39.637533
292333.394531 4147340.807788 81.769920
292327.383099 4147334.853249 81.443290
292340.165288 4147337.713043 80.524418
292353.192504 4147294.394847 73.245434
292353.515406 4147349.033307 75.117790
292350.415533 4147319.795512 83.140153
292319.500894 4147280.018945 39.397100
292330.660506 4147320.456901 80.735090
292316.756292 4147304.459072 41.143199
292343.164839 4147315.977086 81.451679
292343.164839 4147315.977086 81.451679
292343.147325 4147306.217695 80.867524
292330.803568 4147336.980705 81.552342
292347.582556 4147260.091251 39.762223
292226.055665 4147257.434494 39.112940
292346.946508 4147258.867644 39.641739
292346.946508 4147258.867644 39.641739
292350.997886 4147325.241058 83.578933
292306.386096 4147327.440999 40.138532
292327.319482 4147330.014922 81.285505
292320.504617 4147349.032760 42.208140
292306.521389 4147341.629583 39.633572
292350.997404 4147331.139826 83.910892
292353.105686 4147327.296376 84.298557
292344.147406 4147268.674981 40.362989
292350.985002 4147337.501078 84.291505
292334.840424 4147277.069779 41.263354
292327.555755 4147304.350349 74.426060
292324.995348 4147261.068528 38.849106
292353.106484 4147328.452789 84.341790
292346.899015 4147332.806959 83.093870
292350.976933 4147336.263673 84.282233
292339.786558 4147314.131227 80.796558
292305.183780 4147257.437143 38.777797
292322.467720 4147311.370780 80.440551
292249.152361 4147330.489842 33.904002
292319.497878 4147317.184847 41.581519
292337.459419 4147341.565287 82.098633
292330.636557 4147326.218692 81.047806
292306.467389 4147342.659681 39.627384
292306.467389 4147342.659681 39.627384
292330.738280 4147336.496067 81.504464
292325.718746 4147321.780058 80.939459
292330.575669 4147320.486897 80.733599
292248.861926 4147338.003365 33.065063
292330.552275 4147317.056447 80.491045
292248.850208 4147337.652216 33.044965
292331.182773 4147328.397786 81.138102
292265.960762 4147258.929959 39.345367
292330.653815 4147329.927654 81.193469
292337.340110 4147318.645967 80.834178
292331.223543 4147366.253522 43.959172
292330.817795 4147347.578268 82.064222
292299.970302 4147267.377144 39.372536
292343.111521 4147316.112961 81.413224
292306.462751 4147345.427115 39.632543
292339.962347 4147343.679199 82.497492
292319.457534 4147317.898805 41.744761
292341.939042 4147299.633138 69.950044
292339.870987 4147320.750433 81.259098
292330.654291 4147333.359418 81.420128
292331.094165 4147314.491465 80.355343
292267.537248 4147332.408586 41.343383
292339.844743 4147306.975533 80.489840
292320.232895 4147320.574535 41.791557
292248.822949 4147336.771352 33.222844
292316.872202 4147306.949819 41.160012
292353.053717 4147327.241478 84.276439
292353.053717 4147327.241478 84.276439
292257.132755 4147300.815351 37.265690
292221.862180 4147341.466957 30.129129
292248.796312 4147336.846587 33.233638
292329.527390 4147358.159160 43.572192
292291.472653 4147286.187607 39.214823
292331.236732 4147329.667228 81.191554
292248.745874 4147336.669966 33.197893
292331.330545 4147336.992294 81.508975
292325.258486 4147259.709753 38.834691
292331.340283 4147338.620474 81.597829
292235.733017 4147257.369553 38.656925
292350.218097 4147313.835117 82.786912
292221.918310 4147341.762666 30.115362
292350.209747 4147314.138394 82.810733
292340.938980 4147295.426595 70.474294
292331.351711 4147339.943486 81.721000
292331.017672 4147305.786769 74.362952
292331.017672 4147305.786769 74.362952
292317.049696 4147317.283163 41.352608
292291.550273 4147287.634159 39.396351
292346.968045 4147331.856015 83.031267
292346.968045 4147331.856015 83.031267
292341.868472 4147299.043806 70.676539
292345.318125 4147297.486208 70.869767
292330.999849 4147303.794422 74.223238
292346.760617 4147254.619414 38.896566
292248.801652 4147333.909427 33.525925
292321.331896 4147305.827024 73.710849
292307.627922 4147342.721732 39.742819
292353.029684 4147311.482525 83.463788
292248.669023 4147336.230931 33.208786
292291.590496 4147288.177490 39.380706
292306.663305 4147274.825413 39.536294
292329.542654 4147356.143407 43.719576
292265.354978 4147337.939807 35.166156
292265.354978 4147337.939807 35.166156
292352.971749 4147336.955600 84.847113
292309.839315 4147273.359332 39.412383
292331.303720 4147333.109549 81.475440
292324.864180 4147256.821206 38.547151
292320.629244 4147339.551807 42.038583
292331.353842 4147335.895395 81.489352
292340.018135 4147314.183718 80.880045
292248.711523 4147333.792893 33.502070
292353.000140 4147313.635663 83.551354
292330.409146 4147320.343427 80.715661
292350.106323 4147336.410445 83.990415
292319.826095 4147281.109860 39.503497
292347.006422 4147307.987953 81.686788
292330.528041 4147334.170569 81.411862
292327.326749 4147335.374938 81.535083
292339.126729 4147329.637532 81.611319
292347.919766 4147270.563763 40.949360
292307.679420 4147338.335941 40.143308
292235.313346 4147257.395157 38.497704
292344.280282 4147266.821389 40.089894
292248.616214 4147335.194906 33.351264
292291.622094 4147286.289776 39.280507
292346.581446 4147259.146623 39.694358
292319.555867 4147303.078570 73.690377
292318.742873 4147279.204602 39.474403
292340.190260 4147341.093887 82.275106
292325.926077 4147342.926030 42.708702
292334.397867 4147296.228652 69.254046
292319.868417 4147280.947318 39.527255
292340.079159 4147319.287496 81.135925
292291.240096 4147262.410541 38.891843
292306.031317 4147342.967376 39.589956
292307.745091 4147343.106667 39.807914
292333.142951 4147329.006179 81.201212
292337.572106 4147345.480032 82.298553
292351.188298 4147329.397527 83.865855
292348.105575 4147258.043499 39.521201
292257.369319 4147300.394527 37.368204
292350.044867 4147334.776173 83.870061
292305.990189 4147343.183527 39.533779
292347.094499 4147327.520838 82.790426
292322.657496 4147327.855770 42.246768
292304.830908 4147259.395527 40.149624
292331.429687 4147339.144716 81.594601
292307.728870 4147342.391996 39.696353
292341.308042 4147335.604954 77.012097
292351.240150 4147325.286955 83.626792
292306.800656 4147273.096311 39.601424
292351.253286 4147334.057427 84.111401
292324.813608 4147256.598384 38.573594
292330.283547 4147316.339598 80.494489
292250.132623 4147262.370096 38.898389
292325.993027 4147310.216444 80.282189
292330.350909 4147326.321756 81.053024
292330.350909 4147326.321756 81.053024
292291.694960 4147285.636184 39.221753
292330.350364 4147326.260803 81.033532
292349.973169 4147331.109368 83.736025
292316.960327 4147305.287981 41.028466
292307.432219 4147308.623684 40.529382
292307.432219 4147308.623684 40.529382
292347.092510 4147307.880882 81.694242
292334.389585 4147300.603934 69.536238
292328.688044 4147277.078960 40.366481
292341.352502 4147335.813124 77.064725
292239.925122 4147292.456111 36.550698
292305.859271 4147342.654600 39.515220
292338.934776 4147313.070089 80.731868
292329.028994 4147336.552699 81.534581
292331.323530 4147322.318388 80.793225
292330.250619 4147316.130437 80.383811
292321.307252 4147308.732337 73.830478
292361.395164 4147270.933990 44.173503
292316.945501 4147302.493705 41.054013
292319.143220 4147316.625060 41.467596
292249.982022 4147267.281220 38.621976
292249.982022 4147267.281220 38.621976
292295.096024 4147300.884267 39.407542
292325.084131 4147299.553088 73.847812
292349.890254 4147331.036280 83.669039
292249.968306 4147267.271487 38.599056
292308.091353 4147355.696224 39.617466
292326.091521 4147291.923596 68.723278
292330.431101 4147339.033079 81.617231
292347.130131 4147332.910170 83.096391
292347.149816 4147337.478400 83.328209
292326.091521 4147291.923596 68.723278
292326.091521 4147291.923596 68.723278
292330.399152 4147337.068310 81.549731
292330.399152 4147337.068310 81.549731
292340.362370 4147341.446117 82.330701
292339.232617 4147334.349376 80.803723
292352.962085 4147313.808311 83.577272
292319.916557 4147273.778167 39.822468
292319.916557 4147273.778167 39.822468
292352.981279 4147305.052298 82.993007
292320.048134 4147281.383602 39.546110
292320.048134 4147281.383602 39.546110
292304.643042 4147259.751207 40.326205
292349.873015 4147308.759184 82.448043
292265.261211 4147335.645965 35.423809
292329.124332 4147342.252824 81.748371
292301.187577 4147326.180769 39.543224
292301.257718 4147316.153727 41.290069
292330.289377 4147328.104582 81.127393
292328.850985 4147315.053275 80.412811
292319.085419 4147316.392117 41.532157
292232.063433 4147327.964399 32.341637
292349.827314 4147331.102911 83.678239
292349.827314 4147331.102911 83.678239
292326.380939 4147345.509347 43.105159
292301.169088 4147323.534471 39.505797
292307.973290 4147342.896393 39.884549
292331.341886 4147320.247757 80.698463
292249.939328 4147262.247463 38.897304
292318.523288 4147278.935267 39.481048
292318.523288 4147278.935267 39.481048
292318.353016 4147267.469488 39.271073
292330.408347 4147342.068088 81.771314
292358.002067 4147268.116083 41.739960
292329.657792 4147359.262675 44.380586
292305.649432 4147342.260665 39.437370
292358.002067 4147268.116083 41.739960
292305.649432 4147342.260665 39.437370
292337.502184 4147324.495935 81.282000
292327.216308 4147330.485703 81.206140
292324.795201 4147261.140683 38.947039
292324.995090 4147278.644598 40.322690
292320.122880 4147281.615280 39.677896
292320.122880 4147281.615280 39.677896
292305.630974 4147341.170192 39.612823
292324.993396 4147278.654883 40.354046
292266.285688 4147326.833735 44.905481
292301.298387 4147315.669093 41.134212
292352.922143 4147303.798625 83.007244
292340.361887 4147322.822261 81.380769
292332.992811 4147319.832830 80.686999
292337.511687 4147324.496104 81.250126
292337.511687 4147324.496104 81.250126
292321.156497 4147352.934569 42.217214
292352.909136 4147325.962176 84.198534
292321.156497 4147352.934569 42.217214
292305.585730 4147342.040464 39.444705
292326.417185 4147343.624576 42.646754
292332.474807 4147289.282918 68.794048
292318.985302 4147315.290350 41.555078
292327.192716 4147329.821137 81.301709
292338.887146 4147328.091934 81.576359
292325.652918 4147329.057921 81.299966
292327.192716 4147329.821137 81.301709
292301.309234 4147327.438734 39.442923
292328.196130 4147365.771514 43.485962
292346.317828 4147258.888868 39.574360
292331.417750 4147322.693485 80.838356
292340.504789 4147342.773575 82.423676
292316.992501 4147302.851036 41.103194
292320.190147 4147281.802508 39.626242
292320.190147 4147281.802508 39.626242
292330.185283 4147326.299050 81.062730
292330.294966 4147336.621212 81.525270
292330.309616 4147338.038163 81.610757
292330.309616 4147338.038163 81.610757
292330.101477 4147315.550361 80.379818
292330.168728 4147325.491357 81.004215
292327.257691 4147335.111853 81.391662
292325.804120 4147342.645304 42.909278
292340.512826 4147343.733287 82.519164
292290.119662 4147280.154520 39.058908
292341.747322 4147351.323778 77.491224
292344.145847 4147302.225680 74.939498
292294.918840 4147300.758866 39.397554
292240.940463 4147292.728716 36.426966
292329.097360 4147335.995660 81.517761
292318.973872 4147317.516305 41.573804
292333.143062 4147342.922802 81.943173
292344.428232 4147266.860541 40.215896
292266.402316 4147326.807565 44.877263
292330.378324 4147347.666264 81.996071
292266.402316 4147326.807565 44.877263
292340.383421 4147309.297345 80.653976
292291.727211 4147268.756525 39.155862
292348.537678 4147258.462554 39.665363
292345.076556 4147293.892484 70.518581
292327.408518 4147304.489008 74.410138
292340.462003 4147329.891946 81.845474
292342.841622 4147333.542131 82.367304
292345.047772 4147296.312226 70.729565
292261.290911 4147260.049577 39.288959
292323.476698 4147299.745320 73.780905
292331.043145 4147365.638297 44.020076
292340.567282 4147343.796041 82.567954
292340.567282 4147343.796041 82.567954
292331.043145 4147365.638297 44.020076
292248.129144 4147333.472646 33.469396
292330.223608 4147334.314462 81.451405
292350.507057 4147290.232013 69.556872
292336.035953 4147277.217875 40.766674
292305.405503 4147340.726113 39.514620
292330.245525 4147337.495979 81.578009
292321.699916 4147265.624986 39.316632
292329.053107 4147331.468387 81.355582
292329.053107 4147331.468387 81.355582
292294.833391 4147297.660067 39.362854
292347.301951 4147331.837608 83.093427
292347.301951 4147331.837608 83.093427
292340.590864 4147340.581236 82.397270
292301.441969 4147315.492764 41.151224
292351.512502 4147315.696785 83.270311
292330.220491 4147335.698838 81.480320
292336.067396 4147273.629489 40.349651
292308.189559 4147338.034730 40.249488
292333.119476 4147342.929184 81.935950
292329.074425 4147332.452906 81.402686
292321.641353 4147262.324142 38.941624
292292.387616 4147290.497916 40.796004
292351.531414 4147333.779677 84.217103
292351.531414 4147333.779677 84.217103
292349.627248 4147306.021038 82.225946
292351.528957 4147315.602606 83.264669
292330.233203 4147338.006748 81.577145
292350.586164 4147287.520351 69.201505
292317.080422 4147304.337054 41.137909
292288.231536 4147272.584911 39.036643
292360.838031 4147266.549102 44.380150
292329.142662 4147336.585423 81.540567
292323.366199 4147319.728463 80.928274
292305.287016 4147341.276681 39.524317
292248.032678 4147332.231387 33.581370
292327.218785 4147334.536494 81.445877
292340.675032 4147342.736748 82.453605
292347.334880 4147333.306012 83.182849
292341.703479 4147302.815236 74.811060
292351.558784 4147325.073243 83.742956
292331.586668 4147329.757020 81.246731
292347.329973 4147331.982687 83.118309
292322.380503 4147253.537695 9.824373
292319.978903 4147254.737319 38.158124
292329.991338 4147315.083282 80.376838
292340.626281 4147330.019603 81.807443
292319.987015 4147255.503113 38.313153
292330.027755 4147320.677050 80.765441
292318.122479 4147267.468982 39.303295
292318.122479 4147267.468982 39.303295
292340.708838 4147343.781972 82.531043
292301.532496 4147315.999334 41.143500
292330.053465 4147325.236809 80.981658
292330.053465 4147325.236809 80.981658
292351.570706 4147327.257859 83.856176
292294.967143 4147309.890274 39.618300
292330.115312 4147332.904759 81.417749
292347.393287 4147326.446962 82.823025
292349.581255 4147334.269013 83.677009
292349.581255 4147334.269013 83.677009
292340.741773 4147341.208443 82.399764
292263.053175 4147337.035516 35.014783
292331.552181 4147322.739511 80.849292
292330.272211 4147347.559560 81.922430
292347.405960 4147326.545087 82.813944
292349.545259 4147333.246304 83.689072
292265.045409 4147338.211566 35.157534
292346.077223 4147256.978342 39.250775
292320.040257 4147254.614454 38.187223
292292.257927 4147287.862113 39.389529
292301.549691 4147326.119916 39.482189
292330.042621 4147327.787307 81.163126
292233.703588 4147256.024874 38.841164
292347.370417 4147305.713583 81.696214
292262.978975 4147337.785939 34.777758
292340.777579 4147343.438765 82.516258
292325.143081 4147299.637993 73.838173
292325.672629 4147299.408672 73.859322
292340.616773 4147307.348054 80.616161
292331.708511 4147338.929215 81.671302
292340.723768 4147329.901915 81.827740
292365.318746 4147265.682920 45.168999
292323.852775 4147261.401811 38.962549
292330.157788 4147339.043368 81.631652
292344.864792 4147293.613793 70.666633
292331.797938 4147347.178798 82.032028
292323.852775 4147261.401811 38.962549
292318.226921 4147278.781635 39.454389
292329.853154 4147357.535664 43.901868
292349.503528 4147326.338995 83.243289
292337.981009 4147271.726989 40.431504
292337.981009 4147271.726989 40.431504
292349.488115 4147326.421128 83.289653
292330.231546 4147347.718741 82.037375
292351.654363 4147328.463662 83.954395
292337.981009 4147271.726989 40.431504
292324.739397 4147266.830687 39.367773
292337.924787 4147275.958888 41.228493
292347.434298 4147317.065413 82.319622
292320.499611 4147282.891949 39.769599
292349.470118 4147305.880158 82.191420
292308.436367 4147338.136802 40.258374
292308.436367 4147338.136802 40.258374
292342.921883 4147297.492879 69.824918
292344.861606 4147295.562849 70.659974
292320.096560 4147253.769279 38.019340
292318.022321 4147266.828108 39.074405
292333.951778 4147274.515779 40.459458
292349.472442 4147314.493559 82.653301
292330.186675 4147345.969546 81.980661
292308.648342 4147354.757966 39.632608
292349.445705 4147332.037714 83.602762
292351.702495 4147315.577512 83.281650
292349.425954 4147305.983115 82.168702
292257.872476 4147303.116281 37.265153
292347.484612 4147337.331755 83.393244
292318.658907 4147313.250047 41.316207
292301.632939 4147326.315684 39.501044
292304.630895 4147320.842530 39.953881
292330.049879 4147334.434565 81.465699
292349.411561 4147341.494892 84.078302
292329.970028 4147326.195209 81.007381
292338.699184 4147341.610433 82.214561
292304.850219 4147340.971312 39.353778
292326.486528 4147343.776480 42.878450
292316.743903 4147276.446085 39.461585
292320.562735 4147283.116991 39.696921
292320.562735 4147283.116991 39.696921
292340.780750 4147318.247167 81.231394
292304.819277 4147338.854281 39.581637
292226.139418 4147291.948461 35.800522
292351.690890 4147328.374191 84.005037
292348.972452 4147270.596656 41.012881
292329.933231 4147325.745824 81.027140
292329.942005 4147325.335213 80.936848
292329.876465 4147279.320653 41.262046
292290.234730 4147321.404730 45.180480
292331.788660 4147339.901941 81.683371
292333.019768 4147340.389277 81.758991
292331.762212 4147339.006116 81.725952
292330.350653 4147299.989816 74.070865
292328.106521 4147353.598373 43.404249
292323.923344 4147261.582723 38.855501
292233.179936 4147257.180614 38.661011
292264.962370 4147337.004413 35.253973
292304.612117 4147326.650953 39.841599
292332.845657 4147319.868370 80.672692
292351.729980 4147327.851077 83.981344
292301.446499 4147258.585810 45.354822
292310.544509 4147348.198448 40.661423
292340.668928 4147312.414400 81.491391
292351.564541 4147256.932167 39.531047
292330.050755 4147339.012398 81.589322
292338.608331 4147329.784406 81.544765
292300.947700 4147269.576556 39.395138
292351.734488 4147328.620779 84.025328
292320.360554 4147266.799179 39.288523
292258.040137 4147303.179857 37.287548
292352.717688 4147335.920533 84.711781
292342.511971 4147324.571462 81.803505
292342.511971 4147324.571462 81.803505
292351.537628 4147256.347702 39.459761
292342.565505 4147340.138945 82.600171
292342.565505 4147340.138945 82.600171
292349.267070 4147309.417990 82.315032
292343.109139 4147288.962777 69.021611
292329.999053 4147336.119993 81.515307
292329.894169 4147325.646945 80.967901
292304.544953 4147329.401108 39.852974
292301.808505 4147326.124839 39.416135
292329.947337 4147332.196365 81.429685
292338.485580 4147314.731521 80.728721
292337.666644 4147324.391198 81.186941
292325.826031 4147355.575367 42.896875
292290.451295 4147366.907275 36.880972
292290.451295 4147366.907275 36.880972
292342.479493 4147324.506169 81.775554
292349.215600 4147332.241484 83.580592
292342.479493 4147324.506169 81.775554
292329.871711 4147325.549532 81.037769
292308.830709 4147354.610361 39.480632
292308.830709 4147354.610361 39.480632
292328.692433 4147355.218112 43.280463
292341.005165 4147342.424968 82.523512
292307.942711 4147287.669829 40.368483
292341.015812 4147342.186912 82.495529
292331.783711 4147329.878281 81.219366
292329.993141 4147337.406463 81.602396
292340.886312 4147308.686101 80.692589
292347.614259 4147326.426193 82.877463
292347.614259 4147326.426193 82.877463
292338.611412 4147308.840789 75.088094
292307.700232 4147273.142310 39.666153
292254.042545 4147260.313360 49.700916
292333.718374 4147277.398906 41.221258
292347.591904 4147305.462760 81.736043
292331.891863 4147339.483473 81.684395
292320.638840 4147281.115807 39.731260
292347.625654 4147332.508357 83.200898
292333.034066 4147345.780425 81.968612
292342.376310 4147316.079921 81.316729
292342.478830 4147340.252127 82.553793
292351.830631 4147332.912660 84.233624
292318.547442 4147316.058913 41.419787
292327.071750 4147333.432552 81.463651
292318.547442 4147316.058913 41.419787
292351.830631 4147332.912660 84.233624
292338.474555 4147322.790969 81.231981
292331.903329 4147339.217237 81.671317
292330.843499 4147364.125082 43.877302
292331.808212 4147327.417826 81.077214
292304.429650 4147329.491895 39.836407
292304.429650 4147329.491895 39.836407
292351.851730 4147332.667474 84.182134
292332.790756 4147295.981055 70.171004
292226.634547 4147291.888792 36.080410
292308.774401 4147343.015273 40.030713
292330.262408 4147300.565184 74.060058
292349.214480 4147270.721497 40.876076
292351.851730 4147332.667474 84.182134
292308.774401 4147343.015273 40.030713
292342.391670 4147324.425263 81.777546
292337.705525 4147322.861835 81.133217
292337.705525 4147322.861835 81.133217
292310.623042 4147361.185901 40.354914
292329.735630 4147313.417851 80.269790
292318.474370 4147313.008579 41.305739
292330.021964 4147358.225446 43.497764
292308.778657 4147342.677387 40.017312
292308.778657 4147342.677387 40.017312
292347.660038 4147331.750271 83.147106
292347.660038 4147331.750271 83.147106
292292.741003 4147291.572869 39.255822
292260.117349 4147314.156636 36.558937
292329.983632 4147289.914154 68.747907
292292.268116 4147261.282477 38.900859
292301.956269 4147327.244354 39.531362
292329.983632 4147289.914154 68.747907
292331.876792 4147333.081887 81.484599
292301.956269 4147327.244354 39.531362
292329.983632 4147289.914154 68.747907
292317.310639 4147309.048325 41.217037
292338.542115 4147341.429803 82.190961
292349.096412 4147314.755890 82.597918
292349.104900 4147332.222864 83.544859
292349.104900 4147332.222864 83.544859
292345.708107 4147259.686769 39.593656
292318.482127 4147315.924895 41.376154
292329.827848 4147326.000583 81.001690
292310.599588 4147361.248399 40.094435
292344.565897 4147274.318135 41.430569
292351.849325 4147322.727989 83.721293
292320.235953 4147307.412180 75.577833
292304.164636 4147318.548653 40.048757
292344.565897 4147274.318135 41.430569
292304.174494 4147318.833811 40.104893
292306.997955 4147342.121394 39.684343
292347.676186 4147326.487910 82.953749
292308.886766 4147343.427315 40.060625
292308.886766 4147343.427315 40.060625
292330.023604 4147357.629057 43.775103
292342.363734 4147324.298765 81.717178
292329.956019 4147337.832416 81.512158
292347.707945 4147326.319170 82.890718
292348.989766 4147309.200167 82.263761
292317.737250 4147267.334311 39.227816
292317.247403 4147304.141204 41.188005
292317.247403 4147304.141204 41.188005
292329.938117 4147338.274002 81.608040
292304.088769 4147318.038700 40.143721
292304.088769 4147318.038700 40.143721
292329.864958 4147332.159428 81.340299
292253.640887 4147260.790830 49.360453
292329.097939 4147310.047463 79.990893
292352.695040 4147328.496602 84.263550
292304.055941 4147317.810975 40.156766
292307.827446 4147268.196602 39.382529
292304.159375 4147329.451879 39.754530
292360.857408 4147267.441026 40.993860
292304.120750 4147328.099551 39.721344
292348.937579 4147340.868760 83.965205
292232.250558 4147256.709078 38.681503
292338.465330 4147341.624373 82.222603
292331.921827 4147330.480827 81.319361
292341.027546 4147310.173451 80.819077
292348.937579 4147340.868760 83.965205
292332.035910 4147341.910877 81.832432
292347.750975 4147326.390713 82.923760
292288.483867 4147274.251617 39.084168
292352.658796 4147335.878841 84.654077
292304.217235 4147335.316007 39.719221
292322.531130 4147347.685533 42.437845
292329.849603 4147333.092894 81.441091
292303.988977 4147316.098513 40.245447
292303.988977 4147316.098513 40.245447
292329.833430 4147332.259070 81.361801
292348.916488 4147336.813260 83.746185
292304.074558 4147327.599013 39.746884
292348.901683 4147332.084770 83.503049
292347.781501 4147331.838383 83.150219
292332.934737 4147293.194422 69.926374
292304.178753 4147335.468398 39.704985
292326.960998 4147327.195110 81.164821
292351.204531 4147257.072733 39.542563
292348.875558 4147304.755019 82.049845
292334.054502 4147299.142368 69.461558
292347.790084 4147337.149750 83.480808
292293.047076 4147293.208367 39.398973
292265.229640 4147258.640028 39.293870
292265.229640 4147258.640028 39.293870
292351.970675 4147322.726246 83.678108
292332.105540 4147341.636665 81.800225
292347.788188 4147326.019703 82.852287
292347.780495 4147326.525156 82.914420
292338.406805 4147341.370040 82.205770
292320.871065 4147283.853440 39.714749
292329.871250 4147337.654315 81.591176
292332.653487 4147308.517687 80.032553
292309.243589 4147356.791363 39.529776
292328.335476 4147365.648621 43.473640
292329.355010 4147337.148357 81.623028
292304.138003 4147339.654162 39.639629
292329.150358 4147314.971298 80.412745
292329.644874 4147313.930173 80.285535
292348.875869 4147326.456782 83.102260
292348.855345 4147314.589788 82.472842
292329.643044 4147314.847314 80.350372
292348.848164 4147321.879271 82.848361
292349.629167 4147256.727618 39.411308
292348.834067 4147321.688412 82.890024
292348.812560 4147331.526817 83.439702
292332.138040 4147339.635728 81.688872
292320.386936 4147309.104205 74.941853
292329.171898 4147276.747028 40.326381
292332.138040 4147339.635728 81.688872
292341.146930 4147318.356281 81.299731
292252.008095 4147262.747786 46.396630
292352.001811 4147326.839050 83.980086
292351.013296 4147268.209586 40.740241
292352.016050 4147332.466774 84.236559
292330.131399 4147303.743014 74.510868
292341.174662 4147318.759884 81.290645
292329.151196 4147313.772536 80.295644
292347.850425 4147326.096028 82.886126
292303.797874 4147317.654895 40.046290
292337.841126 4147330.351251 81.439824
292349.713957 4147300.910353 75.192016
292351.992964 4147332.038942 84.321557
292332.867290 4147339.536689 81.706239
292351.992964 4147332.038942 84.321557
292330.191087 4147306.074153 74.271902
292318.204085 4147313.078870 41.377540
292329.835213 4147337.790631 81.602715
292303.794171 4147316.122704 40.268023
292337.824420 4147330.036415 81.507391
292332.158723 4147338.205748 81.635318
292337.737116 4147271.733335 40.401475
292290.099681 4147364.576995 36.962013
292324.431498 4147260.283191 38.787305
292290.099681 4147364.576995 36.962013
292347.862314 4147327.062161 82.982449
292341.183828 4147310.831889 80.841546
292341.183828 4147310.831889 80.841546
292303.847832 4147327.504913 39.738840
292303.989240 4147338.864747 39.550787
292329.702351 4147324.995549 80.952894
292303.835888 4147326.668175 39.731068
292325.409484 4147338.719664 42.767417
292293.584988 4147256.605030 38.873335
292333.918637 4147288.866334 68.803551
292308.191713 4147272.988206 39.703316
292318.177262 4147313.554343 41.391129
292318.177262 4147313.554343 41.391129
292309.422714 4147359.607066 39.407564
292348.764314 4147309.107502 82.150168
292352.610941 4147335.142167 84.566207
292329.329331 4147332.207320 81.375947
292332.249219 4147344.384683 81.895347
292324.403696 4147259.323994 38.756832
292324.403696 4147259.323994 38.756832
292348.749492 4147326.067934 83.093770
292332.125141 4147331.786284 81.363982
292263.730490 4147337.547759 34.972955
292352.593102 4147335.538532 84.605111
292301.405769 4147270.833780 39.413576
292347.896314 4147316.664531 82.310952
292264.223667 4147259.142101 39.162965
292264.223667 4147259.142101 39.162965
292302.225065 4147327.357365 39.460804
292317.424525 4147309.290713 41.290176
292317.424525 4147309.290713 41.290176
292290.052456 4147326.888600 39.597893
292329.172991 4147313.881460 80.301531
292348.709067 4147309.589334 82.202261
292344.798576 4147264.953846 40.161596
292344.798576 4147264.953846 40.161596
292348.723358 4147321.574766 82.813387
292326.803114 4147315.663429 80.446881
292332.246539 4147339.713502 81.714064
292332.174545 4147331.581987 81.359220
292320.569770 4147254.002577 37.916221
292330.082853 4147303.851794 74.485396
292352.090758 4147327.367788 84.004229
292320.703061 4147264.902560 39.177096
292329.393778 4147336.711290 81.570586
292341.340700 4147324.300939 81.604406
292320.964218 4147282.027798 39.726764
292347.906864 4147327.218092 82.977734
292332.281410 4147339.619781 81.681887
292332.281410 4147339.619781 81.681887
292345.359108 4147261.273187 39.658784
292321.289881 4147264.679743 39.239070
292303.793147 4147334.965141 39.771380
292323.960165 4147255.614060 38.793003
292348.684973 4147333.496920 83.497885
292348.682412 4147317.983002 82.608206
292332.213547 4147327.823331 81.091402
292332.213547 4147327.823331 81.091402
292309.573131 4147359.448740 39.483572
292332.655551 4147319.996844 80.706331
292342.206282 4147341.419869 82.588197
292348.656714 4147331.356786 83.384696
292301.470486 4147269.470036 39.377748
292301.470486 4147269.470036 39.377748
292329.674737 4147328.624445 81.172593
292302.477130 4147337.550293 39.687585
292320.622117 4147255.514817 38.319701
292320.777154 4147266.823425 39.310721
292320.777154 4147266.823425 39.310721
292352.117296 4147329.268990 84.187521
292303.683752 4147334.808061 39.654500
292310.333635 4147360.421423 39.563798
292310.333635 4147360.421423 39.563798
292333.160364 4147302.503312 74.951134
292352.127685 4147335.988736 84.547935
292324.338709 4147259.090581 38.742905
292325.130761 4147344.005512 42.523339
292332.956539 4147277.874245 41.186458
292341.361094 4147310.308189 80.851099
292320.755924 4147264.785507 39.261398
292348.632421 4147331.615515 83.370863
292333.333750 4147293.995162 69.592557
292352.174665 4147314.094339 83.331274
292352.174665 4147314.094339 83.331274
292352.174665 4147314.094339 83.331274
292332.377678 4147340.161252 81.674853
292321.610402 4147325.404142 41.995031
292348.601775 4147321.844218 82.784165
292325.376399 4147341.819227 42.767849
292333.914990 4147298.532108 69.417781
292341.469958 4147325.282398 81.656365
292330.031385 4147300.400835 74.070323
292309.633841 4147358.802150 39.469749
292341.412033 4147310.381363 80.854715
292352.202532 4147306.777678 82.918725
292341.410407 4147306.620890 80.639450
292352.202532 4147306.777678 82.918725
292345.268381 4147261.920799 39.714503
292352.185892 4147333.127239 84.368057
292338.247360 4147345.278708 82.325053
292303.526697 4147332.513572 39.658845
292348.576269 4147340.421092 83.861963
292303.526697 4147332.513572 39.658845
292330.575970 4147359.831532 44.344464
292309.680123 4147359.266554 39.433604
292352.175256 4147333.827447 84.448434
292341.427164 4147306.441854 80.672364
292341.441632 4147310.475804 80.886294
292352.213160 4147333.732683 84.390597
292348.557716 4147331.711112 83.387389
292320.706977 4147257.224091 38.461546
292341.561255 4147339.777415 82.459196
292317.961191 4147311.446726 41.364440
292259.292975 4147310.381896 36.743157
292332.398895 4147339.799587 81.667606
292332.398895 4147339.799587 81.667606
292341.484593 4147319.839869 81.426633
292317.978968 4147313.737147 41.438993
292324.351273 4147262.553313 38.963645
292338.238940 4147344.778020 82.273094
292324.351273 4147262.553313 38.963645
292338.238940 4147344.778020 82.273094
292322.809166 4147312.738686 80.569583
292341.587532 4147340.499954 82.505198
292308.500622 4147273.714536 39.483606
292324.064678 4147260.124634 38.802330
292294.102921 4147338.622012 39.729016
292332.453752 4147344.032885 81.858291
292321.701297 4147327.744317 42.114401
292329.712457 4147337.242184 81.593499
292332.305422 4147325.866323 81.038382
292341.501094 4147310.884387 80.912845
292341.501094 4147310.884387 80.912845
292329.524748 4147344.550607 81.890758
292325.649893 4147290.816746 68.649220
292341.505359 4147306.946921 80.630931
292347.992501 4147307.766286 81.919865
292329.697586 4147337.366428 81.555872
292341.505359 4147306.946921 80.630931
292350.168213 4147256.745041 39.494657
292341.624131 4147340.602914 82.552533
292329.677493 4147334.586847 81.390367
292332.385997 4147331.454569 81.313959
292338.200445 4147344.058859 82.263998
292329.596669 4147328.571131 81.117886
292329.596669 4147328.571131 81.117886
292332.471041 4147340.044889 81.690002
292302.478485 4147328.825429 39.525130
292329.960708 4147298.277166 73.930705
292333.444997 4147297.951510 70.151508
292303.161657 4147314.877570 40.149495
292348.488850 4147332.340945 83.377142
292348.507853 4147321.640663 82.729402
292329.517738 4147320.723385 80.738371
292348.507853 4147321.640663 82.729402
292259.070501 4147310.398914 36.580339
292317.857934 4147311.204244 41.344144
292352.268588 4147328.445072 84.161963
292352.295476 4147326.919844 84.029856
292258.493412 4147307.753206 36.871553
292326.928541 4147333.833084 81.551322
292321.227165 4147266.862088 39.319342
292252.361321 4147259.822031 51.007821
292330.561490 4147359.736113 44.121541
292348.442907 4147331.815156 83.408621
292337.870692 4147323.832621 81.200845
292348.044368 4147326.108812 82.930526
292337.923300 4147330.134853 81.551520
292348.000999 4147310.400800 82.165137
292348.043991 4147326.344075 82.958272
292348.443974 4147309.794840 82.134165
292329.667417 4147336.803303 81.517183
292259.101456 4147310.126285 36.775984
292329.598564 4147303.373937 75.782140
292325.293160 4147299.301890 73.847646
292352.298593 4147311.668230 83.246981
292303.166511 4147328.514573 39.628694
292320.721493 4147300.618938 73.703886
292303.166511 4147328.514573 39.628694
292348.047844 4147307.925849 82.003498
292348.439310 4147326.116025 82.996429
292325.123676 4147321.831557 80.980111
292329.712296 4147342.085957 81.746017
292348.433302 4147339.145064 83.729149
292317.813042 4147310.355378 41.279092
292348.434954 4147336.983668 83.607077
292352.288272 4147327.377084 84.107735
292348.431684 4147321.534115 82.734934
292348.404531 4147309.900870 82.118000
292341.992430 4147322.172500 81.594776
292293.670324 4147296.559659 39.524489
292348.071595 4147326.189020 82.917403
292352.295875 4147333.863748 84.433613
292341.622424 4147309.947749 80.856548
292333.043635 4147277.525942 41.136379
292325.223760 4147338.610418 42.830142
292333.043635 4147277.525942 41.136379
292302.986779 4147317.098762 39.938672
292332.771740 4147344.133093 81.935211
292317.700317 4147304.738330 41.272811
292310.016891 4147344.330887 40.254377
292317.700317 4147304.738330 41.272811
292317.194174 4147270.595478 39.341481
292288.412169 4147255.392996 38.680802
292329.973279 4147306.022821 74.249844
292329.591813 4147333.605072 81.415203
292332.593497 4147344.660112 81.974420
292264.869112 4147259.101511 39.137357
292348.355576 4147326.449488 83.023415
292348.355576 4147326.449488 83.023415
292264.160998 4147337.144241 35.087658
292329.503645 4147324.970065 80.948275
292329.503645 4147324.970065 80.948275
292260.076354 4147317.226236 39.291638
292303.049615 4147327.852318 39.618380
292303.049615 4147327.852318 39.618380
292341.660594 4147310.877299 80.909958
292341.660594 4147310.877299 80.909958
292302.049662 4147260.799092 39.318481
292324.406461 4147291.266134 68.663374
292326.698709 4147324.872932 81.032569
292302.957557 4147317.488098 40.226389
292302.957557 4147317.488098 40.226389
292309.953813 4147361.872482 39.509713
292332.617587 4147344.947020 81.914108
292302.904562 4147316.916320 39.908679
292328.521697 4147365.875509 43.596079
292341.749347 4147328.781538 81.901012
292320.891842 4147258.829560 38.724514
292341.799457 4147344.447796 82.766196
292341.761820 4147328.783284 81.854350
292302.559136 4147315.450152 41.089987
292309.933973 4147359.550014 39.538574
292309.933973 4147359.550014 39.538574
292317.264777 4147277.857349 39.479329
292302.924274 4147317.350288 40.251946
292348.331043 4147336.982338 83.577302
292341.699399 4147310.193695 80.907889
292348.281234 4147308.973715 82.077505
292317.092491 4147277.713128 39.536954
292317.489865 4147304.267517 41.108180
292317.851830 4147317.747849 41.557534
292310.178602 4147361.124538 39.581443
292317.729850 4147310.497646 41.325845
292341.817818 4147339.945948 82.562226
292352.319573 4147336.378744 84.579376
292332.585473 4147325.696058 81.004553
292337.998745 4147326.719388 81.378545
292302.935785 4147329.679465 39.517754
292341.907056 4147308.631259 80.826180
292341.850880 4147340.266842 82.502767
292337.891776 4147321.187458 81.078935
292332.617740 4147331.473884 81.346984
292324.133486 4147260.341120 38.749561
292332.739343 4147344.573656 81.962944
292329.464048 4147325.056838 80.960947
292329.435746 4147329.189299 81.132303
292326.816210 4147333.178750 81.509136
292329.523350 4147337.430813 81.547332
292329.484145 4147276.990177 40.474459
292352.362647 4147306.921513 83.012368
292352.362647 4147306.921513 83.012368
292333.609143 4147293.979570 69.575203
292308.746972 4147272.727770 39.551852
292352.374946 4147305.198519 82.907897
292317.621933 4147304.991272 41.305782
292317.621933 4147304.991272 41.305782
292310.035236 4147361.673165 39.633085
292348.152441 4147338.630136 83.626780
292352.374946 4147305.198519 82.907897
292329.538291 4147279.148886 41.281971
292333.590295 4147297.055053 70.172880
292328.496753 4147365.633069 43.526832
292328.496753 4147365.633069 43.526832
292329.602425 4147344.566906 81.865889
292329.319108 4147315.364623 80.377988
292302.875307 4147332.658881 39.565687
292329.592748 4147343.983229 81.897092
292309.816870 4147341.688548 40.285241
292338.016448 4147340.693370 82.081087
292329.426505 4147328.629270 81.123987
292329.426505 4147328.629270 81.123987
292325.109031 4147316.035758 80.543734
292329.368912 4147315.508731 80.393602
292329.833832 4147300.078933 74.090347
292341.978257 4147342.191683 82.697181
292332.669366 4147337.819057 81.577236
292302.689123 4147329.736696 39.526879
292348.156108 4147331.758598 83.285623
292329.458552 4147327.775430 81.098495
292310.072447 4147361.947174 39.597723
292294.697726 4147332.525929 41.315026
292310.056679 4147360.142253 39.437377
292332.712982 4147345.357808 81.946161
292332.683478 4147340.243496 81.719097
292302.801904 4147332.954705 39.557024
292317.581925 4147305.561790 41.291630
292321.113182 4147267.036979 39.279459
292348.166903 4147309.550216 82.029406
292350.678406 4147255.727101 39.353871
292350.678406 4147255.727101 39.353871
292252.706205 4147260.248443 50.045022
292288.861815 4147275.889719 39.095127
292329.461178 4147329.353553 81.184911
292329.461178 4147329.353553 81.184911
292252.552014 4147260.444135 49.662275
292218.727447 4147339.389230 30.010192
292218.727447 4147339.389230 30.010192
292345.888798 4147323.582141 82.286616
292345.871144 4147321.082156 82.179019
292252.698243 4147278.843617 38.288799
292333.630637 4147308.244268 80.027973
292344.208685 4147339.482357 82.796368
292344.189294 4147337.591658 82.811600
292344.129793 4147311.415574 81.322149
292296.548255 4147307.977932 39.461934
292296.548255 4147307.977932 39.461934
292311.210247 4147285.796024 41.056811
292327.629009 4147328.491445 81.177729
292344.168685 4147319.726306 81.828343
292333.804349 4147331.157915 81.341164
292252.892880 4147268.233381 38.882172
292343.448544 4147264.651664 39.980446
292333.806641 4147330.130182 81.227966
292298.804911 4147310.620585 39.547432
292345.801781 4147320.963376 82.182081
292345.803597 4147320.036295 82.105337
292312.137577 4147351.120207 40.423194
292333.691566 4147313.835383 80.400796
292323.409035 4147277.771871 40.173414
292333.776414 4147326.667172 81.073880
292333.776414 4147326.667172 81.073880
292345.786780 4147320.161014 82.126134
292353.635454 4147325.352749 84.370077
292353.628771 4147331.135080 84.698762
292344.253516 4147321.640470 81.877370
292344.253516 4147321.640470 81.877370
292222.536703 4147260.032194 37.877802
292328.374870 4147334.711876 81.493233
292310.992923 4147272.263953 39.403920
292345.729784 4147321.087760 82.138517
292322.506050 4147260.579467 38.760451
292344.250948 4147306.801084 81.119230
292344.296869 4147320.558965 81.841880
292267.339229 4147357.612066 36.871766
292255.484176 4147291.941475 37.783888
292344.308557 4147320.333663 81.810063
292328.353088 4147334.531083 81.468486
292345.674369 4147332.275767 82.829023
292322.634407 4147284.396325 45.643063
292344.334829 4147319.809268 81.796963
292339.196069 4147271.106434 40.459682
292323.506632 4147333.408769 42.436371
292353.650029 4147324.535362 84.357063
292328.347911 4147337.847913 81.594797
292328.233236 4147326.820970 81.081738
292327.715709 4147332.035986 81.378443
292327.715709 4147332.035986 81.378443
292345.579709 4147308.471181 81.438490
292327.563033 4147315.406436 80.382574
292328.334661 4147337.183242 81.587882
292324.357078 4147351.190372 42.543095
292327.775567 4147335.372855 81.484582
292328.219367 4147326.909135 81.103768
292328.192761 4147324.739853 80.951262
292296.344275 4147272.304871 39.433375
292296.344275 4147272.304871 39.433375
292344.423541 4147320.842218 81.898743
292299.003967 4147329.425397 41.952389
292324.122170 4147336.438843 42.469184
292324.122170 4147336.438843 42.469184
292345.573417 4147338.244370 83.014178
292345.573417 4147338.244370 83.014178
292311.179574 4147274.436360 39.379330
292343.282660 4147265.098488 40.039197
292343.282660 4147265.098488 40.039197
292339.278878 4147270.381403 40.334613
292328.308571 4147337.526430 81.571889
292255.190898 4147290.349636 37.811225
292345.489309 4147320.477663 82.098739
292328.324600 4147339.931207 81.709209
292353.755430 4147307.641932 83.453908
292353.702465 4147338.288837 85.094267
292311.453805 4147289.820442 40.468390
292328.278972 4147337.441954 81.634986
292328.289950 4147337.752362 81.593729
292353.702465 4147338.288837 85.094267
292353.702465 4147338.288837 85.094267
292345.445406 4147309.934423 81.502751
292345.468990 4147321.189693 82.106997
292345.447336 4147320.961491 82.105866
292339.311877 4147271.540749 40.460316
292298.269084 4147309.682912 39.566349
292344.522340 4147317.328776 81.738853
292323.070556 4147257.642782 38.422631
292323.608385 4147333.507194 42.466112
292344.534450 4147320.122337 81.906535
292328.243838 4147336.854761 81.567197
292353.747534 4147326.352238 84.422723
292312.630609 4147369.488142 39.807107
292287.750177 4147326.824940 39.253113
292287.750177 4147326.824940 39.253113
292287.750177 4147326.824940 39.253113
292328.235999 4147337.008903 81.539825
292286.904498 4147268.735712 39.068461
292356.923388 4147347.344830 76.592486
292336.828053 4147344.369450 82.104924
292345.388192 4147320.910730 82.082789
292345.388192 4147320.910730 82.082789
292345.374813 4147318.824131 82.007429
292345.374813 4147318.824131 82.007429
292353.792390 4147309.359245 83.529235
292327.817951 4147332.733586 81.440835
292253.725774 4147264.735575 39.003227
292344.599398 4147321.103491 81.977993
292298.108553 4147309.693203 39.514006
292336.700984 4147331.407874 81.484235
292315.844557 4147302.429580 41.021942
292346.768700 4147345.722218 78.253590
292328.150943 4147333.632452 81.460350
292348.118825 4147294.803719 70.070609
292336.769708 4147343.494459 82.104782
292322.770379 4147263.575480 39.152699
292344.638050 4147319.946055 81.873045
292322.668353 4147256.061631 38.722492
292322.668353 4147256.061631 38.722492
292315.379402 4147272.592101 41.130631
292336.781480 4147345.623319 82.190043
292353.854801 4147309.485766 83.529164
292336.568186 4147315.461926 80.682608
292353.854801 4147309.485766 83.529164
292353.772936 4147340.523014 85.267033
292333.890685 4147313.802817 80.451176
292353.772936 4147340.523014 85.267033
292345.253862 4147320.642575 82.044542
292339.412702 4147270.934592 40.437929
292323.965862 4147333.384000 42.596289
292353.838863 4147325.196494 84.366161
292343.087444 4147265.461919 40.094235
292343.087444 4147265.461919 40.094235
292253.763714 4147285.873141 37.927691
292218.988442 4147312.690421 33.122377
292267.235838 4147336.412458 36.225128
292339.430208 4147270.313223 40.349370
292353.854201 4147325.994434 84.434588
292353.854201 4147325.994434 84.434588
292345.214082 4147336.177530 82.916716
292345.214082 4147336.177530 82.916716
292345.158545 4147307.281705 81.275448
292328.155621 4147338.809335 81.672338
292328.155621 4147338.809335 81.672338
292344.716309 4147307.843051 81.160990
292353.856639 4147325.821369 84.449613
292336.626323 4147331.371084 81.450169
292353.856639 4147325.821369 84.449613
292336.685323 4147342.321634 82.018606
292345.175772 4147335.790527 82.883870
292345.117865 4147307.163944 81.257781
292345.117865 4147307.163944 81.257781
292343.036064 4147266.069348 40.113310
292321.919203 4147313.838052 80.669057
292328.122675 4147336.968310 81.561734
292331.943723 4147363.608052 44.215181
292336.577219 4147328.695570 81.380335
292336.686936 4147344.422641 82.112292
292322.959107 4147260.097083 38.718166
292342.908941 4147274.529445 41.367347
292344.809070 4147323.270192 82.100929
292353.872062 4147326.637726 84.524914
292216.651106 4147342.690798 29.421070
292409.677616 4147351.809948 61.469318
292345.110694 4147336.043761 82.896803
292297.454457 4147308.949597 39.487947
292297.454457 4147308.949597 39.487947
292342.961113 4147264.668657 39.956319
292342.961113 4147264.668657 39.956319
292344.879370 4147338.873298 82.900977
292344.794581 4147305.834883 81.216615
292297.761321 4147311.149474 39.482019
292297.726860 4147309.455885 39.528258
292297.726860 4147309.455885 39.528258
292345.028512 4147320.257686 81.950248
292311.592355 4147273.895058 39.406132
292315.435960 4147287.194298 40.573087
292322.883852 4147261.872908 38.856480
292286.487246 4147266.081431 38.582080
292297.530727 4147308.765754 39.442818
292344.958785 4147305.761902 81.172848
292315.426493 4147286.863502 40.601385
292333.982857 4147311.528133 80.249385
292345.013056 4147335.841928 82.811577
292344.901568 4147306.081216 81.167021
292328.214504 4147300.899290 74.370677
292339.577851 4147269.662610 40.275637
292297.592398 4147308.622518 39.464246
292354.014555 4147324.315405 84.414792
292286.499048 4147266.732889 38.938960
292408.690978 4147273.306530 44.996462
292315.680416 4147306.121411 42.492925
292357.717633 4147328.826100 85.939737
292357.756910 4147329.951878 85.974519
292215.949394 4147345.695576 28.999696
292336.446769 4147330.346914 81.418461
292337.889508 4147299.933189 70.573836
292286.380303 4147264.963958 38.719650
292285.045494 4147317.256803 49.161000
292354.056123 4147328.030378 84.633606
292357.843263 4147329.043128 86.000858
292315.533558 4147298.894738 40.975503
292354.051691 4147329.555148 84.752206
292357.897096 4147332.217604 86.166974
292354.051691 4147329.555148 84.752206
292402.051870 4147339.554839 54.919544
292372.890815 4147274.513259 46.816114
292342.677353 4147274.415472 41.326020
292375.048043 4147255.700764 41.069905
292272.213904 4147338.016383 36.751189
292358.147307 4147331.179213 86.163257
292358.148519 4147332.063505 86.259157
292216.278779 4147337.876150 30.010131
292358.173131 4147334.109385 86.424720
292358.220712 4147331.964252 86.281154
292315.300653 4147286.784246 40.557963
292336.450384 4147342.796209 82.069739
292272.280959 4147337.806009 36.621412
292313.252401 4147369.152067 39.974230
292282.086417 4147338.581179 37.772601
292334.150386 4147319.614448 80.719759
292354.163858 4147325.036010 84.513395
292272.365628 4147337.467385 36.661980
292354.163858 4147325.036010 84.513395
292354.207315 4147324.601514 84.495074
292375.897993 4147255.371958 40.469209
292354.258077 4147304.153644 83.388179
292358.555293 4147303.343760 84.681911
292334.340850 4147341.999506 81.905507
292334.126953 4147311.476399 80.246980
292215.837383 4147342.198437 29.534647
292334.190785 4147320.423124 80.731264
292358.574199 4147303.132872 84.710152
292354.210441 4147324.476992 84.485078
292316.435488 4147368.344465 40.703119
292373.641850 4147268.776172 46.749745
292358.423483 4147334.120844 86.549893
292358.424376 4147339.175928 86.814958
292358.434280 4147332.834398 86.534774
292272.469977 4147339.580510 36.442835
292272.469977 4147339.580510 36.442835
292315.490136 4147303.134442 40.978742
292267.135273 4147356.113941 33.625690
292336.362761 4147340.594954 81.925047
292335.598897 4147289.752199 68.811843
292286.089664 4147264.705177 38.718494
292373.847168 4147277.980000 47.492828
292215.720515 4147340.228719 29.640648
292272.668567 4147339.708963 36.516487
292358.748517 4147333.878073 86.628368
292354.310482 4147314.648768 83.980650
292312.279701 4147289.877327 40.529383
292281.556842 4147341.306580 37.586530
292281.556842 4147341.306580 37.586530
292358.978644 4147303.360753 84.851218
292358.978644 4147303.360753 84.851218
292354.335344 4147309.634987 83.693727
292354.335344 4147309.634987 83.693727
292358.902328 4147317.606381 85.803249
292215.606350 4147340.355591 29.626296
292339.791717 4147270.054927 40.416754
292336.154521 4147312.945842 80.468657
292312.087441 4147272.954956 41.369465
292358.849937 4147334.091760 86.774833
292374.191944 4147281.235948 47.908963
292374.327465 4147282.270825 47.674595
292358.928212 4147337.070918 86.899484
292358.926235 4147334.448036 86.806379
292354.335416 4147311.873700 83.869896
292315.668438 4147318.466759 41.284108
292315.668438 4147318.466759 41.284108
292315.401587 4147302.428679 40.946515
292215.222648 4147344.314195 29.139136
292359.009798 4147334.539150 86.817043
292359.071011 4147330.407496 86.563219
292395.692155 4147342.277128 56.041173
292395.692155 4147342.277128 56.041173
292315.229268 4147290.669077 40.815237
292312.378852 4147289.866060 40.488584
292337.784515 4147291.770432 69.014569
292393.515308 4147358.124159 59.776186
292393.515308 4147358.124159 59.776186
292215.207252 4147343.769852 29.207615
292215.115378 4147344.103354 29.148689
292312.373625 4147288.370053 40.332314
292359.292670 4147328.699489 86.536063
292359.292670 4147328.699489 86.536063
292336.256860 4147340.833933 82.002522
292398.497205 4147303.510006 49.001424
292336.256860 4147340.833933 82.002522
292273.001159 4147348.630238 35.868081
292334.423993 4147342.326153 81.931655
292354.357408 4147323.973257 84.495906
292359.420423 4147313.124437 85.714485
292392.679613 4147357.453606 60.121958
292359.303773 4147333.882381 86.890822
292359.303773 4147333.882381 86.890822
292336.136248 4147324.808701 81.127275
292374.765238 4147285.211083 48.285453
292354.367589 4147325.085341 84.604609
292336.094682 4147318.879551 80.769062
292285.917207 4147263.142803 38.798936
292354.419144 4147305.690672 83.558340
292400.422884 4147272.944679 43.901259
292359.602890 4147307.888037 85.424963
292359.602890 4147307.888037 85.424963
292377.455077 4147263.202494 41.567397
292336.204936 4147340.755052 81.951478
292280.866146 4147332.328210 38.118364
292354.448496 4147318.767913 84.264755
292400.202620 4147271.929339 43.750966
292400.202620 4147271.929339 43.750966
292214.789925 4147343.671363 29.131159
292273.472834 4147291.456870 39.070029
292313.571189 4147362.518474 40.145755
292313.571189 4147362.518474 40.145755
292359.611099 4147327.508737 86.583590
292354.417687 4147331.012800 85.012944
292359.745323 4147307.420963 85.500346
292334.245407 4147310.956625 80.221720
292214.674078 4147343.644974 29.162778
292336.146615 4147341.161460 82.040207
292273.621129 4147292.922094 39.072957
292358.101271 4147348.588013 75.836748
292215.020312 4147338.391663 29.829935
292399.591224 4147273.070634 43.820457
292399.591224 4147273.070634 43.820457
292392.438326 4147352.125661 58.322491
292280.583984 4147345.705648 37.188515
292336.121776 4147340.737508 81.951842
292377.467000 4147267.991876 42.816168
292399.269533 4147272.214019 43.734146
292267.915559 4147337.572412 35.789126
292391.974885 4147351.625408 58.504470
292315.499761 4147318.762941 41.203395
292354.553772 4147312.745109 83.967044
292354.553772 4147312.745109 83.967044
292392.447865 4147348.939325 57.395614
292315.214475 4147300.802884 40.906231
292358.128709 4147349.815736 76.023772
292358.128709 4147349.815736 76.023772
292360.040130 4147312.302941 85.868466
292354.601699 4147305.125371 83.528584
292354.601699 4147305.125371 83.528584
292354.530109 4147326.285437 84.750901
292354.610816 4147303.924496 83.467468
292354.581869 4147325.541723 84.642364
292354.581869 4147325.541723 84.642364
292354.558019 4147335.236893 85.223061
292392.666505 4147345.954445 56.178991
292312.518837 4147273.061677 41.302324
292378.341225 4147266.398049 41.771725
292354.645581 4147308.477026 83.731341
292336.053448 4147340.706168 81.903820
292360.153777 4147313.949594 86.020268
292313.849264 4147362.319823 40.462833
292335.879224 4147317.875109 80.659197
292360.188822 4147311.048342 85.890703
292354.637605 4147318.714768 84.324099
292335.837944 4147313.491072 80.508900
292354.625011 4147325.315842 84.649738
292280.172430 4147329.644658 38.260371
292378.343994 4147267.480852 42.133664
292391.269387 4147348.671540 57.830897
292360.243145 4147311.597237 85.901304
292280.092272 4147343.316342 37.392231
292378.082910 4147270.569937 42.969486
292340.051367 4147268.864807 40.292982
292285.599920 4147263.031991 38.917189
292378.537617 4147267.976159 41.894972
292314.938794 4147286.781900 40.514407
292376.087135 4147286.527877 48.295556
292354.683763 4147313.271881 84.017256
292354.664293 4147326.412310 84.695493
292274.123763 4147292.263722 39.041396
292354.618596 4147331.494770 85.053188
292279.940774 4147342.632306 37.298657
292365.042803 4147316.953598 88.217131
292354.618596 4147331.494770 85.053188
292391.559702 4147344.135070 56.311622
292354.646019 4147325.604739 84.713868
292391.029343 4147345.867481 57.203156
292214.404624 4147338.241647 29.813502
292214.404624 4147338.241647 29.813502
292314.920153 4147286.970388 40.604064
292268.214302 4147334.150428 36.187206
292363.656840 4147347.980368 80.000876
292360.291235 4147334.206808 87.306416
292391.855255 4147341.414711 55.035822
292390.865070 4147344.816989 56.828692
292354.696714 4147312.999500 84.048842
292360.376811 4147323.701105 86.698135
292274.264365 4147345.719643 36.563864
292364.756473 4147337.310837 89.443099
292334.368362 4147310.536320 80.238491
292334.368362 4147310.536320 80.238491
292268.143730 4147340.901234 35.554917
292279.714437 4147337.841698 37.565419
292279.714437 4147337.841698 37.565419
292268.143730 4147340.901234 35.554917
292285.451347 4147260.406985 38.877550
292364.739645 4147336.662068 89.357656
292334.400982 4147312.058965 80.286830
292279.200095 4147370.398973 34.235644
292365.230988 4147344.239912 76.791936
292514.736067 4147320.508292 -266.129592
292360.661552 4147313.833395 86.170851
292354.705596 4147324.056145 84.636798
292279.529069 4147337.419014 37.541833
292285.382411 4147260.079812 38.702538
292360.784282 4147312.720225 86.142808
292354.725954 4147326.499871 84.764244
292354.764341 4147313.471747 84.101814
292379.446150 4147271.366892 42.065917
292360.863367 4147310.164382 86.044641
292360.888488 4147310.331482 86.048304
292360.907215 4147310.520970 86.058750
292390.599622 4147340.656375 55.041827
292390.599622 4147340.656375 55.041827
292274.396774 4147350.995055 35.528758
292360.955835 4147314.351436 86.325321
292360.953799 4147313.890605 86.336441
292360.953799 4147313.890605 86.336441
292378.962208 4147276.700894 44.125165
292378.962208 4147276.700894 44.125165
292364.811748 4147315.916077 88.131608
292361.026143 4147314.248996 86.370493
292361.026143 4147314.248996 86.370493
292389.417740 4147341.487428 56.209829
292395.041470 4147274.192480 43.573609
292276.735826 4147328.228655 37.841476
292359.570408 4147292.377293 70.149432
292336.359404 4147345.494877 82.100017
292319.282627 4147315.875232 41.457777
292278.284174 4147332.353352 37.794671
292329.842424 4147326.509599 81.056920
292308.595401 4147354.913483 39.657666
292316.850145 4147316.688119 41.341918
292392.836376 4147273.585926 43.374201
292254.039208 4147287.131621 37.763353
292325.279538 4147321.794625 80.942542
292279.374719 4147370.487367 34.283628
292360.040318 4147332.617156 87.097149
292360.040318 4147332.617156 87.097149
292353.180405 4147324.636049 84.219471
292354.543473 4147308.432660 83.751738
292314.151416 4147285.842910 40.375343
292347.188443 4147309.331359 81.852758
292328.561921 4147336.249693 81.505766
292335.400547 4147275.460255 40.586766
292337.529862 4147303.816874 74.620508
292342.227247 4147297.953820 69.847828
292330.744985 4147320.374255 80.759851
292266.234334 4147351.324794 37.531137
292309.758503 4147288.232211 40.413878
292329.416698 4147338.064191 81.618757
292338.296243 4147313.982332 80.788444
292302.069873 4147315.076035 40.681372
292320.809736 4147283.625751 39.864161
292282.063814 4147352.533574 36.731575
292348.992691 4147257.800798 39.559523
292282.063814 4147352.533574 36.731575
292348.992691 4147257.800798 39.559523
292357.155654 4147347.525738 76.456339
292309.276644 4147358.194603 39.408063
292329.098909 4147326.623155 81.024804
292267.074111 4147357.517161 33.405238
292359.636422 4147328.379612 86.689247
292330.686571 4147341.895367 81.765389
292319.485083 4147304.333308 73.698539
292329.616913 4147335.318697 81.522806
292345.147593 4147321.238901 82.061278
292354.436922 4147313.279840 83.994125
292329.183194 4147342.555822 81.805903
292336.856083 4147341.214730 82.024947
292348.094195 4147304.961246 81.850098
292387.625516 4147285.146423 44.615888
292331.222219 4147334.047832 81.466603
292325.468118 4147260.571839 38.862888
292325.468118 4147260.571839 38.862888
292328.793066 4147355.251851 43.474113
292303.925861 4147315.935573 40.169578
292333.931859 4147319.750975 80.759651
292332.921629 4147332.454691 81.436068
292336.082801 4147310.966779 80.319765
292346.996723 4147297.127196 70.002005
292249.686187 4147330.409991 33.910531
292272.860905 4147349.313648 35.799201
